hostname_length,path_length,double_slash_in_path,is_https,has_ip,subdomain_cnt,suspicious_tokens,has_at,hyphen_count,digit_count,entropy,domain_age_days,ssl_days_left,has_login_form,num_inputs,num_iframes,num_scripts,meta_refresh,suspicious_js,ext_favicon,label_encoded
13,177,0,1,0,1,0,0,0,39,4.761466735247212,-1,-999,0,0,0,0,0,0,0,1
18,47,0,0,0,1,0,0,0,21,4.709390063996874,-1,-999,0,0,0,0,0,0,0,1
50,19,0,0,0,3,2,0,1,9,4.533708106371297,-1,-999,0,0,0,0,0,0,0,1
19,16,0,0,0,1,0,0,0,0,4.0799503875701,-1,-999,0,0,0,0,0,0,0,1
21,58,0,0,0,1,0,0,0,0,4.105370425462037,-1,-999,0,5,1,19,0,0,0,0
46,69,0,1,0,4,2,0,0,24,4.8256262789547515,-1,-999,0,0,0,0,0,0,0,1
15,1,0,1,0,1,0,0,0,0,3.8239348962840563,-1,-999,1,7,1,24,0,0,0,0
18,6,0,0,0,1,0,0,0,6,4.324848729602135,-1,-999,0,0,0,0,0,0,0,1
18,53,0,1,0,1,0,0,0,8,4.752573945088694,-1,-999,0,0,0,5,0,0,0,0
37,203,0,1,0,1,0,0,2,40,5.446143310226562,-1,-999,0,0,0,0,0,0,0,1
28,33,0,0,0,1,0,0,2,0,4.300359260769872,-1,-999,0,0,0,0,0,0,0,0
21,1,0,0,0,1,0,0,0,0,3.7623107361338706,-1,-999,0,0,1,17,0,0,0,0
15,1363,0,0,0,0,2,0,0,269,5.836790370155622,-1,-999,0,0,2,21,0,0,0,1
13,25,0,1,0,1,0,0,0,1,4.0729303049004795,-1,-999,0,0,0,1,1,0,0,0
18,16,0,0,0,0,0,0,0,0,4.122693700152458,-1,-999,0,0,0,0,0,0,0,1
20,5,0,0,0,0,0,0,0,1,4.077819531114783,-1,-999,0,0,0,0,0,0,0,1
31,0,0,0,0,1,0,0,0,0,4.102933434382351,-1,-999,0,2,0,4,1,0,0,1
22,10,0,0,0,1,1,0,0,0,4.143624654426843,-1,-999,0,0,0,0,0,0,0,1
25,13,0,0,0,1,1,0,0,0,4.199876085498173,-1,-999,0,0,0,1,1,0,0,0
22,1,0,1,0,1,0,0,0,0,3.937751955408587,-1,-999,1,27,2,50,0,0,0,0
11,40,0,0,0,1,0,0,0,0,4.358089297546694,-1,-999,0,2,1,3,0,0,0,0
16,118,0,0,0,1,0,0,0,0,4.3317610803925115,-1,-999,0,0,0,2,0,0,0,0
19,19,0,1,0,0,3,0,1,0,4.14999284250735,-1,-999,0,0,0,0,0,0,0,1
14,5,0,0,0,1,0,0,0,0,3.7773627950641693,-1,-999,0,0,0,1,1,0,0,0
16,16,0,1,0,1,0,0,0,0,4.453055907333276,-1,-999,0,0,0,1,0,0,0,0
16,31,0,0,0,1,0,0,0,2,4.291265975503147,-1,-999,0,0,0,3,0,0,0,0
11,1,0,1,0,1,0,0,0,0,3.3464393446710154,-1,-999,1,9,0,14,0,0,0,0
20,34,0,0,0,1,0,0,0,17,4.860504345511341,-1,-999,0,0,0,1,0,0,0,1
27,47,0,0,0,1,0,0,0,22,4.77031069489563,-1,-999,0,0,0,0,0,0,0,1
13,19,0,0,0,0,0,0,1,0,3.9940040656160876,-1,-999,0,6,0,42,0,0,0,1
12,0,0,0,0,0,0,0,0,0,3.8268748818646383,-1,-999,0,0,1,20,0,0,0,0
17,44,0,0,0,1,0,0,0,0,4.3535462553248365,-1,-999,0,1,1,19,0,0,0,0
29,1,0,1,0,2,0,0,1,0,4.115834092163221,-1,-999,0,0,0,1,1,0,0,1
25,27,0,0,0,2,1,0,0,0,4.261477956281426,-1,-999,0,0,0,0,0,0,0,1
11,1,0,1,0,1,0,0,0,0,3.4464393446710155,-1,-999,0,2,0,25,0,0,0,0
42,97,0,1,0,1,0,0,1,9,5.081533965867921,-1,-999,0,5,0,34,0,0,0,1
20,1,0,1,0,1,0,0,0,0,3.788341339656749,-1,-999,0,0,0,1,1,0,0,0
28,145,0,0,0,0,0,1,0,23,4.950994740393935,-1,-999,0,0,0,0,0,0,0,1
29,1,0,1,0,1,0,0,0,0,3.820589856666546,-1,-999,0,11,2,72,0,1,0,0
9,22,0,0,0,0,0,0,0,2,4.5041206053780485,-1,-999,0,0,0,0,0,0,0,1
22,21,0,0,0,1,0,0,1,0,4.081076880026372,-1,-999,0,40,0,41,0,0,0,0
21,17,0,0,0,0,0,0,0,2,4.144537752260994,-1,-999,0,0,0,0,0,0,0,1
14,23,0,0,0,1,0,0,0,7,4.399677289476146,-1,-999,0,3,0,10,0,0,1,0
14,59,0,0,0,1,0,0,0,1,4.130422679111849,-1,-999,0,0,0,2,0,0,0,1
14,69,0,1,0,1,0,0,0,4,4.925804146712546,-1,-999,0,2,3,53,0,0,1,0
17,1,0,1,0,1,0,0,0,0,3.6133373140453076,-1,-999,0,1,0,6,0,0,0,0
22,1,0,0,0,1,0,0,0,6,3.777747162910945,-1,-999,0,0,0,0,0,0,0,1
15,7,0,0,1,0,0,0,0,13,3.9523029776623857,-1,-999,0,0,0,0,0,0,0,1
19,32,0,0,0,1,0,0,0,0,4.366096081110662,-1,-999,0,0,0,0,0,0,0,0
23,19,0,0,0,0,0,0,0,0,4.200746323397978,-1,-999,0,0,0,0,0,0,0,1
14,11,0,0,0,0,0,0,0,6,4.0,-1,-999,0,0,0,0,0,0,0,1
22,11,0,0,0,1,0,0,0,0,3.915957320949175,-1,-999,0,1,1,21,0,0,0,0
15,1,0,1,0,1,0,0,0,0,3.720175521464345,-1,-999,0,21,1,78,0,0,0,0
14,13,0,0,0,1,0,0,0,0,4.160704752887783,-1,-999,0,87,0,30,0,0,0,0
50,68,0,1,0,3,2,0,1,20,4.820097167701742,-1,-999,0,0,0,0,0,0,0,1
31,237,0,0,0,1,1,0,0,92,4.8201347010059425,-1,-999,0,0,0,0,0,0,0,1
22,57,0,0,0,0,0,1,2,0,4.63434088299434,-1,-999,0,0,0,23,0,0,0,1
16,16,0,1,0,1,0,0,0,0,4.112814895472356,-1,-999,0,4,0,5,0,0,0,0
13,38,0,0,0,1,0,0,0,1,4.2348953832755445,-1,-999,0,3,0,4,0,0,0,0
17,66,0,1,0,1,0,0,0,13,5.308197417707827,-1,-999,0,0,0,11,0,0,1,1
28,18,0,0,0,3,0,0,0,9,4.280202417710359,-1,-999,0,0,0,0,0,0,0,1
22,10,0,0,0,1,0,0,0,0,4.192346052629154,-1,-999,0,1,1,21,0,0,0,0
14,26,0,0,0,1,0,0,0,2,4.197685925915566,-1,-999,0,0,0,0,0,0,0,1
11,38,0,0,0,1,0,0,1,0,4.101125010956985,-1,-999,0,0,0,0,0,0,0,1
25,1,0,1,0,1,0,0,1,0,4.13850217929474,-1,-999,0,0,0,0,0,0,0,1
13,46,0,0,0,1,0,0,0,0,4.145905862598639,-1,-999,0,0,0,2,0,0,0,0
13,188,0,1,0,0,1,0,0,76,4.672921240318496,-1,-999,0,20,0,47,0,0,0,1
18,34,0,0,0,1,1,0,0,0,3.9639928887510294,-1,-999,0,0,0,0,0,0,0,0
13,0,0,0,0,0,0,0,0,0,3.684183719779189,-1,-999,0,6,0,26,0,0,1,0
20,20,0,1,0,1,0,0,0,6,4.084147917027245,-1,-999,0,0,0,1,1,0,0,0
20,55,0,0,0,0,0,0,0,1,4.312048157466379,-1,-999,0,0,0,0,0,0,0,1
17,46,0,0,0,0,0,0,0,8,4.590017217489903,-1,-999,0,0,0,1,1,0,0,0
20,1,0,0,0,1,0,0,0,0,3.91379956460568,-1,-999,0,0,0,0,0,0,0,0
16,29,0,0,0,1,0,0,0,10,4.611416824235502,-1,-999,0,27,0,10,0,0,1,1
13,1,0,0,0,1,0,0,0,4,3.6537567082870015,-1,-999,0,0,0,0,0,0,0,1
19,84,0,0,0,1,0,0,0,15,4.624321274270011,-1,-999,1,31,0,21,0,0,0,0
15,140,0,0,0,0,1,0,0,53,4.883567706427526,-1,-999,0,0,0,0,0,0,0,1
17,0,0,0,0,1,0,0,0,0,3.8035088547976783,-1,-999,0,0,0,0,0,0,0,1
16,30,0,1,0,1,0,0,0,0,4.039532122846975,-1,-999,0,4,0,5,0,0,0,0
22,9,0,1,0,1,0,0,0,5,4.131054782742918,-1,-999,0,0,0,0,0,0,0,1
13,66,0,0,0,0,0,0,0,23,4.912682760824492,-1,-999,0,0,0,0,0,0,0,1
15,87,0,0,0,1,0,0,0,14,5.179950823357195,-1,-999,0,0,0,1,0,0,0,1
13,27,0,0,0,0,0,0,0,0,3.993225490289251,-1,-999,0,0,0,0,0,0,0,1
24,45,0,0,0,1,0,0,0,0,4.080781996008532,-1,-999,0,0,0,14,0,0,0,0
20,247,0,0,0,0,2,0,0,101,4.831913819296191,-1,-999,0,0,0,1,0,0,0,1
34,1,0,1,0,1,0,0,0,0,4.080350731889837,-1,-999,0,0,0,0,0,0,0,0
5,12,0,0,0,0,0,0,0,3,3.855388542207534,-1,-999,0,0,0,0,0,0,0,1
20,9,0,1,0,1,0,0,0,0,4.296630730201454,-1,-999,0,5,1,29,0,0,0,0
20,13,0,0,0,1,0,0,0,0,3.949581770147835,-1,-999,0,0,0,8,0,0,0,0
22,11,0,0,0,1,0,0,0,0,4.108694969562842,-1,-999,0,1,1,21,0,0,0,0
16,25,0,1,0,1,0,0,0,0,4.099631661308525,-1,-999,0,0,1,95,0,0,1,0
23,1,0,0,0,1,0,0,0,0,3.977916874693636,-1,-999,0,4,3,16,0,0,0,0
10,12,0,0,0,0,0,0,0,0,3.771437029461126,-1,-999,0,2,1,22,0,0,0,1
14,51,0,0,0,1,0,0,1,2,4.347697786497341,-1,-999,0,0,1,63,0,0,0,0
20,32,0,0,0,1,0,0,0,4,4.440378914958438,-1,-999,0,14,0,93,0,1,1,0
14,22,0,0,0,1,0,0,0,6,4.295353348118594,-1,-999,0,3,0,10,0,0,1,0
21,1,0,0,0,1,0,0,0,2,4.133168925863646,-1,-999,0,0,0,1,0,0,0,1
12,34,0,0,1,0,0,0,0,10,4.47265017129941,-1,-999,0,0,0,0,0,0,0,1
16,46,0,1,0,1,0,0,0,9,4.955869224267572,-1,-999,0,0,0,0,0,0,0,1
17,66,0,0,0,0,0,0,0,8,4.602849102701756,-1,-999,0,0,0,1,1,0,0,0
7,123,0,0,0,0,1,0,0,4,5.245568435580271,-1,-999,0,50,2,41,0,0,1,1
34,52,0,0,0,1,1,0,1,3,4.588027597510516,-1,-999,0,0,0,0,0,0,0,1
17,81,0,0,0,0,0,1,0,0,4.541336616249965,-1,-999,0,0,0,0,0,0,0,1
10,45,0,0,0,0,0,0,0,23,4.621467431627348,-1,-999,0,0,0,0,0,0,0,1
26,1,0,0,0,1,1,0,0,0,3.7045348998193433,-1,-999,0,0,0,11,0,0,1,1
7,1,0,1,0,0,0,0,0,0,3.452819531114783,-1,-999,0,0,0,0,0,0,0,1
27,0,0,0,0,1,0,0,2,0,3.8954238702803154,-1,-999,0,2,0,10,0,0,0,0
19,52,0,0,0,1,0,1,1,6,4.781240559094901,-1,-999,0,0,0,0,0,0,0,1
38,22,0,0,0,1,1,0,0,0,4.414668251441442,-1,-999,0,0,0,0,0,0,0,1
16,0,0,0,0,0,0,0,0,0,4.001822825622231,-1,-999,0,0,0,54,0,0,1,0
19,16,0,0,0,1,0,0,0,0,3.9370932447129565,-1,-999,0,22,0,3,0,0,0,0
18,22,0,0,0,0,0,0,0,0,3.8821769594621527,-1,-999,0,0,0,1,1,0,0,0
16,15,0,0,0,0,0,0,0,0,4.017535737070863,-1,-999,0,0,0,0,0,0,0,1
27,41,0,0,0,1,0,0,0,19,4.676212397510889,-1,-999,0,0,0,0,0,0,0,1
25,1,0,1,0,1,0,0,0,0,3.8780682683455234,-1,-999,0,12,0,29,0,0,0,0
23,0,0,0,0,1,0,0,0,1,3.923231428797621,-1,-999,0,2,0,4,1,0,0,1
16,12,0,1,0,1,0,0,0,0,4.048688113203416,-1,-999,0,4,0,5,0,0,0,0
17,66,0,1,0,1,0,0,0,8,4.490781912082745,-1,-999,0,0,0,1,0,0,0,0
12,26,0,0,0,0,0,0,0,0,4.193933719517082,-1,-999,0,0,0,3,0,0,0,1
32,6,0,0,0,1,1,0,1,1,4.24152726285211,-1,-999,0,0,0,0,0,0,0,1
25,1,0,0,0,0,0,0,0,0,3.876838815934793,-1,-999,0,0,0,6,0,0,0,0
16,9,0,0,0,1,0,0,0,0,3.8195488277869583,-1,-999,0,0,0,0,0,0,0,1
13,1,0,1,0,1,0,0,0,0,3.481714572986073,-1,-999,0,0,0,1,1,0,0,0
43,44,0,0,0,0,0,0,0,0,4.253560262651069,-1,-999,0,0,0,0,0,0,0,1
16,24,0,1,0,1,0,0,0,0,4.2623803454010725,-1,-999,0,4,0,5,0,0,0,0
20,1,0,1,0,1,0,0,0,0,3.9523029776623857,-1,-999,0,0,5,36,0,0,0,0
17,1,0,1,0,1,0,0,0,0,3.7091151984942714,-1,-999,0,0,0,50,0,0,0,0
28,1,0,0,0,2,1,0,1,0,3.964811724074141,-1,-999,0,0,0,0,0,0,0,1
34,1,0,0,0,1,2,0,0,1,4.203837733233674,-1,-999,0,2,0,5,0,0,0,1
32,74,0,0,0,1,0,0,0,31,5.1095817855701515,-1,-999,0,0,0,0,0,0,0,1
17,97,0,1,0,1,0,0,0,40,5.196171571741554,-1,-999,0,0,0,10,0,1,0,1
18,1,0,0,0,1,0,0,1,0,3.8441065448145384,-1,-999,0,0,0,0,0,0,0,0
15,1,0,1,0,1,1,0,0,0,3.6572682296173893,-1,-999,0,0,0,21,0,0,0,0
13,1,0,1,0,1,0,0,0,2,3.6635327548042547,-1,-999,0,1,1,23,0,0,1,0
6,0,0,0,0,0,0,0,0,1,3.238901256602631,-1,-999,1,2,0,4,0,0,0,0
14,12,0,1,0,1,0,0,0,0,3.8221819586428727,-1,-999,0,6,0,9,0,0,0,0
16,49,0,0,0,1,0,0,0,7,4.449584947789981,-1,-999,1,52,0,37,0,0,0,0
25,20,0,0,0,0,0,0,0,0,4.064024642568,-1,-999,0,0,0,0,0,0,0,1
25,23,0,0,0,1,0,0,2,0,4.231207332321362,-1,-999,0,0,3,27,0,1,0,0
18,31,0,0,0,1,0,0,0,6,4.687552952495544,-1,-999,0,0,0,0,0,0,0,0
24,1,0,0,0,3,0,0,0,0,4.015319531114783,-1,-999,0,0,0,1,0,0,0,1
11,28,0,0,0,0,0,0,0,7,4.466405641207215,-1,-999,0,0,0,0,0,0,0,1
14,5,0,0,0,1,0,0,0,0,3.5944825065194204,-1,-999,0,0,0,0,0,0,0,1
14,78,0,0,0,1,0,0,0,17,4.82814677205131,-1,-999,0,0,0,0,0,0,0,0
49,13,0,1,0,3,0,0,2,17,4.541634046805434,-1,-999,0,0,0,0,0,0,0,1
16,25,0,1,0,1,0,0,0,0,4.354007037771997,-1,-999,0,4,0,5,0,0,0,0
17,61,0,1,0,1,0,1,0,8,5.028476254171009,-1,-999,0,0,0,0,0,0,0,1
28,37,0,0,0,1,3,0,0,0,4.376736163097807,-1,-999,0,0,0,0,0,0,0,1
27,29,0,0,0,1,0,0,0,6,4.489206812994291,-1,-999,0,3,0,14,0,0,0,0
24,29,0,0,0,1,0,0,1,10,4.690328621280336,-1,-999,0,0,0,0,0,0,0,1
18,18,0,1,0,1,0,0,0,0,3.8681586088417634,-1,-999,0,2,0,11,0,0,0,0
28,7,0,0,0,0,0,0,0,0,3.749609840405166,-1,-999,0,0,0,0,0,0,0,1
16,38,0,0,0,0,0,0,0,0,4.354426224146147,-1,-999,0,0,0,0,0,0,0,1
11,56,0,1,0,0,0,0,0,8,4.773121731966099,-1,-999,0,0,0,0,0,0,0,0
24,65,0,0,0,1,0,0,0,14,4.571520773344194,-1,-999,0,0,0,1,1,0,0,0
20,65,0,0,0,0,0,0,0,12,4.755669737312679,-1,-999,0,0,0,0,0,0,0,1
16,1,0,0,0,1,0,0,0,0,3.855388542207534,-1,-999,0,0,0,0,0,0,0,0
12,12,0,0,0,1,0,0,0,4,3.8890495359141695,-1,-999,0,0,0,0,0,0,0,0
15,0,0,0,0,1,0,0,0,0,3.6635327548042547,-1,-999,0,0,1,14,0,0,1,0
30,1,0,0,0,2,0,0,1,4,4.391892644680933,-1,-999,0,0,0,0,0,0,0,1
12,1,0,1,0,1,0,0,0,0,3.463280517810811,-1,-999,0,0,1,42,0,0,0,0
29,1,0,1,0,1,0,0,0,0,4.040709013945501,-1,-999,0,16,1,26,0,0,1,0
15,0,0,0,0,1,0,0,0,0,3.6412498004554794,-1,-999,0,0,0,0,0,0,0,1
14,0,0,0,0,0,0,0,0,0,3.558518613048906,-1,-999,0,0,0,0,0,0,0,0
21,15,0,0,0,1,0,0,0,0,3.9414165818657185,-1,-999,0,0,0,0,0,0,0,1
23,29,0,0,0,1,0,0,0,4,4.2706159923990565,-1,-999,0,17,0,10,0,0,0,0
18,1,0,0,0,1,0,0,0,0,3.8441065448145384,-1,-999,0,0,0,2,1,0,0,0
27,8,0,0,0,1,0,0,1,0,4.257319115016275,-1,-999,0,0,0,0,0,0,0,1
21,49,0,0,0,1,0,0,0,1,4.227155698218787,-1,-999,0,0,0,0,0,0,0,1
36,21,0,0,0,0,0,0,0,0,4.15599980576557,-1,-999,0,0,1,9,0,0,0,1
24,113,0,0,0,0,0,0,0,30,4.643023723115385,-1,-999,0,0,0,0,0,0,0,1
11,0,0,0,0,1,0,0,0,0,3.5032583347756456,-1,-999,0,0,0,0,0,0,0,1
24,0,0,0,0,1,0,0,0,0,3.953565664946428,-1,-999,0,6,0,88,0,0,0,0
30,1,0,1,0,1,0,0,0,0,4.04106055186274,-1,-999,0,19,19,23,0,0,1,0
14,20,0,0,0,1,0,0,0,0,4.173909931130747,-1,-999,0,21,1,16,0,0,0,0
17,28,0,0,0,1,0,0,0,0,4.117003248378835,-1,-999,0,0,1,33,0,0,0,0
18,35,0,1,0,1,0,0,1,0,4.1898058310319435,-1,-999,0,0,0,0,0,0,0,0
19,1,0,1,0,1,0,0,0,0,3.869331261111518,-1,-999,0,6,0,43,0,0,0,0
23,1,0,1,0,1,0,0,0,0,3.952819531114783,-1,-999,0,0,3,35,0,0,1,0
14,16,0,1,0,1,0,0,0,0,4.0959686315799715,-1,-999,0,1,0,6,0,0,0,0
21,0,0,1,0,1,0,0,1,0,3.9093680639438846,-1,-999,0,2,0,27,0,0,0,0
16,0,0,0,0,1,0,0,1,0,3.9690016298759927,-1,-999,0,0,0,8,0,0,0,0
19,1,0,1,0,1,0,0,0,0,3.6959472263874704,-1,-999,1,16,0,43,0,0,1,0
17,27,0,0,0,2,0,0,0,0,4.248323567793247,-1,-999,0,0,0,0,0,0,0,0
18,81,0,0,0,1,1,0,0,16,4.679347847222519,-1,-999,0,11,0,57,0,0,0,1
17,30,0,0,0,1,0,0,0,0,4.272681946287399,-1,-999,0,0,0,7,0,0,0,0
15,39,0,0,0,1,0,0,0,0,4.253053789568831,-1,-999,0,1,2,28,0,0,0,0
20,1,0,1,0,1,0,0,0,0,3.8278326164749097,-1,-999,0,4,0,25,0,0,0,0
16,18,0,0,0,1,0,0,0,0,3.9579403464411533,-1,-999,0,1,0,9,0,0,1,1
19,80,0,0,0,1,0,0,0,23,4.67283882895938,-1,-999,0,0,0,0,0,0,0,1
16,33,0,1,0,1,0,0,0,0,4.313079654812274,-1,-999,0,4,0,4,0,0,0,0
23,1,0,1,0,1,0,0,0,3,4.015319531114783,-1,-999,0,2,0,4,0,0,0,1
23,79,0,0,0,1,0,0,0,4,4.6388073012178275,-1,-999,0,0,0,0,0,0,0,1
26,81,0,1,0,1,0,0,0,8,5.217876689732121,-1,-999,0,5,0,34,0,0,0,1
15,19,0,0,0,0,0,0,1,10,4.210733711724087,-1,-999,0,2,0,21,0,0,0,0
35,29,0,0,0,1,1,0,1,6,4.481047655912358,-1,-999,0,0,0,0,0,0,0,1
15,15,0,0,0,0,0,0,0,0,3.9288026092707296,-1,-999,0,0,0,0,0,0,0,0
15,1,0,0,0,1,0,0,1,0,3.675310868912364,-1,-999,0,0,0,27,0,0,0,0
19,57,0,0,0,1,2,0,0,0,4.182336455497417,-1,-999,0,0,0,0,0,0,0,1
21,18,0,0,0,1,0,0,0,2,4.180639401474028,-1,-999,0,0,0,0,0,0,0,1
32,19,0,0,0,1,0,0,0,0,4.345073995785254,-1,-999,0,0,0,8,0,0,0,1
23,47,0,0,0,0,0,0,0,21,4.721413573685928,-1,-999,0,0,0,0,0,0,0,1
9,0,0,0,0,0,0,0,0,0,3.327819531114783,-1,-999,0,0,0,1,1,0,0,0
15,27,0,1,0,1,0,0,0,6,4.319079570624175,-1,-999,0,0,0,6,0,0,0,0
11,60,0,0,0,0,0,0,0,6,4.605819159728779,-1,-999,0,0,0,0,0,0,0,1
23,426,0,1,0,1,0,0,0,187,4.516142334117862,-1,-999,0,0,1,1,0,0,0,1
28,34,0,0,0,1,0,0,0,3,4.465044885528059,-1,-999,0,7,0,16,0,0,0,0
20,1,0,1,0,1,0,0,0,0,3.7848977027564086,-1,-999,0,2,0,37,0,0,1,0
14,30,0,1,0,0,0,0,0,3,4.380647593466271,-1,-999,0,0,0,0,0,0,0,1
19,10,0,1,0,0,0,0,0,0,4.020264176439761,-1,-999,0,0,0,0,0,0,0,1
22,48,0,1,0,1,0,0,0,6,4.48047698294543,-1,-999,0,0,0,6,0,0,0,0
14,4,0,0,0,1,0,0,0,0,3.623465189601647,-1,-999,0,0,0,0,0,0,0,1
16,50,0,0,0,1,0,0,0,6,4.405730984119367,-1,-999,0,8,2,32,0,0,0,0
25,64,0,1,0,1,0,0,0,6,4.499679756272509,-1,-999,1,32,2,32,0,0,0,0
9,19,0,0,0,0,0,0,0,2,3.9760107890421015,-1,-999,0,0,0,33,0,0,0,0
16,80,0,1,0,1,2,0,1,5,4.57751502197271,-1,-999,0,2,0,8,0,0,0,1
39,29,0,0,0,2,1,0,1,6,4.548986198237455,-1,-999,0,0,0,0,0,0,0,1
16,96,0,0,0,1,0,0,0,4,4.748974591925935,-1,-999,0,0,0,0,0,0,0,0
16,4,0,0,0,1,0,0,0,0,3.5137847242254336,-1,-999,0,1,1,18,0,0,0,0
23,47,0,0,0,0,0,0,0,16,4.593175872634926,-1,-999,0,0,0,0,0,0,0,1
14,27,0,1,0,1,0,0,0,0,4.130443396090707,-1,-999,0,0,0,0,0,0,0,0
12,26,0,0,0,0,0,0,0,0,4.233426641149882,-1,-999,0,0,0,13,0,0,0,0
28,14,0,0,0,0,0,0,0,0,3.7405813967317947,-1,-999,0,0,0,0,0,0,0,1
14,22,0,0,0,1,0,0,0,6,4.34186497602557,-1,-999,0,3,0,10,0,0,1,0
20,1,0,0,0,1,0,0,0,0,3.815410725242699,-1,-999,0,0,0,5,0,0,0,0
20,25,0,0,0,1,0,0,0,2,4.223632265843569,-1,-999,0,0,0,0,0,0,0,0
17,40,0,0,0,1,0,0,0,0,4.347274413893479,-1,-999,0,0,0,3,0,0,0,1
42,19,0,0,0,3,2,0,0,9,4.526975577449535,-1,-999,0,0,0,0,0,0,0,1
32,37,0,0,0,1,1,0,0,0,4.275475831299714,-1,-999,0,0,0,0,0,0,0,1
18,1,0,1,0,1,0,0,0,0,3.7080481500712312,-1,-999,0,0,1,12,0,0,0,0
46,69,0,1,0,4,2,0,0,19,4.820062118181423,-1,-999,0,0,0,0,0,0,0,1
16,123,0,1,0,1,1,0,0,32,5.447317742476547,-1,-999,0,18,0,79,0,0,0,1
81,1,0,0,0,7,2,0,1,22,4.689107241183314,-1,-999,0,0,0,0,0,0,0,1
19,32,0,0,0,1,0,0,0,0,4.293683626279563,-1,-999,0,0,0,1,1,0,0,0
36,9,0,1,0,1,1,0,3,0,4.520238715810559,-1,-999,0,0,0,1,0,0,0,1
17,7,0,1,0,0,0,0,0,0,4.226409765557392,-1,-999,0,6,0,45,0,0,0,1
25,0,0,1,0,1,0,0,1,1,4.392582755590971,-1,-999,0,2,0,5,0,0,0,1
16,4,0,0,0,0,0,0,1,0,3.86599861327458,-1,-999,0,0,0,0,0,0,0,1
39,28,0,0,0,2,1,0,1,6,4.555699359616178,-1,-999,0,0,0,0,0,0,0,1
25,7,0,0,0,1,1,0,0,0,4.070425860265988,-1,-999,0,0,0,1,1,0,0,0
20,0,0,1,0,1,0,0,0,0,3.9677201004744993,-1,-999,0,0,0,25,0,0,0,0
33,0,0,0,0,1,0,0,1,8,4.53418371977919,-1,-999,0,0,4,12,0,0,0,0
16,32,0,0,0,1,0,0,1,14,4.4921988418478795,-1,-999,0,0,0,1,0,0,0,1
54,20,0,0,0,4,2,0,1,12,4.608308726483007,-1,-999,0,0,0,0,0,0,0,1
13,11,0,1,0,0,0,0,0,0,3.8789280318460246,-1,-999,0,20,0,47,0,0,0,1
50,68,0,1,0,3,2,0,1,26,4.85621800630902,-1,-999,0,0,0,0,0,0,0,1
33,33,0,0,0,1,0,0,0,2,4.385756848415242,-1,-999,0,0,0,0,0,0,0,1
22,39,0,0,0,1,0,0,0,4,4.324410319937515,-1,-999,0,4,0,37,0,0,1,0
15,5,0,0,0,1,0,0,0,2,3.661932872373582,-1,-999,0,0,0,0,0,0,0,1
22,171,0,0,0,0,1,0,0,84,4.8495599760030395,-1,-999,0,0,0,0,0,0,0,1
21,28,0,1,0,1,0,0,0,6,4.574142541149752,-1,-999,0,0,0,5,0,0,0,0
16,25,0,1,0,1,0,0,0,0,4.104178978176361,-1,-999,0,4,0,5,0,0,0,0
17,1,0,0,0,1,0,0,0,0,3.8634651896016474,-1,-999,0,3,0,50,0,0,0,0
54,67,0,0,0,4,2,0,1,22,4.756566909106456,-1,-999,0,0,0,0,0,0,0,1
40,10,0,0,0,3,1,0,2,3,4.24800060315356,-1,-999,0,0,0,0,0,0,0,1
50,68,0,0,0,3,2,0,1,19,4.669524758787853,-1,-999,0,0,0,0,0,0,0,1
34,68,0,1,0,2,0,0,0,6,4.3354173537269745,-1,-999,0,0,0,0,0,0,0,0
24,81,0,0,0,1,0,0,0,18,5.2535168519992705,-1,-999,0,0,0,0,1,0,0,1
27,1,0,0,0,1,1,0,0,0,4.028445159431229,-1,-999,0,0,0,0,0,0,0,1
12,42,0,0,0,1,0,0,0,7,4.6046086000287705,-1,-999,0,0,0,1,1,0,0,0
23,1,0,0,0,1,0,0,0,0,4.17146526179041,-1,-999,0,0,0,7,0,0,0,0
20,29,0,0,0,1,0,0,0,6,4.4055068244858555,-1,-999,0,0,0,6,0,0,1,0
50,67,0,1,0,3,2,0,1,16,4.7510932154698935,-1,-999,0,0,0,0,0,0,0,1
50,69,0,0,0,3,2,0,1,21,4.784614983239722,-1,-999,0,0,0,0,0,0,0,1
11,1,0,0,0,1,0,0,0,3,3.576617644908666,-1,-999,0,0,0,0,0,0,0,1
17,20,0,0,0,1,0,0,0,8,4.416833823616225,-1,-999,0,0,0,0,0,0,0,0
14,66,0,1,0,1,0,0,0,8,4.670134892428194,-1,-999,0,4,0,82,0,0,0,0
10,30,0,0,0,0,0,0,1,19,4.402695968966624,-1,-999,0,0,0,0,0,0,0,1
25,20,0,0,0,1,0,0,2,15,4.39199548703902,-1,-999,0,0,0,0,0,0,0,1
28,1,0,1,0,1,0,0,0,0,4.131769501279566,-1,-999,0,11,0,134,0,0,1,0
13,10,0,0,0,0,0,0,0,0,3.707751647240616,-1,-999,0,0,0,0,0,0,0,1
21,1,0,1,0,1,0,0,0,0,3.7232314287976207,-1,-999,0,2,0,58,0,0,1,0
19,35,0,0,0,1,0,0,0,4,4.501864231682064,-1,-999,0,0,0,0,0,0,0,1
19,32,0,0,0,0,0,0,0,1,4.259785321194817,-1,-999,0,0,0,0,0,0,0,1
14,1,0,1,0,0,0,0,0,3,3.986187965046303,-1,-999,0,0,0,0,0,0,0,0
13,1,0,1,0,1,0,0,0,0,3.7544418457133455,-1,-999,0,10,0,74,0,0,1,0
36,23,0,1,0,1,1,0,0,0,4.4109570562849205,-1,-999,0,2,1,10,0,0,1,0
13,1,0,1,0,1,0,0,0,0,3.5039975273348483,-1,-999,0,0,2,46,0,0,0,0
23,1,0,1,0,1,0,0,0,0,3.8164280318460246,-1,-999,0,2,0,19,0,0,1,0
17,28,0,0,0,1,0,0,0,0,4.173018141886851,-1,-999,0,0,0,0,0,0,0,0
51,1,0,1,0,1,1,0,0,0,4.244413829577612,-1,-999,0,0,0,28,0,0,0,0
38,11,0,1,0,3,0,0,2,6,4.400455970449925,-1,-999,0,0,0,0,0,0,0,1
13,0,0,1,0,1,0,0,0,0,3.7849418274376427,-1,-999,0,0,0,0,0,0,0,1
24,70,0,0,0,1,0,0,0,4,4.483314573409473,-1,-999,0,3,0,57,0,0,0,0
18,22,0,0,0,1,0,0,0,4,4.381328385912462,-1,-999,0,1,0,29,0,0,1,1
12,59,0,0,0,1,0,0,0,7,4.570471213825608,-1,-999,0,0,0,1,1,0,0,0
50,16,0,0,0,1,0,0,1,18,4.718590443588816,-1,-999,0,0,0,0,0,0,0,1
20,37,0,0,0,1,0,0,0,0,4.294758938909887,-1,-999,0,0,0,0,0,0,0,1
24,23,0,0,0,1,0,0,1,0,4.018027318055675,-1,-999,0,1,1,16,0,0,1,0
33,38,0,1,0,3,0,1,2,8,4.7278900514789655,-1,-999,0,0,0,0,0,0,0,1
18,59,0,0,0,1,0,0,0,8,4.681715226686963,-1,-999,0,8,1,41,0,0,0,0
15,28,0,1,0,1,0,0,0,7,4.336367195159386,-1,-999,0,0,0,1,0,0,0,0
26,49,0,0,0,0,0,0,0,0,4.414356042104496,-1,-999,0,0,0,0,0,0,0,1
10,1,0,0,0,0,0,0,0,0,3.4193819456463714,-1,-999,0,0,0,11,0,0,0,0
54,67,0,0,0,4,2,0,1,12,4.620237328690092,-1,-999,0,0,0,0,0,0,0,1
14,12,0,1,0,1,0,0,0,0,3.9620315910594455,-1,-999,0,0,0,1,0,0,0,0
10,1,0,1,0,0,0,0,0,0,3.6818808028034034,-1,-999,0,2,1,7,0,0,0,0
41,14,0,0,0,1,2,0,2,0,4.145503318654333,-1,-999,0,0,0,0,0,0,0,1
14,19,0,0,0,0,0,0,0,1,4.704993772857999,-1,-999,0,0,0,0,0,0,0,0
16,107,0,1,0,1,0,0,0,13,5.626230365469217,-1,-999,0,0,0,13,0,0,0,1
8,14,0,0,0,0,0,0,0,1,4.0472990984266435,-1,-999,0,0,0,0,0,0,0,1
27,1,0,1,0,1,0,0,1,0,4.023141320466082,-1,-999,0,0,0,0,0,0,0,1
11,1,0,1,0,1,0,0,0,0,3.408694969562842,-1,-999,0,15,0,6,0,0,0,0
24,1,0,0,0,1,0,0,0,0,3.9292292966721747,-1,-999,0,5,0,8,0,0,0,0
35,0,0,0,0,1,0,0,0,0,4.127569435189147,-1,-999,0,2,0,4,0,0,0,1
15,69,0,0,1,0,1,0,0,12,4.48840322928817,-1,-999,0,0,0,0,0,0,0,1
24,1,0,1,0,1,0,0,2,0,3.8966879684212654,-1,-999,0,2,0,40,0,0,0,0
18,6,0,1,0,1,0,0,0,0,3.777518266288633,-1,-999,0,0,0,29,0,0,0,0
36,1,0,0,0,1,1,0,2,0,3.8742360285951514,-1,-999,0,0,0,0,0,0,0,1
18,86,0,0,0,0,1,0,0,0,4.4559361740541075,-1,-999,0,2,1,33,0,0,0,1
17,5,0,0,0,0,0,0,0,0,3.7024715122197467,-1,-999,0,2,0,33,0,0,0,1
18,14,0,0,0,0,1,0,0,0,3.974647975817024,-1,-999,0,0,0,1,0,0,0,1
17,1,0,1,0,1,0,0,0,0,3.6714055834424975,-1,-999,0,0,0,4,0,0,0,0
15,52,0,0,0,1,0,0,0,20,4.998101856845239,-1,-999,0,0,0,1,0,0,0,1
30,1,0,1,0,1,0,0,0,0,4.04106055186274,-1,-999,0,17,0,6,0,0,0,0
24,1,0,0,0,1,0,0,0,0,3.902518266288633,-1,-999,0,0,0,4,0,0,0,0
14,1,0,1,0,1,0,0,0,0,3.8492239123906247,-1,-999,0,0,0,19,0,0,0,0
24,17,0,0,0,1,0,0,0,2,4.183208073322318,-1,-999,0,0,0,0,0,0,0,1
50,19,0,0,0,3,2,0,1,10,4.48239054676748,-1,-999,0,0,0,0,0,0,0,1
28,1,0,0,0,1,0,0,0,0,4.141604167868594,-1,-999,0,0,0,0,0,0,0,0
17,21,0,1,0,1,0,0,0,0,4.351837255656769,-1,-999,0,0,0,5,1,1,0,1
16,34,0,0,0,1,0,0,0,2,4.279463041463263,-1,-999,0,0,0,4,0,0,0,0
16,18,0,0,0,1,0,0,0,7,4.326706577630513,-1,-999,0,0,0,10,0,0,0,0
21,11,0,1,0,0,0,0,0,2,4.215311532225103,-1,-999,0,0,0,0,0,0,0,1
30,23,0,1,0,3,0,0,0,2,4.084094666840031,-1,-999,0,0,0,0,0,0,0,1
15,1,0,1,0,1,0,0,0,0,3.6572682296173893,-1,-999,0,0,0,0,0,0,0,0
14,23,0,0,0,0,0,0,0,0,4.262362653567818,-1,-999,0,0,0,0,0,0,0,1
17,34,0,1,0,1,0,0,0,0,4.211399677596964,-1,-999,0,18,0,51,0,0,0,0
20,45,0,1,0,1,0,0,0,25,4.799943061253299,-1,-999,0,0,0,0,0,0,0,1
20,1,0,0,0,1,0,0,0,0,3.5836169753972325,-1,-999,0,0,0,0,0,0,0,0
26,1,0,1,0,3,0,0,0,2,3.9760107890421015,-1,-999,0,0,0,0,0,0,0,1
18,75,0,0,0,1,1,0,0,23,4.784240136070535,-1,-999,0,0,0,0,0,0,0,1
25,1,0,1,0,3,0,1,0,3,4.113834074602287,-1,-999,0,0,0,0,0,0,0,1
21,1,0,1,0,1,0,0,0,0,4.0062389286533895,-1,-999,0,0,0,14,0,0,0,0
14,113,0,0,0,1,0,1,0,46,4.964692972572057,-1,-999,0,7,0,18,0,0,0,1
23,11,0,1,0,1,0,0,0,1,4.118890197651045,-1,-999,0,0,2,50,0,0,1,1
12,37,0,0,0,0,0,0,0,5,4.425496386606637,-1,-999,0,0,0,0,0,0,0,1
22,196,0,1,0,1,2,0,0,72,4.842255442258727,-1,-999,0,0,0,0,0,0,0,1
50,68,0,1,0,3,2,0,1,16,4.726665174140124,-1,-999,0,0,0,0,0,0,0,1
14,28,0,1,0,1,0,0,0,5,4.395574058074168,-1,-999,0,1,0,3,0,0,1,0
25,29,1,0,0,1,0,0,0,0,4.22327868316254,-1,-999,0,0,0,0,0,0,0,1
27,26,0,0,0,1,0,0,0,4,4.415491538019118,-1,-999,0,5,0,14,0,0,0,0
26,10,0,1,0,0,0,0,0,0,4.0411673460484785,-1,-999,0,0,0,0,0,0,0,1
20,1,0,1,0,1,0,0,0,0,3.9523029776623857,-1,-999,0,0,0,0,0,0,0,0
19,1,0,0,0,1,0,0,0,0,4.032303242743953,-1,-999,0,0,0,0,0,0,0,0
24,20,0,0,0,1,0,0,0,0,4.217899666140436,-1,-999,0,0,2,10,0,0,0,0
16,59,0,1,0,1,0,0,0,12,4.4978531376984385,-1,-999,0,3,0,30,0,0,0,0
17,19,0,0,0,1,1,0,1,0,3.9498939766703764,-1,-999,0,0,0,0,0,0,0,1
22,32,0,0,0,0,0,0,1,6,4.451412239898501,-1,-999,0,15,0,12,0,0,0,1
18,1,0,1,0,1,0,0,1,0,4.032303242743953,-1,-999,0,0,0,0,0,0,0,1
18,1,0,0,0,1,0,0,0,0,3.8441065448145384,-1,-999,0,0,0,60,0,0,0,0
12,24,0,0,0,0,0,0,0,0,4.146740335896194,-1,-999,0,0,0,0,0,0,0,1
14,36,0,1,0,1,0,0,0,8,4.894630943732276,-1,-999,0,1,1,28,0,1,1,0
20,55,0,1,0,1,0,0,0,0,4.227442206004783,-1,-999,0,0,0,82,0,0,0,0
21,22,0,0,0,1,0,0,0,4,4.214177320667444,-1,-999,0,0,0,0,0,0,0,1
15,21,0,0,0,1,0,0,0,0,4.20233009230464,-1,-999,0,3,1,151,0,0,0,0
26,19,0,0,0,2,0,0,0,0,3.8709122583378757,-1,-999,0,0,0,0,0,0,0,0
17,73,0,1,0,1,0,0,0,0,4.3412386111303585,-1,-999,0,0,0,0,0,0,0,1
25,99,0,1,0,1,0,0,1,9,5.4993283732260645,-1,-999,0,0,0,25,0,0,0,1
17,61,0,1,0,1,0,1,0,8,5.004636783812997,-1,-999,0,0,0,0,0,0,0,1
14,49,0,0,0,0,0,0,0,13,4.893993380123393,-1,-999,0,0,0,1,0,0,0,1
17,36,0,0,0,1,0,0,0,0,4.387966797112398,-1,-999,0,1,1,19,0,0,0,0
20,0,0,0,0,1,0,0,0,0,3.9582291686698783,-1,-999,0,0,0,0,0,0,0,0
15,59,0,0,0,1,0,0,0,23,4.850118021398225,-1,-999,1,9,0,16,0,0,0,1
22,1,0,1,0,1,0,0,0,0,3.8213119401041737,-1,-999,0,0,0,1,0,0,0,1
35,15,0,0,0,1,1,0,0,1,4.236508988556128,-1,-999,0,0,0,1,1,0,0,0
22,53,0,0,0,1,0,0,0,7,4.404757536697861,-1,-999,0,0,0,0,0,0,0,1
50,68,0,1,0,3,2,0,1,23,4.815303097942332,-1,-999,0,0,0,0,0,0,0,1
14,1,0,1,0,1,0,0,0,0,3.7081320646586016,-1,-999,0,0,1,8,0,0,0,0
20,22,0,1,0,1,0,0,0,0,3.9897917016899718,-1,-999,0,0,0,1,1,0,0,0
17,1,0,0,0,1,0,0,0,0,3.5132696895151088,-1,-999,0,0,0,0,0,0,0,0
13,25,0,0,0,1,0,0,0,0,4.354936219469005,-1,-999,0,0,0,0,0,0,0,0
18,0,0,0,0,1,0,0,0,0,3.6732696895151085,-1,-999,0,0,0,0,0,0,0,1
24,12,0,0,0,1,0,0,0,4,4.547789463752857,-1,-999,0,0,0,0,0,0,0,1
37,26,0,1,0,3,0,1,2,6,4.653789381355885,-1,-999,0,0,0,0,0,0,0,1
16,37,0,1,0,1,0,0,0,0,4.283139084054397,-1,-999,1,55,0,4,0,0,1,0
13,26,0,0,0,0,1,0,0,3,4.368792054344758,-1,-999,0,0,0,0,1,0,0,1
20,62,0,0,0,0,0,0,0,0,4.256193476992518,-1,-999,0,0,0,0,0,0,0,1
17,46,0,0,0,1,0,0,0,0,4.248357975191423,-1,-999,0,2,1,22,0,1,1,0
15,4,0,0,0,0,0,0,0,0,3.825251737288651,-1,-999,0,0,0,1,0,0,0,1
19,14,0,0,0,1,0,0,0,0,4.293942707918269,-1,-999,0,0,0,0,0,0,0,0
25,17,0,0,0,0,1,0,0,0,4.142486058657706,-1,-999,0,0,0,0,0,0,0,1
23,20,0,0,0,1,0,0,0,1,4.281076880026372,-1,-999,0,0,0,0,0,0,0,1
33,1,0,0,0,1,0,0,1,3,4.0251327245427015,-1,-999,0,0,0,0,0,0,0,1
16,29,0,0,0,1,0,0,0,10,4.426616045880948,-1,-999,0,0,0,0,0,0,0,1
21,1,0,1,0,1,0,0,0,0,3.939572261986723,-1,-999,0,0,1,3,0,0,1,0
23,47,0,0,0,0,0,0,0,22,4.736286911708352,-1,-999,0,0,0,0,0,0,0,1
22,38,0,0,0,1,0,0,0,0,4.237678840248551,-1,-999,0,0,0,0,0,0,0,0
25,201,0,0,0,1,1,0,0,85,4.869154036023013,-1,-999,0,0,0,0,0,0,0,1
24,1,0,0,0,1,0,0,0,0,3.8042292966721747,-1,-999,0,26,0,64,0,0,0,0
15,232,0,1,0,0,0,0,0,167,4.039226436331808,-1,-999,0,0,0,0,0,0,0,1
5,12,0,0,0,0,0,0,0,3,4.0220552088742005,-1,-999,0,0,0,0,0,0,0,1
15,1,0,1,0,1,0,0,0,0,3.688721875540867,-1,-999,0,3,0,4,0,0,0,0
26,31,0,0,0,1,0,0,0,0,4.19868417945087,-1,-999,0,0,0,23,0,0,0,1
42,67,0,0,0,3,2,0,0,22,4.774002382855329,-1,-999,0,0,0,0,0,0,0,1
12,0,0,1,0,1,0,0,0,0,3.584183719779189,-1,-999,0,2,1,29,0,0,0,0
18,1,0,1,0,1,0,0,1,1,3.902311575917029,-1,-999,0,0,0,0,0,0,0,1
22,1,0,1,0,1,0,0,0,0,4.018081793978686,-1,-999,0,0,0,0,0,0,0,0
21,1,0,0,0,1,0,0,0,0,3.8573068568981284,-1,-999,0,0,0,0,0,0,0,1
19,37,0,1,0,1,0,0,0,0,4.21632847002467,-1,-999,0,11,0,18,0,0,0,0
11,27,0,0,0,0,0,0,0,0,4.352203929326469,-1,-999,0,0,0,1,0,0,0,0
17,16,0,1,0,0,0,0,0,0,4.0251327245427015,-1,-999,0,0,0,0,0,0,0,1
18,39,0,1,0,1,0,0,0,0,4.3283195985906895,-1,-999,0,2,1,39,0,0,1,0
19,9,0,0,0,1,0,0,1,0,3.95729587384057,-1,-999,0,0,1,10,0,0,0,0
26,21,0,0,0,1,0,0,0,1,4.017599770161152,-1,-999,0,0,0,0,0,0,0,0
18,26,0,0,0,1,0,0,0,0,4.4296002834371,-1,-999,0,0,0,0,0,0,0,0
17,1,0,0,0,1,0,0,0,0,3.8936606896881862,-1,-999,0,0,0,18,0,0,1,0
12,9,0,0,0,1,0,0,0,1,4.012188403968661,-1,-999,0,0,0,0,0,0,0,1
18,20,0,1,0,1,0,0,0,1,4.224117662343593,-1,-999,0,13,0,13,0,0,0,0
12,1,0,1,0,1,0,0,0,0,3.558518613048906,-1,-999,0,0,0,0,0,0,0,0
23,47,0,0,0,0,0,0,0,20,4.63188301537968,-1,-999,0,0,0,0,0,0,0,1
16,1,0,1,0,1,0,0,0,0,3.593269689515109,-1,-999,0,24,1,106,0,0,0,0
22,0,0,0,0,1,0,0,0,0,3.8664331502253835,-1,-999,0,0,0,0,0,0,0,1
7,8,0,1,0,0,0,0,0,1,3.795088586397732,-1,-999,0,0,0,6,0,0,0,1
26,16,0,0,0,1,0,0,0,0,4.254930446501112,-1,-999,0,4,0,10,0,0,0,0
13,10,0,0,1,0,0,0,0,14,3.978864088188098,-1,-999,0,0,0,0,0,0,0,1
11,83,0,0,0,0,0,0,0,23,5.118220830240158,-1,-999,0,0,0,1,0,0,0,1
19,21,0,1,0,1,0,0,0,0,4.097794209361695,-1,-999,0,4,0,46,0,0,0,1
22,4,0,0,0,1,0,0,0,0,4.043801694853791,-1,-999,0,0,0,10,0,0,0,1
21,7,0,0,0,0,0,0,0,0,3.9900172174899033,-1,-999,0,0,0,1,1,0,0,0
19,23,0,0,0,0,0,0,0,0,4.022602324353069,-1,-999,0,0,0,0,0,0,0,1
40,1,0,1,0,3,1,0,2,3,4.284888222508471,-1,-999,0,0,0,0,0,0,0,1
21,15,0,0,0,1,0,0,0,2,4.379298475431078,-1,-999,0,0,0,0,0,0,0,1
18,15,0,0,0,1,0,0,0,0,4.0841837197791895,-1,-999,0,0,0,0,0,0,0,0
18,10,0,0,0,1,0,0,0,1,3.857016588002658,-1,-999,0,0,0,0,0,0,0,0
19,69,0,1,0,1,0,0,0,6,4.303560239596714,-1,-999,1,24,0,67,0,0,0,0
27,5,0,0,0,1,0,0,0,0,4.150410872541982,-1,-999,0,0,0,0,0,0,0,1
17,12,0,0,0,0,0,0,0,0,4.016875695766564,-1,-999,0,0,0,0,0,0,0,1
14,55,0,1,0,1,0,0,0,6,4.4253877617447435,-1,-999,0,0,0,1,1,0,0,0
95,30,0,0,0,8,0,1,0,5,4.688109894491513,-1,-999,0,0,0,0,0,0,0,1
14,60,0,1,0,0,0,0,0,3,4.373792364369322,-1,-999,0,6,0,9,0,0,0,0
25,12,0,0,0,1,0,0,0,9,4.475699516020382,-1,-999,0,0,0,0,0,0,0,1
23,47,0,0,0,0,0,0,0,23,4.731552782142115,-1,-999,0,0,0,0,0,0,0,1
11,0,0,0,0,0,0,0,0,0,3.4613201402110088,-1,-999,0,0,0,0,0,0,0,0
17,1,0,1,0,1,0,0,0,0,3.4304570255005586,-1,-999,0,0,0,0,0,0,0,0
29,1,0,1,0,2,0,0,0,0,4.1615008683082095,-1,-999,0,0,0,15,0,0,0,0
26,81,0,0,0,1,0,0,1,29,4.851953119458865,-1,-999,0,15,0,12,0,0,0,1
21,18,0,0,0,0,0,0,0,2,4.127065630893371,-1,-999,0,0,0,0,0,0,0,1
15,69,0,1,0,1,0,0,0,4,4.506097483963485,-1,-999,0,8,0,8,0,0,0,0
31,0,0,0,0,1,0,0,0,0,3.9880774349981327,-1,-999,0,0,0,7,0,0,0,0
21,25,0,0,0,0,0,0,0,1,4.366807898196829,-1,-999,0,0,0,0,0,0,0,1
31,1,0,0,0,2,2,0,1,0,4.368108949354111,-1,-999,0,0,0,0,0,0,0,1
14,1,0,0,0,1,0,0,0,0,3.6635327548042547,-1,-999,0,0,0,1,1,0,0,0
34,0,0,0,0,1,0,0,2,5,4.161953223919209,-1,-999,0,0,0,0,0,0,0,1
16,60,0,0,0,1,0,0,0,7,5.049578365463252,-1,-999,0,0,0,1,0,0,0,0
13,9,0,0,0,0,0,0,1,0,3.8538632199977876,-1,-999,0,0,1,78,0,0,0,0
20,1,0,1,0,1,0,0,0,0,3.978333581185264,-1,-999,0,0,0,1,0,0,0,0
25,10,0,0,0,1,0,0,0,8,4.45160849410431,-1,-999,0,0,0,0,0,0,0,1
21,1,0,0,0,1,0,0,0,0,3.8833374604210062,-1,-999,0,1,0,19,0,0,0,0
34,34,0,0,0,1,0,0,2,23,4.90016881727262,-1,-999,0,0,0,0,0,0,0,1
18,51,0,1,0,1,1,0,0,22,4.683474036359732,-1,-999,0,0,0,0,0,0,0,1
26,1,0,1,0,1,0,0,0,0,3.9928705166358998,-1,-999,0,22,0,17,0,0,0,0
14,11,0,1,0,1,0,0,0,7,4.453188816197032,-1,-999,0,0,0,0,0,0,0,1
17,1,0,0,0,0,0,0,0,0,3.7532696895151085,-1,-999,0,0,0,0,0,0,0,1
27,0,0,0,0,1,0,0,0,0,3.8529284750433663,-1,-999,0,0,0,1,0,0,0,0
37,11,0,0,0,3,0,0,2,6,4.447103750156403,-1,-999,0,0,0,0,0,0,0,1
19,1,0,0,0,1,0,0,0,0,3.81008102052173,-1,-999,0,4,2,14,0,0,0,0
13,0,0,0,0,0,0,0,1,0,3.4464393446710155,-1,-999,0,0,0,14,0,0,0,1
15,59,0,0,0,1,0,0,1,13,4.420847651852953,-1,-999,0,0,0,0,0,0,0,0
34,1,0,0,0,1,0,0,1,4,4.168886994558424,-1,-999,0,0,0,0,0,0,0,1
18,35,0,0,0,1,0,0,0,0,4.105972054803331,-1,-999,0,0,1,30,0,0,0,0
22,0,0,0,0,1,0,0,0,1,3.9093680639438846,-1,-999,0,0,0,1,0,0,0,1
32,1,0,1,0,1,0,0,0,0,4.208297968550675,-1,-999,0,0,0,1,0,0,0,1
14,30,0,1,0,0,0,0,0,0,4.210363882461015,-1,-999,0,0,0,19,0,0,0,0
15,0,0,1,0,1,0,0,0,0,4.001822825622231,-1,-999,0,0,0,0,0,0,0,1
38,1,0,0,0,3,0,0,2,6,4.363038521594966,-1,-999,0,0,0,0,0,0,0,1
17,20,0,0,0,1,1,0,0,0,4.174674231978642,-1,-999,0,0,0,9,0,0,1,1
16,27,0,1,0,1,0,0,0,0,4.1150543230456025,-1,-999,0,4,0,5,0,0,0,0
16,32,0,1,0,1,0,0,0,6,4.47290749432188,-1,-999,0,1,2,4,0,0,0,0
24,1,0,0,0,1,0,0,0,0,3.9681390622295662,-1,-999,0,0,0,0,0,0,0,1
14,34,0,0,0,1,0,0,0,0,4.246748295453605,-1,-999,0,2,0,25,0,0,0,0
8,13,0,0,0,0,0,0,0,0,4.253434386188784,-1,-999,0,0,0,0,0,0,0,1
26,1,0,1,0,0,0,0,3,1,3.9217212310452405,-1,-999,0,0,0,0,0,0,0,1
15,213,0,0,0,0,1,0,0,88,4.920545178460932,-1,-999,0,0,0,0,0,0,0,1
32,1,0,1,0,1,0,0,1,1,4.2411023092322955,-1,-999,0,0,0,0,0,0,0,1
17,1,0,1,0,1,0,0,0,0,3.95006375643621,-1,-999,0,1,0,44,0,0,0,0
46,66,0,1,0,4,2,0,0,27,4.811714659845704,-1,-999,0,0,0,0,0,0,0,1
18,35,0,1,0,1,0,0,0,5,4.413600658153308,-1,-999,0,15,3,61,0,0,0,0
9,1,0,0,0,0,0,0,0,0,3.572469458770136,-1,-999,0,1,0,8,0,0,0,0
16,14,0,0,0,0,0,0,0,0,3.7948940027198317,-1,-999,0,0,0,1,0,0,0,1
26,1,0,0,0,3,0,0,0,0,3.8780682683455234,-1,-999,0,0,0,0,0,0,0,1
14,0,0,0,0,0,0,0,0,0,3.6537567082870015,-1,-999,0,0,1,40,0,0,0,0
30,1,0,0,0,3,0,0,0,1,4.13569955274647,-1,-999,0,0,0,0,0,0,0,1
13,12,0,1,0,0,0,0,1,0,4.12728313431329,-1,-999,0,0,0,0,0,0,0,1
14,217,0,0,0,1,3,0,1,3,4.484352003673523,-1,-999,0,0,0,0,0,0,0,1
21,99,0,0,0,1,0,1,0,0,4.537759425654687,-1,-999,0,0,0,0,0,0,0,1
22,7,0,1,0,1,0,0,0,0,4.067165189777858,-1,-999,0,4,0,19,0,0,0,1
11,14,0,0,0,0,0,0,0,0,3.902518266288633,-1,-999,0,0,0,1,0,0,0,1
21,22,0,0,0,1,0,0,0,0,4.0415935110056305,-1,-999,0,2,0,35,0,0,0,1
10,0,0,0,0,0,0,0,0,0,3.7345216647797517,-1,-999,0,0,1,17,0,0,0,0
16,0,0,0,0,0,0,0,0,0,3.675310868912364,-1,-999,0,0,0,6,0,0,0,0
27,1,0,1,0,1,0,0,1,0,3.842857292808497,-1,-999,0,0,0,7,0,0,1,1
27,36,0,1,0,1,0,0,0,0,4.211396289324659,-1,-999,0,22,1,34,0,0,0,0
11,8,0,1,0,0,0,0,1,2,3.912113890972229,-1,-999,0,0,0,0,0,0,0,1
22,16,0,0,0,0,0,0,0,0,4.061530252405225,-1,-999,0,0,0,0,0,0,0,0
18,30,0,0,0,1,0,0,0,8,4.349922332557377,-1,-999,0,2,1,46,0,0,0,0
14,36,0,0,0,1,0,0,0,0,4.277257830602336,-1,-999,0,0,0,0,0,0,0,0
16,1,0,1,0,1,0,0,0,0,3.9434651896016475,-1,-999,0,0,0,1,1,0,0,0
18,17,0,0,0,1,0,0,0,0,4.2072117677593,-1,-999,0,0,0,2,0,0,0,0
9,127,0,1,0,0,0,0,0,14,4.9128949668618835,-1,-999,0,0,0,0,0,0,0,1
28,1,0,0,0,1,0,0,2,0,4.041336376912016,-1,-999,0,0,0,0,0,0,0,0
30,1,0,0,0,1,1,0,0,0,3.8790850810487565,-1,-999,0,0,0,11,0,0,1,1
14,27,0,1,0,1,0,0,0,0,3.959738743507028,-1,-999,0,3,0,5,0,0,0,0
18,100,0,0,0,1,0,0,0,6,4.685717808842489,-1,-999,0,0,0,1,0,0,0,1
17,63,0,0,0,1,0,0,0,2,4.290180210467253,-1,-999,0,0,0,0,0,0,0,1
15,1,0,1,0,1,0,0,0,0,3.9387218755408675,-1,-999,0,13,0,44,0,0,0,0
14,1,0,1,0,1,0,0,0,0,3.642489673166126,-1,-999,0,0,0,0,0,0,0,1
21,61,0,0,0,1,0,0,0,1,4.416760825930196,-1,-999,0,0,0,0,0,0,0,1
11,29,0,0,0,1,0,0,0,0,4.016702150879895,-1,-999,0,0,0,0,0,0,0,0
39,28,0,0,0,2,1,0,1,6,4.5827263866432055,-1,-999,0,0,0,0,0,0,0,1
36,21,0,0,0,1,0,0,2,0,4.194909571322961,-1,-999,0,0,0,1,0,0,0,0
21,1,0,0,0,1,1,0,1,0,3.978333581185264,-1,-999,0,0,0,0,0,0,0,1
15,29,0,1,0,1,0,0,0,6,4.155464786840374,-1,-999,0,0,0,6,0,0,0,0
13,111,0,0,0,0,1,0,0,5,4.654029137727295,-1,-999,0,0,0,0,0,0,0,1
25,1,0,1,0,1,0,0,0,0,3.8588029144615943,-1,-999,0,2,0,28,0,0,0,0
14,21,0,0,0,1,0,0,0,5,4.282098601752791,-1,-999,0,3,0,12,0,0,1,0
22,50,0,1,0,1,0,1,0,13,4.968340483722254,-1,-999,0,1,0,31,0,0,0,1
29,11,0,0,0,1,1,0,0,3,4.184298894360445,-1,-999,0,0,0,0,0,0,0,1
22,330,0,0,0,2,0,0,0,45,5.229976615378421,-1,-999,0,0,0,0,0,0,0,1
13,102,0,0,0,1,0,0,0,8,4.49616880452514,-1,-999,0,1,0,30,0,0,0,0
23,58,0,1,0,1,0,0,0,5,4.35111910638248,-1,-999,0,11,1,45,0,0,0,0
21,31,0,1,0,1,0,0,0,0,4.363501280039722,-1,-999,0,0,0,15,0,0,0,1
21,20,0,0,0,1,0,0,0,0,4.1700427723692055,-1,-999,0,1,2,27,0,0,0,0
22,50,0,1,0,1,0,1,0,4,4.556891479120285,-1,-999,0,0,0,21,0,0,0,1
29,9,0,0,0,0,0,0,0,1,4.017659842382177,-1,-999,0,0,0,0,0,0,0,1
20,1,0,0,0,2,0,0,0,4,3.8423709931771084,-1,-999,0,0,0,0,0,0,0,1
19,31,0,1,0,1,0,0,0,0,4.223325823567663,-1,-999,0,0,0,1,1,0,0,0
17,21,0,1,0,1,0,0,0,0,4.124894642412722,-1,-999,0,5,0,21,0,0,0,0
50,67,0,1,0,3,2,0,1,24,4.808535238447798,-1,-999,0,0,0,0,0,0,0,1
18,19,0,1,0,1,0,0,0,1,3.8112830317643347,-1,-999,0,0,0,11,0,0,0,0
11,46,0,0,0,0,0,0,0,0,4.274693118360757,-1,-999,0,0,1,116,0,1,0,0
19,9,0,1,0,0,0,0,0,0,3.9613201402110083,-1,-999,0,0,0,0,0,0,0,1
19,1,0,1,0,1,0,0,0,0,4.012188403968661,-1,-999,0,0,0,3,0,0,0,0
13,96,0,1,0,0,1,0,1,6,4.699996232649807,-1,-999,0,0,1,16,0,0,0,1
19,22,0,1,0,1,0,0,0,0,4.191268906118179,-1,-999,0,4,0,19,0,0,1,0
14,7,0,0,1,0,0,0,0,11,3.5661089398374806,-1,-999,0,0,0,0,0,0,0,1
6,6,0,1,0,0,0,0,0,2,3.784183719779189,-1,-999,0,0,0,2,0,0,0,1
23,1,0,0,0,1,0,0,0,0,3.784368487596862,-1,-999,0,0,1,5,0,0,0,0
20,44,0,0,0,0,1,0,1,0,4.409396592002736,-1,-999,0,0,0,42,0,0,1,1
17,57,0,1,0,1,0,0,0,0,4.306404712718951,-1,-999,0,0,0,1,0,0,0,0
21,44,0,1,0,1,0,0,0,0,4.434850121366939,-1,-999,0,4,0,4,0,0,0,0
15,1,0,1,0,0,0,0,0,0,3.5220552088742005,-1,-999,0,0,0,26,0,0,0,0
19,14,0,0,0,0,0,0,1,0,4.072573883611435,-1,-999,0,0,0,1,0,0,0,1
19,1,0,0,0,1,0,0,0,0,3.8100810205217304,-1,-999,0,0,0,2,0,0,1,0
19,37,0,1,0,0,1,0,0,3,4.606381658916027,-1,-999,0,0,0,0,0,0,0,1
28,16,0,0,0,1,0,0,0,0,3.949399793325864,-1,-999,0,0,0,0,0,0,0,1
22,4,0,1,0,1,0,0,1,1,4.2290037311070545,-1,-999,0,2,0,5,0,0,0,1
18,1,0,0,0,1,0,0,0,0,3.8150724101159432,-1,-999,0,0,0,0,0,0,1,0
16,32,0,1,0,1,0,0,0,0,4.3336169753972325,-1,-999,0,0,0,10,0,0,0,0
13,11,0,1,0,1,0,0,0,0,3.8848588918890474,-1,-999,0,9,0,9,0,0,0,0
27,41,0,0,0,1,0,0,0,18,4.6553084442512835,-1,-999,0,0,0,0,0,0,0,1
52,27,0,0,0,1,0,0,0,0,4.43586326717797,-1,-999,0,0,0,0,0,0,0,0
7,80,0,1,0,0,2,0,0,11,5.022593366144261,-1,-999,0,0,0,1,1,0,0,1
24,81,0,0,0,1,0,0,0,13,4.624687596680646,-1,-999,1,108,0,14,0,0,0,0
14,1,0,1,0,1,0,0,0,0,3.8164027166443866,-1,-999,0,17,1,23,0,0,0,0
16,1,0,1,0,1,0,0,0,0,3.5434651896016476,-1,-999,0,0,1,21,0,0,0,0
12,44,0,0,0,1,1,0,0,7,4.4043658928681575,-1,-999,0,0,0,1,1,0,0,0
50,67,0,1,0,3,2,0,1,16,4.721517202882965,-1,-999,0,0,0,0,0,0,0,1
25,21,0,1,0,1,0,0,0,0,4.366114938095118,-1,-999,1,22,1,44,0,0,0,0
22,0,0,0,0,1,0,0,0,2,3.978333581185264,-1,-999,0,2,0,4,1,0,0,1
21,50,0,0,0,0,0,0,0,0,4.1863922904918445,-1,-999,0,2,1,11,0,0,1,1
22,1,0,1,0,1,0,0,0,0,3.88904953591417,-1,-999,0,0,0,3,0,0,0,0
24,8,0,1,0,1,1,0,0,4,4.375487065435391,-1,-999,0,0,0,1,1,0,0,0
29,1,0,1,0,1,0,0,0,0,4.260828171224456,-1,-999,0,2,0,8,0,0,0,0
27,1,0,1,0,0,0,0,0,0,4.030493056757482,-1,-999,0,0,0,1,1,0,0,0
19,89,0,1,0,1,0,0,0,0,4.400451355753531,-1,-999,0,0,0,0,0,0,0,0
19,1,0,1,0,1,0,0,0,0,3.8423709931771084,-1,-999,0,0,0,0,0,0,0,0
21,60,0,0,0,0,0,0,0,20,4.611405693168451,-1,-999,0,0,0,0,0,0,0,1
10,0,0,0,0,0,0,0,0,0,3.7345216647797517,-1,-999,0,16,0,31,0,0,0,0
16,23,0,1,0,1,1,0,0,0,3.934610862583645,-1,-999,0,0,0,0,0,0,0,0
21,16,0,0,0,1,0,0,0,1,3.927975300790612,-1,-999,0,0,0,0,0,0,0,1
30,1,0,1,0,1,0,0,0,0,4.057855988582063,-1,-999,0,2,0,4,1,0,0,1
25,45,0,0,0,1,0,0,0,0,4.367073151411327,-1,-999,0,0,0,5,0,0,0,1
20,37,0,1,0,1,0,0,0,6,4.510357429374702,-1,-999,0,0,0,1,0,0,0,0
14,1,0,1,0,1,0,0,0,0,3.675310868912364,-1,-999,0,0,0,0,0,0,0,0
18,14,0,0,0,1,0,0,0,0,4.0478467699778795,-1,-999,0,1,1,26,0,0,0,0
22,1,0,1,0,1,0,0,0,0,3.861476859389223,-1,-999,0,6,1,138,0,0,0,0
23,31,0,1,0,1,1,0,0,0,4.064656950051863,-1,-999,0,0,0,2,0,0,0,0
14,24,0,0,0,1,0,0,0,0,4.207976707200401,-1,-999,0,0,0,0,0,0,0,0
15,89,0,1,0,1,0,0,0,11,5.428883635804202,-1,-999,0,0,0,0,0,0,0,1
36,1,0,0,0,1,0,0,0,0,3.9247546314706963,-1,-999,0,0,0,15,0,0,0,0
23,42,0,0,0,1,0,0,0,5,4.667413758839756,-1,-999,0,9,1,33,0,0,0,0
23,22,0,1,0,1,0,0,1,0,4.129259021483943,-1,-999,0,6,2,22,0,0,0,0
50,69,0,1,0,3,2,0,1,22,4.871819708247707,-1,-999,0,0,0,0,0,0,0,1
10,21,0,0,0,1,0,0,0,1,4.040709013945501,-1,-999,0,0,0,1,1,0,0,0
20,39,0,0,0,1,1,0,0,0,4.069852074588732,-1,-999,0,0,0,0,0,0,0,1
25,4,0,0,0,1,0,0,0,8,4.329239931817579,-1,-999,0,0,0,0,0,0,0,1
21,9,0,0,0,0,0,0,0,0,4.195675662809303,-1,-999,0,2,0,5,0,0,0,1
15,73,0,0,0,1,0,0,0,0,4.426728477869698,-1,-999,0,1,1,19,0,0,0,0
17,19,0,0,0,1,0,0,0,0,4.2374411389168944,-1,-999,0,0,0,0,0,0,0,1
46,68,0,1,0,4,2,0,0,16,4.782071308926542,-1,-999,0,0,0,0,0,0,0,1
16,59,0,1,0,1,0,0,0,9,4.647049334930516,-1,-999,0,4,0,5,0,0,0,0
20,1,0,0,0,1,0,0,0,1,3.7264741182543752,-1,-999,1,8,0,15,0,0,0,0
17,63,0,1,0,1,0,0,0,4,4.98834245967488,-1,-999,0,0,0,0,0,0,0,1
27,1,0,1,0,1,0,0,0,0,4.078696876021637,-1,-999,0,0,2,62,0,0,1,0
25,7,0,1,0,1,2,0,2,1,4.106198332810095,-1,-999,0,0,0,4,0,0,0,1
13,5,0,1,0,0,0,0,0,0,3.7962176025900565,-1,-999,0,0,0,0,0,0,0,1
12,19,0,0,0,0,0,0,0,0,3.9553113166340133,-1,-999,0,0,0,0,0,0,0,0
11,23,0,0,0,0,0,0,0,0,4.0346536885808275,-1,-999,0,0,0,1,0,0,0,1
16,7,0,1,0,0,0,0,0,1,4.079376456233206,-1,-999,0,0,0,0,0,0,0,1
11,17,0,0,0,1,0,0,0,0,4.036006945330955,-1,-999,0,0,0,10,0,0,0,0
20,10,0,0,0,1,0,0,0,1,3.9590570816697497,-1,-999,0,0,2,50,0,0,1,1
12,0,0,0,0,0,0,0,0,0,3.6163485660751644,-1,-999,0,0,0,0,1,0,0,0
12,1,0,1,0,1,0,0,0,0,3.368042422572716,-1,-999,0,0,1,49,0,0,0,0
6,0,0,0,0,0,0,0,0,0,3.0850551027564768,-1,-999,0,0,0,0,0,0,0,0
32,1,0,1,0,1,0,0,0,1,4.0346536885808275,-1,-999,0,0,0,0,0,0,0,1
13,16,0,1,0,0,0,0,0,0,3.789741878791631,-1,-999,0,8,0,17,0,0,0,0
36,1,0,1,0,1,0,0,4,0,4.275651852925218,-1,-999,0,0,0,0,0,0,0,1
17,25,0,0,0,1,0,0,0,2,4.117075599518185,-1,-999,0,0,0,0,0,0,0,0
16,27,0,1,0,1,0,0,0,0,4.2991096553576185,-1,-999,0,4,0,5,0,0,0,0
25,13,0,1,0,1,0,0,0,8,4.457919564564538,-1,-999,0,0,0,0,0,0,0,1
15,18,0,0,0,1,0,0,0,0,4.015311532225103,-1,-999,0,0,3,13,0,0,0,0
25,1,0,0,0,1,0,0,0,0,3.9980509371469144,-1,-999,0,0,0,0,0,0,0,1
23,44,0,0,0,1,0,0,0,6,4.691711948349566,-1,-999,0,9,1,29,0,0,0,0
22,74,0,1,0,1,0,1,0,0,4.251849986646804,-1,-999,0,2,0,9,0,0,0,1
29,9,0,0,0,1,0,0,0,22,4.322315530038771,-1,-999,0,0,0,0,0,0,0,1
11,38,0,0,0,0,0,0,0,1,4.175496386606637,-1,-999,0,23,0,73,0,0,0,0
15,214,0,0,0,0,1,0,0,88,4.948703688494371,-1,-999,0,0,0,0,0,0,0,1
12,13,0,0,0,1,0,0,0,7,4.369707376737533,-1,-999,0,0,0,0,0,0,0,0
61,57,0,1,0,1,1,0,4,42,4.839362492610804,-1,-999,0,0,0,0,0,0,0,1
21,1,0,0,0,1,0,0,0,0,3.995237891380887,-1,-999,0,0,1,37,0,0,1,0
25,7,0,0,0,1,0,0,0,8,4.4261772187513015,-1,-999,0,0,0,0,0,0,0,1
28,1,0,1,0,1,0,0,0,0,4.22932735194002,-1,-999,0,0,0,0,0,0,0,0
20,1,0,1,0,1,0,0,0,3,4.1162646156680225,-1,-999,0,0,0,0,0,0,0,1
23,58,0,1,0,1,1,0,0,14,4.832890740982526,-1,-999,0,0,0,0,0,0,0,1
16,1,0,0,0,2,0,0,0,0,3.8239348962840563,-1,-999,0,0,0,0,0,0,0,0
39,16,0,0,0,1,0,0,2,0,4.279220964710031,-1,-999,0,0,0,0,0,0,0,1
28,59,0,0,0,2,1,0,1,20,4.830427948706204,-1,-999,0,0,0,0,0,0,0,1
25,1,0,0,0,1,0,0,1,0,4.142138437212473,-1,-999,0,0,0,0,0,0,0,1
21,23,0,0,0,1,0,0,0,3,4.207149735045994,-1,-999,0,0,0,0,0,0,0,1
14,66,0,0,0,0,1,0,0,19,4.7787261123525155,-1,-999,0,0,0,0,0,0,0,1
29,1,0,1,0,0,0,0,3,0,4.14860021052734,-1,-999,0,0,0,0,0,0,0,1
13,15,0,0,0,0,0,0,1,3,4.300153016697713,-1,-999,0,0,0,0,0,0,0,1
30,0,0,0,0,2,0,0,0,0,4.134468568039292,-1,-999,0,0,0,0,0,0,0,1
16,14,0,0,0,1,0,0,0,0,4.046762824854521,-1,-999,0,0,1,31,0,0,0,0
22,63,0,0,0,0,0,0,0,18,4.69624528281294,-1,-999,0,0,0,0,0,0,0,1
21,26,0,0,0,1,1,0,0,1,4.292040864021043,-1,-999,0,3,0,17,0,0,0,0
18,1,0,0,0,1,0,0,0,0,3.7962176025900565,-1,-999,0,0,0,0,0,0,0,1
16,25,0,0,0,0,0,0,0,0,3.895512835516972,-1,-999,0,0,0,0,0,0,0,1
20,30,0,1,0,1,0,0,0,0,4.409865880046908,-1,-999,0,0,0,0,0,0,0,0
22,47,0,1,0,1,0,0,0,6,4.677464508942368,-1,-999,0,6,1,20,0,0,0,0
13,69,0,0,0,1,0,0,0,0,4.2316591687897915,-1,-999,0,0,0,0,0,0,0,0
21,27,0,0,0,1,0,0,0,0,4.165107840986821,-1,-999,0,1,3,26,0,0,0,0
11,1,0,0,0,1,0,0,0,0,3.286629486786196,-1,-999,0,1,0,19,0,0,0,0
14,33,0,0,0,0,0,0,0,21,4.662411234391414,-1,-999,0,0,0,1,0,0,0,1
21,17,0,1,0,1,0,0,0,0,4.197049999347146,-1,-999,0,0,0,0,0,0,0,1
24,1,0,1,0,1,0,0,0,0,4.0060710131011685,-1,-999,0,2,1,7,0,0,0,0
31,21,0,1,0,3,0,0,0,10,4.370007272132442,-1,-999,0,0,0,0,0,0,0,1
16,1,0,1,0,1,0,0,0,0,3.6732696895151085,-1,-999,0,0,1,38,0,0,1,0
16,52,0,1,0,1,0,0,0,3,5.097447579431165,-1,-999,0,0,0,1,0,0,0,1
12,14,0,1,0,0,0,0,0,0,4.094097032108653,-1,-999,0,0,0,9,0,0,0,1
11,1,0,0,0,1,0,0,0,0,3.286629486786196,-1,-999,0,0,1,12,0,0,1,0
17,55,0,0,0,1,0,0,0,5,4.51443585657848,-1,-999,0,1,0,43,0,0,0,0
26,19,0,0,0,1,0,0,0,0,4.121340988555425,-1,-999,0,0,1,13,0,0,0,0
11,14,0,1,0,0,0,0,0,0,3.7178960129700496,-1,-999,0,1,0,9,0,0,1,0
23,47,0,0,0,0,0,0,0,18,4.658156880136878,-1,-999,0,0,0,0,0,0,0,1
20,62,0,0,0,1,0,1,0,5,5.0806338642108475,-1,-999,0,0,0,0,0,0,0,1
42,10,0,0,0,3,0,0,2,1,4.185810270743965,-1,-999,0,0,0,0,0,0,0,1
20,25,0,0,0,1,0,0,0,0,4.051428065028507,-1,-999,0,0,0,18,0,0,0,0
14,1,0,1,0,1,0,0,0,0,3.4357554339416274,-1,-999,0,0,1,19,0,0,0,0
16,10,0,0,0,2,0,0,0,1,4.043801694853791,-1,-999,0,0,0,1,0,0,0,1
14,22,0,0,1,0,0,0,0,13,4.379298475431078,-1,-999,0,0,0,0,0,0,0,1
26,1,0,0,0,1,0,0,0,0,3.8558656947524805,-1,-999,0,0,0,1,0,0,0,0
25,15,0,0,0,1,1,0,0,0,4.171743778067191,-1,-999,0,0,0,1,1,0,0,0
27,47,0,0,0,1,0,0,0,18,4.745904368800621,-1,-999,0,0,0,0,0,0,0,1
17,11,0,1,0,1,0,0,0,2,4.131769501279566,-1,-999,0,0,0,15,0,0,0,1
15,1,0,0,0,1,0,0,0,0,3.621175542919471,-1,-999,0,2,0,50,0,0,0,0
22,1,0,1,0,1,0,0,0,0,3.953565664946428,-1,-999,0,2,1,28,0,0,0,0
14,11,0,1,0,1,0,0,0,5,4.392582755590971,-1,-999,0,0,0,0,0,0,0,1
19,0,0,0,0,0,0,0,0,0,3.7962176025900565,-1,-999,0,0,0,0,0,0,0,0
22,36,0,0,0,1,0,0,0,0,4.708766613255314,-1,-999,0,0,0,0,0,0,0,0
17,1,0,0,0,1,0,0,0,0,3.8634651896016474,-1,-999,0,5,0,63,0,0,0,0
14,1,0,0,0,1,0,0,0,0,3.4474015047059154,-1,-999,0,0,0,1,1,0,0,0
9,298,0,0,0,0,0,0,0,114,5.052728659359402,-1,-999,0,0,0,0,0,0,0,1
32,5,0,0,0,3,0,0,0,6,4.115808539574485,-1,-999,0,0,0,0,0,0,0,1
24,1,0,1,0,1,0,0,0,0,4.0060710131011685,-1,-999,0,0,0,25,0,0,0,0
27,1,0,1,0,1,0,0,0,1,3.9193819456463714,-1,-999,0,25,2,32,0,0,1,0
26,34,0,0,0,1,1,0,0,0,4.347305377083571,-1,-999,0,0,0,1,0,0,0,0
27,1,0,1,0,1,0,0,0,0,4.0860486123130375,-1,-999,0,6,10,22,0,0,1,0
18,15,0,1,0,1,0,0,0,0,4.109716408063689,-1,-999,0,2,0,19,0,0,0,0
18,27,0,0,0,1,0,0,0,0,4.1189237381886405,-1,-999,0,0,0,0,0,0,0,1
43,13,0,1,0,3,0,0,2,16,4.553072516654254,-1,-999,0,0,0,0,0,0,0,1
22,188,0,0,0,0,1,0,0,33,5.016815521119034,-1,-999,0,0,0,0,0,0,0,1
18,83,0,1,0,1,0,0,0,21,4.985930514218215,-1,-999,0,0,0,0,0,0,0,1
26,48,0,0,0,1,0,0,0,5,4.925843584907625,-1,-999,0,0,1,1,0,0,0,1
19,1,0,0,0,1,0,0,0,0,3.8841550945958043,-1,-999,0,0,0,0,0,0,0,0
17,82,0,0,0,0,0,1,0,0,4.531487147175954,-1,-999,0,0,0,0,0,0,0,1
25,1,0,1,0,1,0,0,0,0,4.02085512047121,-1,-999,0,6,0,60,0,0,0,0
24,1,0,0,0,1,0,0,0,3,4.054229296672175,-1,-999,0,0,0,0,0,0,0,1
22,1,0,0,0,1,0,0,0,0,3.9110804962442782,-1,-999,0,4,2,26,0,0,0,0
17,1,0,1,0,1,0,0,0,0,3.921029621737615,-1,-999,0,0,0,1,0,0,0,0
19,60,0,0,0,1,2,0,0,2,4.448911632775905,-1,-999,0,3,1,1,0,0,1,1
13,10,0,1,0,1,0,0,0,0,3.929214455199219,-1,-999,0,0,0,46,0,0,0,1
15,1,0,1,0,1,0,0,1,0,3.9387218755408675,-1,-999,1,6,1,79,0,0,1,0
38,79,0,1,0,1,0,0,0,0,4.98132776723615,-1,-999,0,0,0,0,0,0,0,1
14,1,0,1,0,1,0,0,0,0,3.7622673906514943,-1,-999,0,0,0,0,0,0,0,1
23,1,0,0,0,1,0,0,0,0,4.042433003725894,-1,-999,0,0,0,0,0,0,0,1
54,66,0,0,0,4,2,0,1,26,4.75271726685836,-1,-999,0,0,0,0,0,0,0,1
34,1,0,1,0,1,1,0,0,0,3.856870720856423,-1,-999,0,0,0,0,0,0,0,1
15,31,0,0,0,1,0,0,0,2,4.289451945930605,-1,-999,0,1,2,21,0,0,0,0
16,4,0,0,0,1,0,0,1,0,3.912113890972229,-1,-999,0,0,0,0,0,0,0,0
42,19,0,0,0,3,2,0,0,9,4.454627275412124,-1,-999,0,0,0,0,0,0,0,1
17,1,0,1,0,1,0,0,0,0,3.95006375643621,-1,-999,0,0,0,4,0,0,1,0
50,66,0,1,0,3,2,0,1,16,4.750665206763319,-1,-999,0,0,0,0,0,0,0,1
22,10,0,1,0,1,0,0,0,5,4.484183719779189,-1,-999,0,0,2,50,0,0,1,1
16,1,0,1,0,1,0,0,0,5,3.9132696895151087,-1,-999,0,1,0,8,0,0,0,0
14,40,0,0,0,1,2,0,0,0,4.230363986531878,-1,-999,0,4,0,20,0,0,0,1
31,11,0,0,0,1,0,0,1,0,4.216152190789069,-1,-999,0,0,0,0,0,0,0,0
21,14,0,1,0,0,3,0,0,0,4.007205452175263,-1,-999,0,0,0,0,0,0,0,1
13,1,0,1,0,1,0,0,0,0,3.7544418457133455,-1,-999,0,0,0,4,0,0,0,0
19,13,0,0,0,1,0,0,0,0,4.0478467699778795,-1,-999,0,2,0,20,0,0,0,0
12,23,0,1,0,1,0,0,0,2,4.312908871424721,-1,-999,0,0,0,0,0,0,0,0
24,1,0,0,0,2,0,0,1,7,3.9445488277869583,-1,-999,0,0,0,0,0,0,0,1
31,1,0,0,0,1,1,0,0,3,3.9872178475009488,-1,-999,0,0,0,0,0,0,0,1
31,24,0,0,0,3,0,0,0,10,4.308404374623847,-1,-999,0,0,0,0,0,0,0,1
9,1,0,0,0,1,0,0,0,0,3.2927701939369904,-1,-999,0,0,0,1,1,0,0,0
16,107,0,1,0,1,0,0,0,4,5.370396226695162,-1,-999,0,0,0,13,0,0,0,1
24,116,0,0,0,1,1,0,0,36,4.799284347961594,-1,-999,0,0,0,0,0,0,0,1
14,63,0,0,0,1,0,0,0,0,4.417157863275963,-1,-999,0,0,0,0,0,0,0,0
10,18,0,0,0,0,0,0,0,1,4.014438730983427,-1,-999,0,0,0,0,0,0,0,1
38,10,0,0,0,3,0,0,2,0,4.007872443227679,-1,-999,0,0,0,0,0,0,0,1
28,23,0,0,0,1,0,0,2,0,4.079385900367718,-1,-999,0,7,0,21,0,0,0,0
23,24,0,0,0,0,0,0,1,1,4.1900079935705445,-1,-999,0,0,0,0,0,0,0,1
32,1,0,0,0,1,0,0,0,0,4.0653115322251026,-1,-999,0,0,0,117,0,0,0,0
24,40,0,0,0,1,0,0,0,0,4.036394481574956,-1,-999,0,0,0,0,0,0,0,1
22,38,0,0,0,1,0,0,0,0,3.9836557057910293,-1,-999,0,0,0,0,0,0,0,1
20,68,0,0,0,0,0,0,0,11,4.456464715452352,-1,-999,0,0,0,0,0,0,0,1
26,1,0,0,0,1,0,0,1,0,4.1162996057016965,-1,-999,0,2,4,52,0,1,0,0
38,24,0,0,0,1,0,0,0,0,4.312780574996514,-1,-999,0,0,0,0,0,0,0,1
16,31,0,0,0,1,0,0,0,0,4.244723149910975,-1,-999,0,2,0,20,0,0,0,0
29,11,0,0,0,1,0,0,0,0,4.13907129820996,-1,-999,0,0,0,0,0,0,0,0
12,28,0,0,0,1,0,0,0,0,4.275036394498539,-1,-999,0,0,0,0,0,0,0,0
7,55,0,1,0,0,1,0,0,1,4.084685550981706,-1,-999,0,0,0,1,0,0,1,1
50,19,0,0,0,3,2,0,1,9,4.55391345575669,-1,-999,0,0,0,0,0,0,0,1
16,20,0,1,0,1,0,0,0,0,4.189561096343497,-1,-999,0,4,0,5,0,0,0,0
18,47,0,1,0,1,0,0,0,2,4.282175504548766,-1,-999,0,2,1,40,0,0,1,0
21,1,0,1,0,1,0,0,0,0,3.711080496244278,-1,-999,0,3,1,68,0,0,1,0
16,1,0,0,0,1,0,0,0,0,3.7720552088742005,-1,-999,0,0,0,0,0,0,0,0
29,85,0,1,0,1,0,0,1,9,5.129256757039432,-1,-999,0,5,0,34,0,0,0,1
23,22,0,0,0,1,1,0,0,2,4.341381363082302,-1,-999,0,0,0,1,1,0,0,0
12,42,0,0,0,0,0,0,0,0,4.083143494870466,-1,-999,0,14,0,41,0,0,0,0
18,74,0,1,0,1,0,0,0,12,4.808465630737972,-1,-999,0,0,0,2,0,0,0,0
14,6,0,0,0,1,0,0,0,0,3.8100810205217304,-1,-999,1,25,0,14,0,0,0,0
25,0,0,0,0,1,0,0,0,0,4.015319531114783,-1,-999,0,0,0,0,0,0,0,1
19,28,0,0,0,0,0,0,0,1,4.1560227535035175,-1,-999,0,0,0,1,0,0,0,1
25,0,0,0,0,1,0,0,0,1,4.077819531114783,-1,-999,0,2,0,4,1,0,0,1
29,0,0,1,0,1,0,0,1,1,4.131769501279566,-1,-999,0,0,0,0,0,0,0,1
28,1,0,1,0,1,0,0,0,0,4.022530474793987,-1,-999,0,2,0,4,1,0,0,1
17,21,0,0,0,1,1,0,0,0,4.064323519495731,-1,-999,0,0,0,0,0,0,0,1
17,48,0,0,0,2,0,0,0,16,4.774043147775397,-1,-999,0,0,0,0,0,0,0,0
24,18,0,0,0,1,0,0,0,0,4.446969416587176,-1,-999,0,0,0,1,1,0,0,0
54,76,0,1,0,4,2,0,1,16,4.7295385015622875,-1,-999,0,0,0,0,0,0,0,1
27,103,0,0,0,1,1,0,1,5,5.390476088024774,-1,-999,0,5,0,34,0,0,0,1
31,9,0,0,0,3,0,0,0,10,4.20599144773606,-1,-999,0,0,0,0,0,0,0,1
17,9,0,0,0,1,0,0,0,0,4.0895524525606675,-1,-999,0,11,26,15,0,0,0,0
16,57,0,1,0,1,0,0,0,4,5.181898004692377,-1,-999,0,0,0,0,0,0,0,1
16,37,0,1,0,1,0,0,0,6,4.477799788659761,-1,-999,0,4,2,6,0,0,0,0
23,19,0,1,0,1,0,0,0,6,4.2166912610489,-1,-999,0,0,0,1,0,0,0,1
4,7,0,1,0,0,0,0,0,0,3.747413039531642,-1,-999,0,0,0,0,0,0,0,1
22,1,0,0,0,1,0,0,0,0,4.031401845392172,-1,-999,0,3,0,14,0,0,0,0
16,6,0,0,0,0,0,0,0,0,3.9523029776623857,-1,-999,0,1,0,6,0,0,0,1
18,13,0,1,0,0,0,0,0,0,4.231058232227281,-1,-999,0,0,0,0,0,0,0,1
15,81,0,1,0,1,0,0,0,4,5.272339894654145,-1,-999,0,0,0,0,0,0,0,1
21,27,0,1,0,1,0,0,0,0,4.295833441448779,-1,-999,0,0,0,18,0,0,0,0
13,27,0,0,0,1,0,0,0,0,4.216421766792934,-1,-999,0,0,0,0,0,0,0,1
20,55,0,0,0,1,0,0,0,3,4.342010621725585,-1,-999,0,0,0,0,0,0,0,0
20,8,0,1,0,1,0,0,0,0,3.8910611120726526,-1,-999,0,0,0,0,0,0,0,1
6,6,0,0,0,0,0,0,0,0,3.6421498816369047,-1,-999,0,0,0,0,0,0,0,1
24,1,0,1,0,1,0,0,0,0,4.020926316000352,-1,-999,1,19,5,37,0,0,0,0
14,23,0,0,0,1,0,0,1,0,4.140875595896982,-1,-999,0,2,0,8,0,0,0,0
16,1,0,1,0,1,0,0,1,0,4.023465189601647,-1,-999,0,2,0,56,0,0,1,0
34,0,0,0,0,1,0,0,0,0,4.198777004512549,-1,-999,0,2,1,16,0,0,0,0
9,20,0,0,0,0,0,0,0,4,3.98578082135646,-1,-999,0,0,0,3,0,0,0,0
13,1,0,1,0,0,0,0,0,0,3.572623663895164,-1,-999,0,0,0,5,0,0,0,0
32,0,0,0,0,1,0,0,0,1,4.057855988582063,-1,-999,0,0,0,1,0,0,0,1
25,42,0,0,0,1,0,1,0,2,4.378363111809057,-1,-999,0,0,0,0,0,0,0,1
11,43,0,1,0,1,1,0,0,0,4.18769560921475,-1,-999,0,12,0,38,0,0,0,0
14,146,0,1,0,1,2,0,0,4,4.547960307508101,-1,-999,0,1,0,1,1,0,0,1
13,6,0,0,0,1,0,0,0,2,4.026986833359287,-1,-999,0,0,0,3,0,0,0,1
14,43,0,0,0,1,0,0,0,0,4.271168704467279,-1,-999,0,0,0,1,1,0,0,0
15,4,0,1,0,1,0,0,0,0,3.763965742824081,-1,-999,0,29,0,68,0,0,0,0
15,20,0,1,0,1,0,0,0,0,4.408254580031927,-1,-999,0,0,1,41,0,0,0,0
21,16,0,0,0,2,0,0,0,1,4.072623663895164,-1,-999,0,0,0,0,0,0,0,0
17,1,0,0,0,1,0,0,0,0,4.023465189601647,-1,-999,0,0,2,64,0,0,0,0
15,57,0,0,0,0,0,0,0,8,4.570744477030463,-1,-999,0,0,0,4,0,0,0,1
11,48,0,1,0,0,0,0,0,11,4.352851692485078,-1,-999,0,1,3,41,0,1,0,0
15,0,0,0,0,0,0,0,0,0,3.5160276412662306,-1,-999,0,2,0,54,0,1,1,0
13,22,0,0,0,0,0,0,0,0,4.243158791671846,-1,-999,0,0,0,0,0,0,0,1
16,31,0,1,0,1,0,0,0,1,4.177017332478705,-1,-999,0,16,8,122,0,0,0,0
16,32,0,1,0,1,0,0,0,0,4.188690584305922,-1,-999,0,4,0,5,0,0,0,0
21,131,0,0,0,1,2,1,0,16,5.32226917076085,-1,-999,0,0,0,0,0,0,0,1
15,1,0,0,0,1,0,0,0,0,3.7622673906514943,-1,-999,0,0,0,0,0,0,0,1
46,69,0,1,0,4,2,0,0,28,4.846700295503842,-1,-999,0,0,0,0,0,0,0,1
16,9,0,1,0,1,0,0,0,0,4.086526226193702,-1,-999,0,4,0,5,0,0,0,0
25,5,0,1,0,1,0,0,0,8,4.385956789702441,-1,-999,0,0,0,0,0,0,0,1
13,30,0,0,1,0,1,0,0,10,4.197082261221977,-1,-999,0,0,0,0,0,0,0,1
15,8,0,0,0,1,0,0,0,0,3.964735178725505,-1,-999,0,0,0,0,0,0,0,1
15,67,0,1,0,1,0,0,0,0,4.273355841632474,-1,-999,0,5,0,11,0,0,0,0
24,1,0,0,0,1,0,0,0,0,4.226409765557392,-1,-999,0,0,0,0,0,0,0,1
26,20,0,1,0,1,0,0,0,0,4.289713141445621,-1,-999,0,0,0,0,0,0,0,0
19,31,0,1,0,1,0,0,0,0,4.345073995785254,-1,-999,0,0,0,1,1,0,0,0
20,34,0,0,0,1,0,0,0,1,4.5610836486836295,-1,-999,0,0,0,1,0,0,1,0
23,135,0,0,0,1,0,0,0,13,4.641211476844681,-1,-999,0,2,0,23,0,0,0,1
15,28,0,1,0,1,0,0,0,3,4.233521852064551,-1,-999,0,0,0,6,0,0,0,0
15,4,0,1,0,1,0,0,0,0,3.912113890972229,-1,-999,0,2,1,37,0,0,0,0
24,40,0,1,0,1,0,0,1,3,4.41409666220743,-1,-999,0,0,0,1,1,0,0,0
22,6,0,1,0,1,0,0,0,0,3.9267336819377716,-1,-999,0,15,1,9,0,0,0,0
16,19,0,0,0,1,0,0,1,0,4.094000160564931,-1,-999,0,6,0,40,0,0,0,0
20,1,0,1,0,1,0,0,0,0,4.021268494903765,-1,-999,0,12,1,67,0,0,0,0
37,1,0,0,0,0,0,0,0,0,3.9745047643853657,-1,-999,0,0,0,0,0,0,0,1
20,39,0,0,0,1,0,0,0,0,4.3126261289266745,-1,-999,0,0,0,4,0,0,0,0
13,29,0,0,0,1,0,0,0,1,4.140447987839137,-1,-999,0,0,0,24,0,0,0,0
18,1,0,1,0,1,0,0,0,1,3.9302703722934536,-1,-999,0,3,1,60,0,0,0,0
14,25,0,0,0,0,0,0,0,0,4.143476228766491,-1,-999,0,0,0,0,0,0,0,1
42,19,0,0,0,3,2,0,0,7,4.469620657892327,-1,-999,0,0,0,0,0,0,0,1
23,35,0,0,0,1,0,1,0,0,4.370098763843031,-1,-999,0,0,0,0,0,0,0,1
26,1,0,0,0,1,0,0,0,0,3.7777768114567865,-1,-999,0,0,0,0,0,0,0,0
19,1,0,1,0,1,0,0,0,0,4.056656707462823,-1,-999,0,0,0,1,1,0,0,0
17,1,0,0,0,1,0,0,0,0,3.7834651896016473,-1,-999,0,3,1,17,0,0,0,0
12,62,0,0,0,1,2,0,0,5,4.527897460038843,-1,-999,0,0,0,0,0,0,0,1
13,10,0,1,0,1,0,0,0,0,3.937751955408587,-1,-999,0,0,0,1,1,0,0,0
14,1,0,0,0,1,0,0,0,0,3.7544418457133455,-1,-999,0,0,1,12,0,0,0,0
22,22,0,1,0,1,1,0,1,2,4.382568083276077,-1,-999,0,0,0,0,0,0,0,1
27,26,0,0,0,1,0,0,0,0,4.207751647240616,-1,-999,0,0,0,0,0,0,0,1
18,81,0,1,0,1,0,0,0,20,4.897480226229507,-1,-999,0,15,1,25,0,0,0,0
20,1,0,1,0,1,0,0,0,0,4.185230132909402,-1,-999,0,129,1,51,0,1,0,0
22,34,0,1,0,1,0,1,0,7,4.566428031846025,-1,-999,0,0,0,0,0,0,0,1
8,1,0,1,0,0,0,0,0,0,3.337175341123077,-1,-999,0,0,0,6,0,0,0,1
50,69,0,1,0,3,2,0,1,24,4.836412919375524,-1,-999,0,0,0,0,0,0,0,1
26,23,0,0,0,1,0,0,1,0,4.229130986207537,-1,-999,0,0,0,1,1,0,0,0
16,31,0,0,0,1,1,0,0,5,4.43786128959377,-1,-999,0,0,0,3,0,0,1,0
12,6,0,0,0,0,0,0,0,0,3.523856189774725,-1,-999,0,0,0,0,0,0,0,1
11,24,0,0,0,1,0,0,0,0,4.163516459101693,-1,-999,0,0,0,0,0,0,0,0
16,28,0,1,0,1,0,0,0,0,4.226801439620118,-1,-999,0,0,0,23,1,1,0,1
13,60,0,0,0,1,1,0,0,0,4.334340758286915,-1,-999,0,0,0,1,0,0,0,1
17,5,0,0,0,1,0,0,0,0,4.073329701949522,-1,-999,0,0,0,4,0,0,0,0
42,19,0,0,0,3,2,0,0,13,4.574697820064778,-1,-999,0,0,0,0,0,0,0,1
6,5,0,0,0,0,0,0,0,1,3.5304930567574826,-1,-999,0,0,0,2,0,0,0,1
23,74,0,0,0,1,0,0,0,13,5.158785398309437,-1,-999,0,0,0,0,0,0,0,1
14,15,0,0,0,0,1,0,0,0,3.708003043578682,-1,-999,0,0,0,0,0,0,0,1
10,65,0,1,0,0,0,0,0,5,4.45125991196921,-1,-999,1,15,0,17,0,0,0,0
16,23,0,1,0,1,0,0,0,0,4.1286409791530865,-1,-999,0,4,0,5,0,0,0,0
22,69,0,1,0,1,0,0,0,6,4.429346777175499,-1,-999,0,0,0,1,1,0,0,0
21,89,0,1,0,1,1,0,0,0,4.3190248899177455,-1,-999,0,0,0,14,0,0,0,0
22,10,0,0,0,1,1,0,1,2,4.109138039864114,-1,-999,0,0,0,0,0,0,0,1
25,1,0,1,0,1,0,0,0,0,4.0796786498829745,-1,-999,0,0,0,0,0,0,0,1
21,42,0,1,0,1,0,0,0,0,4.325804078851618,-1,-999,0,6,1,73,0,0,0,0
32,25,0,0,0,1,0,0,0,3,4.20195839910992,-1,-999,0,0,0,0,0,0,0,1
26,15,0,0,0,1,0,0,0,0,4.157268229617389,-1,-999,0,4,0,10,0,0,0,0
16,24,0,0,0,1,0,0,0,0,4.120885064757336,-1,-999,0,0,0,0,0,0,0,1
27,1,0,1,0,1,0,0,0,0,4.030493056757482,-1,-999,0,0,0,1,1,0,0,0
16,24,0,1,0,1,2,0,0,0,4.0068665431825226,-1,-999,0,0,0,0,0,0,0,1
18,0,0,0,0,1,0,0,0,0,3.9434651896016475,-1,-999,0,2,4,12,0,0,0,0
31,11,0,0,0,1,0,0,1,7,4.319119161352678,-1,-999,0,0,2,50,0,0,1,1
18,31,0,1,0,1,0,0,0,7,4.447800823716868,-1,-999,0,1,0,69,0,1,0,0
22,11,0,0,0,1,0,0,0,0,3.9464393446710155,-1,-999,0,1,1,21,0,0,0,0
10,19,0,1,0,1,0,0,0,0,4.134468568039292,-1,-999,0,1,0,23,0,0,0,1
16,17,0,1,0,1,0,0,0,0,4.247557492317426,-1,-999,0,4,0,5,0,0,0,0
21,1,0,1,0,1,0,0,0,0,3.847742678581274,-1,-999,0,0,0,11,0,0,0,0
13,41,0,1,0,1,0,0,0,8,4.396077617900944,-1,-999,0,3,0,10,0,0,0,0
12,1,0,1,0,0,0,0,0,3,3.9736606896881863,-1,-999,0,0,0,2,0,0,0,0
16,8,0,0,0,1,0,0,0,0,3.873235826376329,-1,-999,0,2,0,56,0,1,0,0
16,1,0,1,0,1,0,0,0,0,3.7834651896016473,-1,-999,1,82,1,41,0,0,0,0
16,29,0,0,0,1,0,0,0,10,4.373637440070112,-1,-999,0,4,4,24,0,0,0,0
22,1,0,1,0,1,0,0,0,0,4.082597923010944,-1,-999,0,0,0,0,0,0,0,0
9,33,0,0,0,0,0,0,0,0,4.400751814413901,-1,-999,0,0,0,1,0,0,0,0
17,23,0,0,0,1,0,0,0,0,4.2303584057727965,-1,-999,0,0,0,7,0,0,0,1
19,1,0,1,0,1,0,0,0,0,3.91379956460568,-1,-999,0,1,0,2,0,0,0,0
10,6,0,0,0,0,0,0,0,1,3.621175542919471,-1,-999,0,0,0,3,0,0,0,1
11,26,0,0,0,0,0,0,0,0,3.9696844590546907,-1,-999,0,0,0,0,0,0,0,0
29,0,0,0,0,1,0,0,1,0,4.093400348604439,-1,-999,0,7,11,43,0,1,0,0
13,54,0,0,0,1,1,0,0,0,4.628806245213706,-1,-999,0,0,0,0,0,0,0,0
13,26,0,0,0,2,0,0,0,0,4.161148163381859,-1,-999,0,0,0,0,0,0,0,0
12,23,0,1,0,0,0,0,0,0,3.960693824268287,-1,-999,0,6,0,36,0,0,0,1
18,24,0,0,0,1,0,0,0,1,4.132481466909276,-1,-999,0,0,0,0,0,0,0,0
17,1,0,0,0,1,0,0,0,0,3.8634651896016474,-1,-999,0,0,1,73,0,1,0,0
39,10,0,0,0,3,0,0,2,6,4.338804369244613,-1,-999,0,0,0,0,0,0,0,1
20,34,0,0,0,1,0,0,0,0,4.180439698702094,-1,-999,0,0,0,0,0,0,0,0
10,40,0,0,0,0,1,0,0,3,4.056832235570406,-1,-999,0,3,1,8,0,0,0,1
26,1,0,0,0,1,0,0,0,3,4.035273502696889,-1,-999,0,0,0,0,0,0,0,1
14,12,0,0,0,0,0,0,0,0,3.9225895736416696,-1,-999,0,3,0,7,0,0,0,0
13,16,0,0,0,1,0,0,0,0,3.9959065984842455,-1,-999,0,1,1,10,0,0,0,0
16,33,0,1,0,1,1,0,0,0,4.131699015730916,-1,-999,0,0,0,23,1,1,0,1
22,27,0,0,0,1,0,0,0,0,4.1529762985916365,-1,-999,0,0,0,0,0,0,0,0
22,12,0,0,0,0,0,0,0,0,3.8883122251661937,-1,-999,0,0,0,3,0,0,0,1
30,17,0,1,0,1,0,0,0,0,4.236019377893915,-1,-999,0,0,0,0,0,0,0,1
11,1,0,0,0,1,0,0,0,3,3.576617644908666,-1,-999,0,0,0,0,0,0,0,1
18,1,0,1,0,1,0,0,0,0,3.8100810205217304,-1,-999,0,0,0,10,0,0,0,0
22,10,0,0,0,1,0,0,0,0,4.038499898783,-1,-999,0,1,1,21,0,0,0,0
14,105,0,0,0,1,1,0,0,5,4.7403599172907915,-1,-999,0,0,0,0,0,0,0,1
17,23,0,0,0,1,0,0,0,4,4.247654341779327,-1,-999,0,4,0,46,0,1,0,0
21,27,0,0,0,1,0,0,0,4,4.301649204701857,-1,-999,0,0,0,1,0,0,0,1
16,27,0,0,0,1,0,0,0,0,4.079079570624175,-1,-999,0,0,0,0,0,0,0,0
18,53,0,0,0,1,0,0,0,1,4.620920809129831,-1,-999,0,0,1,5,0,0,0,0
26,24,0,1,0,1,0,0,0,0,4.2297101091470655,-1,-999,0,0,0,0,0,0,0,1
17,10,0,1,0,0,1,0,0,3,4.014438730983428,-1,-999,0,0,0,0,0,0,0,1
16,18,0,1,0,1,0,0,0,0,4.0643546249021565,-1,-999,0,4,0,5,0,0,0,0
11,13,0,1,0,0,0,0,0,0,4.116729296672175,-1,-999,0,0,0,1,1,0,0,1
26,1,0,1,0,1,0,0,0,0,4.164299088064471,-1,-999,0,2,2,123,0,0,0,0
18,124,0,0,0,1,0,0,0,39,3.849194506334444,-1,-999,0,2,1,17,0,0,0,0
20,176,0,1,0,1,0,0,0,28,5.582010402564012,-1,-999,0,0,0,0,0,0,0,1
13,21,0,0,0,0,0,0,0,3,4.375487065435391,-1,-999,0,0,0,0,0,0,0,0
17,23,0,0,0,1,0,0,0,0,4.13694650097358,-1,-999,0,0,0,1,0,0,0,1
31,82,0,1,0,1,0,0,1,8,5.2191545354337014,-1,-999,0,5,0,34,0,0,0,1
30,62,0,1,0,1,0,1,0,1,4.58678942389652,-1,-999,0,0,0,0,0,0,0,1
28,1,0,1,0,1,0,0,0,0,4.2629790410707376,-1,-999,0,3,2,5,0,0,0,0
43,39,0,0,0,0,0,0,0,0,4.21030934261125,-1,-999,0,0,0,0,0,0,0,1
15,43,0,0,0,1,0,0,0,3,4.495315798164126,-1,-999,0,0,0,0,0,0,0,1
7,1,0,0,0,0,0,0,0,0,3.323231428797621,-1,-999,0,6,0,18,0,0,0,0
18,66,0,0,0,1,1,0,0,21,4.767457043609197,-1,-999,0,0,0,0,0,0,0,1
25,6,0,1,0,1,0,0,0,8,4.458103180234289,-1,-999,0,0,0,0,0,0,0,1
14,35,0,1,0,0,0,0,0,9,4.929113702352965,-1,-999,0,1,0,14,0,0,0,1
9,35,0,1,0,0,0,0,0,0,4.120844227998446,-1,-999,0,0,0,0,0,0,0,1
13,53,0,0,0,1,0,0,0,11,4.505332957363195,-1,-999,0,2,0,9,0,0,0,0
44,56,0,1,0,1,0,0,0,7,4.644108018331022,-1,-999,1,19,1,47,0,0,0,0
18,1,0,0,0,1,0,0,0,0,3.690260390968384,-1,-999,0,0,0,0,0,0,0,0
15,1,0,1,0,1,0,0,0,1,3.688721875540867,-1,-999,1,10,9,112,0,0,0,0
14,11,0,1,0,0,0,0,0,0,3.7834959231633984,-1,-999,0,0,0,60,0,1,0,0
16,17,0,1,0,1,0,0,0,0,4.1898860782540055,-1,-999,0,4,0,5,0,0,0,0
23,0,0,0,0,1,0,0,0,3,3.9898980954642878,-1,-999,0,2,0,4,1,0,0,1
61,1,0,0,0,6,0,0,0,4,4.309176950714095,-1,-999,0,0,0,0,0,0,0,1
50,69,0,1,0,3,2,0,1,15,4.751134982402209,-1,-999,0,0,0,0,0,0,0,1
19,1,0,1,0,1,0,0,0,0,3.9407598325400897,-1,-999,0,5,2,30,0,0,0,0
15,27,0,0,0,0,1,0,0,2,4.051375988316682,-1,-999,0,0,0,0,0,0,0,1
19,29,0,0,0,1,0,0,0,10,4.474554204780529,-1,-999,0,0,0,0,0,0,0,1
21,30,0,0,0,1,0,0,0,0,4.366541452644505,-1,-999,0,0,0,0,0,0,0,0
21,1,0,1,0,1,0,0,0,0,3.872905595320056,-1,-999,0,30,0,82,0,0,0,0
26,31,0,0,0,1,0,0,0,0,4.304632914624721,-1,-999,0,0,0,13,0,0,0,0
23,8,0,0,0,1,0,0,0,4,4.273728829005326,-1,-999,0,0,0,0,0,0,0,1
6,36,0,0,0,0,0,0,0,0,4.222080640900361,-1,-999,0,1,0,13,0,0,0,0
21,19,0,0,0,1,0,0,0,6,4.644910394184798,-1,-999,0,0,0,3,0,0,0,1
18,78,0,1,0,1,0,0,0,9,5.298424419141383,-1,-999,0,0,0,1,0,0,0,1
20,57,0,0,0,0,0,0,0,21,4.765779440837204,-1,-999,0,14,1,48,0,0,0,1
21,28,0,0,0,0,0,0,0,0,4.209141424086755,-1,-999,0,0,0,0,0,0,0,1
10,8,0,1,0,0,0,0,0,3,4.103909910282364,-1,-999,0,0,0,0,0,0,0,1
18,1,0,1,0,1,0,0,0,0,3.782122224145305,-1,-999,0,0,0,64,0,0,0,0
13,25,0,0,0,1,0,0,0,3,4.214432130654919,-1,-999,0,1,1,9,0,0,0,0
19,44,0,1,0,1,0,0,0,0,4.374323000514383,-1,-999,0,0,1,5,0,0,0,0
9,51,0,1,0,0,0,0,0,8,4.397847356109441,-1,-999,0,1,0,19,0,0,0,0
37,1,0,0,0,3,0,0,0,0,4.218870595993136,-1,-999,0,0,0,0,0,0,0,1
23,20,0,0,0,2,0,0,0,0,4.2528786893420305,-1,-999,0,0,0,0,0,0,0,1
20,73,0,0,0,0,4,0,0,5,4.475274166548137,-1,-999,0,0,0,2,0,0,0,1
18,1,0,0,0,1,0,0,0,0,3.873140679513133,-1,-999,1,57,1,83,0,0,0,0
15,180,0,1,0,1,1,0,0,79,4.734366802140299,-1,-999,0,0,0,0,0,0,0,1
19,1,0,0,0,1,0,0,0,0,3.8100810205217304,-1,-999,0,0,0,0,0,0,0,1
21,4,0,1,0,1,0,0,1,0,3.9225895736416696,-1,-999,0,0,1,39,0,0,0,0
17,96,0,0,0,1,0,0,0,7,4.418511898598417,-1,-999,0,4,1,15,0,0,0,0
28,71,0,0,0,0,0,0,0,12,4.8659127533973905,-1,-999,0,0,0,0,0,0,0,1
30,91,0,1,0,1,0,0,0,26,4.930678610634001,-1,-999,0,0,0,0,0,0,0,1
25,28,0,0,0,1,0,0,0,0,4.194087996100047,-1,-999,0,0,0,0,0,0,0,1
23,36,0,0,0,1,0,0,0,7,4.252654068017074,-1,-999,0,0,0,0,0,0,0,0
17,44,0,0,0,1,1,0,0,0,4.307054718002723,-1,-999,0,2,1,11,0,0,0,1
44,19,0,0,0,3,1,0,0,11,4.529093467397183,-1,-999,0,0,0,0,0,0,0,1
37,12,0,0,0,2,0,0,0,0,4.189437798233894,-1,-999,0,0,0,0,0,0,0,1
18,29,0,0,0,1,0,0,0,13,4.587858798299508,-1,-999,0,6,0,2,0,0,0,1
20,61,0,1,0,1,0,0,0,4,5.375147613396143,-1,-999,0,5,0,34,0,0,0,1
21,14,0,0,0,0,0,0,0,0,3.8418551494748616,-1,-999,0,0,0,0,0,0,0,1
16,29,0,0,0,1,0,0,0,0,3.9815151415015895,-1,-999,0,0,0,0,0,0,0,1
19,47,0,1,0,1,0,0,0,0,4.09174884562402,-1,-999,0,7,1,48,0,0,0,0
26,21,0,0,0,1,1,0,0,0,4.138991558345295,-1,-999,0,0,1,1,0,0,0,1
14,56,0,1,0,1,0,0,0,1,4.511327905465516,-1,-999,0,0,0,0,0,0,0,0
21,25,0,0,0,1,0,0,0,3,4.284458313732673,-1,-999,0,0,0,0,0,0,0,1
17,20,0,0,0,1,0,0,0,6,4.282739857027813,-1,-999,0,0,0,0,0,0,0,0
16,8,0,0,0,1,0,0,0,0,3.913400745661378,-1,-999,0,6,0,15,0,0,0,0
30,1,0,1,0,1,0,0,0,0,4.038499898783,-1,-999,0,2,0,35,0,0,0,0
50,67,0,1,0,3,2,0,1,24,4.740520918212511,-1,-999,0,0,0,0,0,0,0,1
19,15,0,0,0,1,0,0,0,0,4.110736992940919,-1,-999,0,0,0,5,0,0,0,0
26,1,0,1,0,1,0,0,0,0,4.050013373778757,-1,-999,0,0,1,60,0,0,0,0
14,41,0,0,0,1,0,0,0,2,4.317775150606212,-1,-999,0,0,0,1,1,0,0,0
10,49,0,0,0,0,0,0,0,29,4.3862452437483865,-1,-999,0,0,0,93,1,0,1,1
13,95,0,0,0,0,2,0,0,25,5.125662327559534,-1,-999,0,0,0,0,0,0,0,1
17,49,0,0,0,0,0,0,0,7,4.509753286084206,-1,-999,0,0,0,1,1,0,0,0
15,46,0,0,0,0,0,0,0,0,4.233095834952138,-1,-999,0,0,0,0,0,0,0,1
18,0,0,0,0,1,0,0,0,0,3.9736606896881863,-1,-999,0,0,2,12,0,0,0,0
31,1,0,1,0,2,0,0,1,0,3.9184539577019217,-1,-999,0,0,0,0,0,0,0,1
26,0,0,0,0,0,0,0,0,0,4.028946391954607,-1,-999,0,3,0,51,0,0,0,0
18,42,0,0,0,1,0,0,0,19,4.565404666450817,-1,-999,0,0,0,6,0,0,0,1
14,1,0,1,0,1,0,0,0,0,3.588354347173233,-1,-999,0,3,1,17,0,0,0,0
11,1,0,1,0,0,0,0,1,0,3.5464393446710156,-1,-999,0,0,0,16,0,0,0,0
14,65,0,1,0,1,0,0,0,4,4.6655170292853905,-1,-999,0,2,0,15,0,0,0,0
18,1,0,0,0,1,0,0,0,0,3.6423714487439023,-1,-999,0,0,0,15,0,0,0,0
15,12,0,1,0,1,0,0,0,0,3.9928705166358998,-1,-999,0,0,1,41,0,0,0,0
27,12,0,0,0,1,0,0,0,2,4.2675959232131575,-1,-999,0,0,0,0,0,0,0,1
26,63,0,1,0,1,0,0,0,0,4.060959378687693,-1,-999,0,0,0,8,0,0,0,0
20,20,0,1,0,1,0,0,0,6,4.016541406655651,-1,-999,0,0,0,1,1,0,0,0
17,1,0,0,0,1,0,0,0,2,3.8332696895151086,-1,-999,0,4,1,32,0,0,0,0
22,1,0,0,0,1,0,0,0,6,3.711080496244278,-1,-999,0,0,0,0,0,0,0,1
22,28,0,0,0,0,0,0,0,0,4.627221029864569,-1,-999,0,0,0,0,0,0,0,1
17,30,1,0,0,1,0,0,1,0,3.9372027258964106,-1,-999,0,0,0,0,0,0,0,1
19,18,0,0,0,0,0,0,0,0,4.24615711897243,-1,-999,0,2,2,13,0,0,0,1
19,28,0,1,0,0,0,0,1,0,4.280535396361309,-1,-999,0,0,0,0,0,0,0,1
19,13,0,0,0,1,0,0,0,0,4.089781950065052,-1,-999,0,0,0,1,0,0,0,0
13,24,0,1,0,0,0,0,0,5,4.296865596089289,-1,-999,0,0,0,0,0,0,0,1
27,1,0,0,0,1,0,0,0,0,4.050013373778757,-1,-999,0,0,1,1,0,0,0,0
18,1,0,1,0,1,0,0,0,0,3.6898916687500067,-1,-999,0,2,0,11,0,0,0,0
24,15,0,0,0,1,0,0,0,0,4.186954489636056,-1,-999,0,0,0,1,1,0,0,0
16,38,0,0,0,1,0,0,0,0,4.354688723015057,-1,-999,0,0,0,1,1,0,0,0
31,28,0,0,0,1,0,0,0,0,4.221959650608546,-1,-999,0,1,3,26,0,0,0,0
22,29,0,0,0,1,0,0,0,6,4.3038609005169235,-1,-999,0,5,0,31,0,0,0,0
10,15,0,0,0,0,0,0,0,0,3.765319531114783,-1,-999,0,0,0,42,0,0,0,1
13,39,0,1,0,1,0,0,0,19,4.525022485729207,-1,-999,0,0,0,0,0,0,0,1
20,1,0,1,0,1,0,0,0,3,4.142295219190901,-1,-999,0,0,0,0,0,0,0,1
18,75,0,0,0,1,1,0,0,23,4.743563380781241,-1,-999,0,0,0,0,0,0,0,1
14,51,0,1,0,1,0,0,0,4,4.545149102168525,-1,-999,0,2,0,15,0,0,0,0
19,20,0,1,0,1,0,0,0,0,4.153007937189824,-1,-999,0,2,1,24,0,0,1,0
19,24,0,0,0,1,0,0,0,0,4.343465189601647,-1,-999,0,0,0,5,0,0,0,0
19,1,0,0,0,1,0,0,1,0,3.8841550945958043,-1,-999,0,0,0,25,0,0,1,0
8,9,0,0,0,0,0,0,0,0,3.7720552088742005,-1,-999,0,0,0,0,0,0,0,1
12,71,0,1,0,0,0,0,0,9,4.5803512725767295,-1,-999,0,0,0,0,0,0,0,0
23,20,0,0,0,2,0,0,0,0,4.199079570624175,-1,-999,0,0,0,0,0,0,0,1
16,1,0,0,0,1,0,0,0,0,3.5220552088742005,-1,-999,0,1,0,9,0,0,0,0
20,28,0,0,0,1,0,0,0,0,4.117254487427743,-1,-999,0,10,1,27,0,0,0,0
17,62,0,1,0,1,0,0,0,8,4.593139438298282,-1,-999,0,11,1,35,0,0,0,0
29,0,0,0,0,1,0,0,0,1,4.027719015921097,-1,-999,0,0,0,1,0,0,0,1
50,69,0,1,0,3,2,0,1,17,4.810280279000943,-1,-999,0,0,0,0,0,0,0,1
18,140,0,0,0,1,0,1,0,39,5.078290283739872,-1,-999,0,0,0,0,0,0,0,1
21,42,0,0,0,1,0,0,0,1,4.346511766666806,-1,-999,0,0,0,22,0,0,1,0
23,0,0,0,0,1,0,0,0,0,4.123231428797621,-1,-999,0,0,0,0,0,0,0,0
14,53,0,0,0,1,0,0,0,5,4.157449225726372,-1,-999,0,4,0,7,0,0,0,0
18,13,0,0,0,1,0,0,0,0,4.1287347499440905,-1,-999,0,0,0,0,0,0,0,1
16,4,0,0,0,1,0,0,0,0,3.6898916687500067,-1,-999,0,2,1,48,0,0,0,0
27,28,0,1,0,0,0,0,0,0,3.848800360553583,-1,-999,0,0,0,0,0,0,0,1
28,1,0,0,0,0,0,0,0,0,4.117861029749889,-1,-999,0,5,0,12,0,0,0,1
10,51,0,0,0,0,0,0,0,24,4.745047951321747,-1,-999,0,0,0,0,0,0,0,1
26,32,0,0,0,1,0,0,0,0,3.9865389313411015,-1,-999,0,0,0,9,0,0,0,0
15,36,0,0,0,0,0,0,0,1,4.165929866034165,-1,-999,0,3,0,46,0,0,0,0
18,145,0,0,0,1,0,1,0,52,4.976818548599419,-1,-999,0,0,0,0,0,0,0,1
25,1,0,0,0,1,0,0,0,0,3.98319563424773,-1,-999,0,3,0,22,0,0,0,0
54,67,0,0,0,4,2,0,1,19,4.754358005055083,-1,-999,0,0,0,0,0,0,0,1
11,4,0,0,0,1,0,0,0,1,3.5383105956150063,-1,-999,0,0,0,26,0,0,0,0
14,59,0,1,0,1,0,0,0,4,4.712309743391442,-1,-999,0,2,0,15,0,0,0,0
4,4,0,0,0,0,0,0,0,1,3.323231428797621,-1,-999,0,4,0,1,0,0,0,1
24,35,0,1,0,2,0,1,0,1,4.302145984006746,-1,-999,0,0,0,23,1,1,0,1
22,0,0,0,0,1,0,0,0,1,3.9488593407620454,-1,-999,0,2,0,4,1,0,0,1
28,1,0,1,0,1,0,0,0,0,4.060012149061901,-1,-999,0,0,0,0,0,0,0,0
20,23,0,0,0,0,0,0,1,0,4.136174630069641,-1,-999,0,0,0,30,0,0,1,1
9,51,0,0,0,0,0,0,0,0,4.1834180637798974,-1,-999,0,0,0,0,0,0,0,0
34,11,0,0,0,3,1,0,0,4,4.303724516543195,-1,-999,0,0,0,0,0,0,0,1
19,13,0,0,0,1,1,0,0,0,3.90657048781565,-1,-999,0,0,0,1,0,0,0,0
25,14,0,0,0,1,0,0,0,0,3.787164065167291,-1,-999,0,0,0,1,0,0,0,1
17,1,0,1,0,1,0,0,0,0,3.5843031793467124,-1,-999,0,0,0,121,0,0,1,0
17,1,0,0,0,1,0,0,0,0,3.7532696895151085,-1,-999,0,4,0,12,0,0,0,0
21,19,0,1,0,0,2,0,1,0,4.2928547434383315,-1,-999,0,0,0,0,0,0,0,1
16,6,0,1,0,1,0,0,0,0,4.081727678869736,-1,-999,1,8,1,5,0,0,1,0
18,45,0,0,0,0,0,0,1,0,3.8659165475747517,-1,-999,0,0,0,0,0,0,0,1
15,217,0,0,0,0,0,0,0,45,5.373516779046027,-1,-999,0,0,0,0,0,0,0,1
23,0,0,0,0,1,0,0,0,3,3.9898980954642878,-1,-999,0,2,0,4,1,0,0,1
24,42,0,0,0,1,0,0,1,0,4.176843726077395,-1,-999,0,0,0,18,0,0,0,0
9,0,0,0,0,0,0,0,0,0,3.75,-1,-999,0,0,0,0,0,0,0,0
21,29,0,0,0,1,0,0,0,10,4.5103623302129146,-1,-999,0,0,0,0,0,0,0,1
9,0,0,0,0,0,0,0,0,0,3.452819531114783,-1,-999,0,0,0,1,0,0,0,0
14,9,0,1,0,0,0,0,0,0,3.784368487596862,-1,-999,0,0,0,0,0,0,0,1
18,44,0,0,0,1,0,0,0,18,4.569205624769987,-1,-999,0,0,0,0,0,0,0,1
23,15,0,1,0,1,0,0,1,0,4.300417118959396,-1,-999,0,6,2,22,0,0,0,0
10,6,0,0,0,0,0,0,0,0,3.5342190211803404,-1,-999,0,0,0,13,0,0,0,0
15,12,0,1,0,0,2,0,0,0,3.9113061459995184,-1,-999,0,0,0,0,0,0,0,1
28,22,0,0,0,1,0,0,0,0,4.202439190137593,-1,-999,0,2,0,15,0,0,0,1
15,1,0,1,0,1,0,0,0,0,3.7720552088742005,-1,-999,0,1,3,31,0,0,0,0
18,25,0,1,0,1,0,0,0,2,4.2675480774274845,-1,-999,0,0,0,1,0,0,0,0
21,15,0,0,0,1,0,0,1,0,4.1558184643976634,-1,-999,0,0,0,1,1,0,0,0
25,0,0,0,0,1,0,0,0,0,3.8514097655573916,-1,-999,0,2,0,4,1,0,0,1
8,7,0,0,0,0,0,0,0,0,3.6069367321753214,-1,-999,0,0,0,0,0,0,0,1
19,109,0,0,0,1,0,0,0,2,4.175310533087206,-1,-999,0,0,1,16,0,0,0,0
15,1,0,1,0,1,0,0,0,0,3.459147917027245,-1,-999,0,17,0,34,0,0,0,0
20,1,0,1,0,1,0,0,0,0,3.8664331502253835,-1,-999,0,0,1,15,0,0,0,0
20,235,0,0,0,1,1,0,0,84,4.767127145490533,-1,-999,0,0,0,0,0,0,0,1
24,1,0,0,0,2,0,0,1,0,3.85845859334435,-1,-999,0,0,0,0,0,0,0,1
39,10,0,1,0,2,0,0,3,1,4.32779440115034,-1,-999,0,0,0,0,0,0,0,1
18,75,0,0,0,1,1,0,0,21,4.766726636825403,-1,-999,0,0,0,0,0,0,0,1
17,11,0,1,0,0,0,0,0,5,4.127986806877675,-1,-999,0,8,1,31,0,0,0,0
16,1,0,0,0,1,0,0,0,0,3.7406015629507228,-1,-999,1,14,0,26,0,0,0,0
21,18,0,1,0,1,0,0,0,0,4.179499692462942,-1,-999,0,0,0,0,0,0,0,1
22,0,0,0,0,1,0,0,0,0,4.03039478823102,-1,-999,0,29,2,40,0,0,1,0
21,87,0,0,0,1,0,1,0,0,4.472668867916832,-1,-999,0,0,0,0,0,0,0,1
10,1,0,1,0,1,0,0,0,0,3.391892644680933,-1,-999,0,2,0,4,0,0,0,0
29,1,0,1,0,1,0,0,2,0,4.13569955274647,-1,-999,0,0,0,2,0,0,0,0
31,102,0,0,0,1,0,0,3,1,4.824431049310938,-1,-999,0,0,1,1,0,0,0,1
17,12,0,1,0,1,0,0,0,6,4.334736393288402,-1,-999,0,13,0,13,0,0,0,0
16,11,0,0,0,1,0,0,0,0,3.998652546878167,-1,-999,0,0,0,3,0,0,0,1
17,17,0,0,0,1,0,0,0,0,4.247557492317426,-1,-999,0,0,0,0,0,0,0,1
20,82,0,0,0,0,2,0,0,21,4.935122687986416,-1,-999,0,0,0,1,0,0,0,1
24,22,0,0,0,0,0,0,0,0,4.17733914385784,-1,-999,0,2,0,15,0,0,0,1
16,23,0,1,0,1,0,0,0,0,4.347587661184009,-1,-999,0,4,0,5,0,0,0,0
33,346,0,1,0,1,0,0,0,65,5.760599849163733,-1,-999,0,0,0,0,0,0,0,1
12,1,0,1,0,0,0,0,0,0,3.6537567082870015,-1,-999,0,9,0,9,0,0,0,0
24,59,0,1,0,0,1,0,1,23,4.836221739776118,-1,-999,0,0,0,0,0,0,0,1
16,20,0,0,0,1,0,0,0,3,4.5829005103651115,-1,-999,0,0,0,0,0,0,0,0
15,1,0,1,0,1,0,0,0,0,3.6258145836939115,-1,-999,0,3,0,7,0,0,0,0
14,270,0,1,0,1,0,0,0,146,4.897720947970794,-1,-999,0,0,0,48,0,0,0,1
14,1,0,1,0,1,0,0,0,0,3.675310868912364,-1,-999,0,3,0,16,0,0,0,0
17,1,0,1,0,0,0,0,0,0,3.873140679513133,-1,-999,0,267,1,21,0,0,0,0
23,28,0,0,0,1,0,0,0,0,4.113868658988408,-1,-999,0,11,0,23,0,0,0,0
20,32,0,0,0,1,0,0,0,0,4.363172871535663,-1,-999,0,5,0,4,0,0,0,0
21,41,0,1,0,0,1,0,0,0,4.3590915455416095,-1,-999,0,0,0,0,0,0,0,1
21,24,0,0,0,1,0,0,0,0,4.200936478698072,-1,-999,0,0,0,1,1,0,0,0
18,18,0,0,0,1,0,0,1,0,4.268719696310997,-1,-999,0,0,0,0,0,0,0,1
43,1,0,0,0,2,0,0,2,5,4.302340969796452,-1,-999,0,0,0,0,0,0,0,1
17,31,0,0,0,1,0,0,0,0,4.235258578258162,-1,-999,0,0,0,0,0,0,0,0
16,21,0,0,0,0,0,0,0,0,4.433990357756303,-1,-999,0,0,0,0,0,0,0,1
15,35,0,0,0,1,0,0,0,0,4.376859865749111,-1,-999,0,0,0,0,0,0,0,0
20,9,0,0,0,1,0,0,0,0,4.162573265150912,-1,-999,0,0,0,30,0,0,1,0
22,38,0,1,0,1,0,0,0,18,4.601306223221492,-1,-999,0,0,0,0,0,0,0,1
27,10,0,1,0,1,1,0,0,0,4.178088307912703,-1,-999,0,0,0,0,0,0,0,0
15,1,0,0,0,1,0,0,0,0,3.642489673166126,-1,-999,0,0,1,13,0,0,0,0
14,1,0,1,0,1,0,0,0,0,3.729446194905256,-1,-999,0,0,0,0,0,0,0,0
42,1,0,0,0,3,0,0,2,2,4.183981820580906,-1,-999,0,0,0,0,0,0,0,1
22,13,0,0,0,1,0,0,0,0,4.061976875613826,-1,-999,0,1,1,21,0,0,0,0
21,13,0,0,0,1,0,0,0,0,4.265969382614097,-1,-999,0,0,0,0,0,0,0,1
17,1,0,0,0,1,0,0,0,0,3.239079570624175,-1,-999,0,0,1,15,0,0,0,0
14,35,0,0,0,1,0,0,0,2,4.280108717855275,-1,-999,0,0,0,0,0,0,0,1
13,14,0,0,0,1,0,0,0,0,4.0796786498829745,-1,-999,0,0,0,1,1,0,0,0
16,178,0,0,0,0,0,0,0,36,5.604862799629831,-1,-999,0,0,0,20,0,0,0,1
18,43,0,1,0,0,0,1,0,0,4.394996010998429,-1,-999,0,0,0,0,0,0,0,1
11,22,0,1,0,1,0,0,0,0,4.250623273270421,-1,-999,0,0,0,40,0,0,0,0
50,67,0,1,0,3,2,0,1,17,4.739523322823045,-1,-999,0,0,0,0,0,0,0,1
18,1,0,0,0,1,0,0,0,0,3.738149333192866,-1,-999,0,0,0,0,0,0,0,0
8,114,0,1,0,0,1,0,0,0,4.268026177148293,-1,-999,0,8,1,51,0,0,0,0
15,80,0,0,0,0,0,0,0,20,4.655947250268048,-1,-999,0,0,0,0,0,0,0,1
15,1,0,1,0,1,0,0,0,0,3.7720552088742005,-1,-999,0,0,1,11,0,0,1,0
18,25,0,0,0,1,0,0,1,0,4.326886761135438,-1,-999,0,3,0,30,0,0,0,0
21,0,0,0,0,1,0,0,0,0,4.066108939837481,-1,-999,0,0,0,0,0,0,0,1
14,11,0,0,0,1,0,0,0,5,4.218139062229566,-1,-999,0,0,0,0,0,0,0,1
20,38,0,1,0,1,0,0,0,0,4.153967513744691,-1,-999,0,3,0,6,0,0,0,0
14,1,0,1,0,1,0,0,0,0,3.642489673166126,-1,-999,0,1,0,25,0,0,0,0
7,26,0,0,0,0,0,0,0,1,3.7149112214500146,-1,-999,0,0,0,1,0,0,0,0
12,19,0,1,0,0,1,0,0,1,4.006573937300012,-1,-999,0,0,0,0,0,0,0,1
17,74,0,1,0,1,0,0,0,0,4.377346868181707,-1,-999,0,0,0,37,0,0,1,0
11,1,0,1,0,1,0,0,0,0,3.5464393446710156,-1,-999,0,8,1,7,0,0,0,0
25,12,0,0,0,1,1,0,0,0,4.138091493923261,-1,-999,0,0,0,1,1,0,0,0
24,1,0,0,0,1,0,0,0,0,4.077819531114783,-1,-999,0,2,0,18,0,1,0,0
19,1,0,0,0,1,0,0,0,0,4.0043444463675275,-1,-999,0,0,0,0,0,0,0,0
19,1,0,0,0,1,0,0,0,0,3.6800893536948065,-1,-999,0,4,0,60,0,0,0,0
20,1,0,1,0,1,0,0,1,0,4.021268494903765,-1,-999,0,0,0,2,1,0,0,0
17,12,0,0,0,1,0,0,0,0,4.027719015921097,-1,-999,0,2,0,33,0,0,0,0
29,98,0,0,0,3,2,0,1,6,4.683815417635673,-1,-999,0,0,0,0,0,0,0,1
40,230,0,0,0,1,0,0,1,40,5.856711325068488,-1,-999,0,0,0,0,0,0,0,1
21,77,0,0,0,2,0,0,0,7,5.141005365803156,-1,-999,0,0,0,0,0,0,0,1
19,1,0,1,0,1,0,0,1,0,3.8423709931771084,-1,-999,0,3,1,6,0,0,0,0
18,31,0,0,0,1,0,0,0,0,4.209427360354675,-1,-999,0,0,0,0,0,0,0,0
14,49,0,0,0,1,0,0,0,5,4.464349624888047,-1,-999,0,0,1,53,0,0,0,0
17,1,0,1,0,1,0,0,0,0,3.921029621737615,-1,-999,0,0,0,0,0,0,0,0
19,13,0,0,0,1,0,0,0,0,3.9359357962188977,-1,-999,0,0,0,0,0,0,0,0
19,29,0,0,0,1,0,0,0,0,4.135841650542516,-1,-999,0,1,0,11,0,0,0,0
24,6,0,1,0,1,0,0,1,4,4.458103180234289,-1,-999,0,0,0,0,0,0,0,1
28,13,0,0,0,0,0,0,0,0,4.347794209361695,-1,-999,0,0,0,0,0,0,0,1
30,71,0,1,0,1,0,0,1,11,5.437835113714095,-1,-999,0,5,0,34,0,0,0,1
41,24,0,0,0,3,0,0,2,5,4.31798993250543,-1,-999,0,0,0,0,0,0,0,1
14,22,0,1,0,1,0,0,0,2,4.635645873818991,-1,-999,0,0,0,0,0,0,0,1
10,1,0,1,0,1,0,0,0,0,3.536886723742168,-1,-999,0,1,1,31,0,0,0,0
17,20,0,0,0,1,0,0,0,0,4.243887449197206,-1,-999,0,1,1,19,0,0,0,0
15,35,0,0,0,1,0,0,0,0,4.30668442715262,-1,-999,1,9,1,20,0,0,0,0
12,58,0,0,0,0,0,0,0,6,4.953547378633035,-1,-999,0,22,0,54,0,0,0,1
17,4,0,1,0,1,0,0,0,0,3.8833374604210062,-1,-999,1,3,0,0,0,0,0,1
27,72,0,1,0,2,0,0,0,14,5.099801997555389,-1,-999,0,0,0,0,0,0,0,0
13,21,0,0,0,0,0,0,0,0,3.9435478960562036,-1,-999,0,0,0,0,0,0,0,1
16,18,0,1,0,1,0,0,0,0,4.302449862997395,-1,-999,0,0,0,1,0,0,0,0
14,17,0,1,0,1,0,0,0,0,3.8814307444478007,-1,-999,0,2,5,44,0,0,1,0
20,37,0,0,0,1,0,0,0,0,4.14813272039029,-1,-999,0,3,0,4,0,0,0,0
16,143,0,0,0,0,2,0,0,26,5.435932779015547,-1,-999,0,0,0,0,0,0,0,1
21,1,0,1,0,1,0,0,0,0,3.8062389286533898,-1,-999,0,1,0,22,0,0,0,0
21,18,0,0,0,1,0,0,2,0,4.259671401982716,-1,-999,0,0,0,0,0,0,0,1
19,30,0,0,0,0,1,0,0,0,4.272563191663422,-1,-999,0,0,0,0,0,0,0,1
19,11,0,0,0,1,0,0,0,0,3.9359556499866866,-1,-999,0,0,0,1,0,0,0,0
24,112,0,0,0,1,0,0,0,12,4.887013115282542,-1,-999,0,0,0,0,0,0,0,0
35,1,0,0,0,1,0,0,2,4,4.268719696310997,-1,-999,0,0,0,0,0,0,0,1
50,69,0,1,0,3,2,0,1,26,4.853325396222247,-1,-999,0,0,0,0,0,0,0,1
9,4,0,0,0,0,0,0,0,1,3.8841837197791893,-1,-999,0,0,0,7,0,0,0,1
14,1,0,0,0,1,0,0,0,0,3.7544418457133455,-1,-999,0,0,0,0,0,0,0,0
20,1,0,0,0,1,0,0,0,0,3.9232517969803373,-1,-999,0,12,1,52,0,0,0,0
50,69,0,1,0,3,2,0,1,16,4.685755009100959,-1,-999,0,0,0,0,0,0,0,1
20,14,0,0,0,1,0,0,0,0,4.183430895168874,-1,-999,0,0,0,1,0,0,0,1
22,1,0,1,0,1,0,0,0,0,3.913400745661378,-1,-999,0,27,4,45,0,0,0,0
12,33,0,1,0,0,0,0,0,0,4.31294463456903,-1,-999,0,0,0,0,0,0,0,1
27,10,0,1,0,3,0,0,0,0,3.9200962973696627,-1,-999,0,0,0,0,0,0,0,1
16,1,0,1,0,1,0,0,0,0,3.733660689688186,-1,-999,0,11,1,31,0,0,0,0
20,1,0,1,0,1,0,0,0,0,4.073329701949522,-1,-999,0,3,0,2,1,0,0,1
23,50,0,0,0,1,0,0,0,6,4.541682589575968,-1,-999,0,0,0,1,0,0,0,0
27,1,0,0,0,1,0,0,0,11,3.9357276594930424,-1,-999,0,0,0,1,0,0,0,1
25,1,0,0,0,0,0,0,0,0,4.12728313431329,-1,-999,0,0,0,0,0,0,0,1
27,1,0,1,0,1,0,0,0,0,4.016875695766564,-1,-999,0,0,0,8,0,0,0,0
18,21,0,1,0,1,0,0,0,0,4.032272361855623,-1,-999,0,0,0,0,0,0,0,0
16,10,0,1,0,1,0,0,0,0,3.9620315910594455,-1,-999,0,4,0,5,0,0,0,0
22,1,0,0,0,1,0,0,0,0,3.9898980954642878,-1,-999,0,4,0,13,0,0,0,0
14,42,0,0,0,1,0,0,0,6,4.513171495602655,-1,-999,0,0,0,1,1,0,0,0
15,19,0,1,0,1,0,0,0,8,4.279720852464461,-1,-999,0,0,1,5,0,0,0,0
24,7,0,1,0,0,0,0,0,0,4.201692923824033,-1,-999,0,0,0,0,0,0,0,1
23,16,0,0,0,0,0,0,1,0,4.3154647887515205,-1,-999,0,0,0,0,0,0,0,1
20,1,0,1,0,1,0,0,0,1,3.995237891380887,-1,-999,0,0,0,14,0,0,0,1
19,0,0,0,0,0,0,0,0,0,3.638530469124292,-1,-999,0,97,1,48,0,0,1,0
13,9,0,0,0,0,0,0,1,0,3.715932185515029,-1,-999,0,6,0,42,0,0,0,1
10,18,0,0,0,0,1,0,0,3,3.978864088188098,-1,-999,0,0,0,0,0,0,0,1
31,8,0,1,0,3,0,0,0,10,4.4104518833623745,-1,-999,0,0,0,0,0,0,0,1
16,1,0,1,0,1,0,0,0,0,3.80307418942857,-1,-999,0,4,1,6,0,0,0,0
14,83,0,0,0,0,0,0,0,5,4.7284995330485575,-1,-999,0,0,0,0,0,0,0,1
19,95,0,0,0,0,2,0,0,0,4.250227431655775,-1,-999,0,4,1,22,0,0,0,1
13,92,0,0,0,1,0,0,0,2,4.5863365009199635,-1,-999,0,1,1,9,0,0,0,0
12,25,0,0,0,0,0,0,1,0,4.083765141069551,-1,-999,0,0,0,0,0,0,0,1
23,1,0,0,0,1,0,0,0,0,3.808719697344071,-1,-999,0,0,0,3,0,0,0,0
20,1,0,1,0,1,0,0,0,2,4.090234012145144,-1,-999,0,0,0,0,0,0,0,1
42,19,0,1,0,3,2,0,0,8,4.4845373198461225,-1,-999,0,0,0,0,0,0,0,1
14,75,0,0,0,0,1,0,0,19,4.817016933920203,-1,-999,0,0,0,0,0,0,0,1
15,16,0,1,0,1,0,0,0,0,4.057855988582063,-1,-999,0,4,1,16,0,0,0,0
17,39,0,0,0,1,0,0,0,3,4.434674852072124,-1,-999,0,0,0,0,0,0,0,0
17,15,0,0,0,1,0,0,0,0,4.054632988093018,-1,-999,0,1,1,24,0,0,0,0
17,41,0,0,0,1,0,0,0,0,4.356511275528549,-1,-999,0,14,0,89,0,1,1,0
20,12,0,0,0,1,0,0,0,1,4.175550615909831,-1,-999,0,0,0,0,0,0,0,1
50,69,0,1,0,3,2,0,1,28,4.865720340660783,-1,-999,0,0,0,0,0,0,0,1
26,1,0,1,0,1,0,0,2,0,4.0855880165740865,-1,-999,0,0,0,0,0,0,0,0
19,28,0,1,0,1,1,0,0,0,4.09947801417888,-1,-999,0,2,0,9,0,0,0,0
26,0,0,0,0,1,0,0,1,0,4.043801694853791,-1,-999,0,0,0,1,0,0,0,1
19,90,0,1,0,1,0,0,0,0,4.2563840078554325,-1,-999,1,13,1,68,0,0,0,0
19,60,0,0,0,2,0,0,0,34,4.718497063532118,-1,-999,0,0,0,0,0,0,0,1
35,68,0,1,0,1,0,0,1,7,5.306575436437141,-1,-999,0,5,0,34,0,0,0,1
15,19,0,1,0,1,0,0,0,0,4.536388882458135,-1,-999,0,0,1,50,0,0,0,0
19,22,0,0,0,1,0,0,0,0,4.256328385912462,-1,-999,0,0,0,1,0,0,0,1
24,1,0,0,0,2,0,0,1,4,3.8820488277869583,-1,-999,0,0,0,0,0,0,0,1
17,18,0,1,0,0,0,0,0,0,4.078028279096584,-1,-999,0,0,0,0,0,0,0,1
17,30,0,0,0,1,0,0,0,5,4.536842363074259,-1,-999,0,0,0,3,0,0,0,1
18,1,0,0,0,1,0,0,0,0,3.6612262562697895,-1,-999,0,0,0,0,0,0,0,0
18,15,0,0,0,1,0,0,0,0,4.184183719779189,-1,-999,0,1,1,26,0,0,0,0
20,1,0,1,0,1,0,0,0,0,3.9523029776623857,-1,-999,0,0,0,16,0,0,0,1
17,25,0,0,0,1,0,0,0,0,4.086263864736003,-1,-999,0,8,0,14,0,0,0,0
13,14,0,0,0,1,0,0,0,0,4.197325708706504,-1,-999,0,0,0,11,0,0,1,1
20,28,0,1,0,1,0,0,0,0,4.289609949563123,-1,-999,0,15,0,49,0,0,0,0
17,12,0,1,0,1,0,0,0,0,4.067165189777858,-1,-999,0,4,0,4,0,0,0,0
22,81,0,0,0,0,0,0,1,20,4.740825709504485,-1,-999,0,15,0,12,0,0,0,1
18,53,0,0,0,0,1,0,1,1,4.056405553473669,-1,-999,0,0,0,0,0,0,0,1
27,0,0,0,0,1,0,0,0,0,4.197325708706504,-1,-999,0,9,1,86,0,0,0,0
13,19,0,0,0,1,0,0,0,0,4.201692923824033,-1,-999,0,0,0,0,0,0,0,0
11,44,0,1,0,1,0,0,0,8,4.646418898701708,-1,-999,1,26,0,21,0,0,0,1
18,20,0,1,0,0,0,0,1,0,4.237447619997662,-1,-999,0,0,0,1,0,0,0,1
24,50,0,0,0,1,0,0,0,6,4.415080523342227,-1,-999,0,1,0,78,0,0,0,0
14,1,0,0,0,0,1,0,0,0,3.970573095811685,-1,-999,0,3,1,17,0,0,0,1
18,21,0,0,0,1,0,0,0,0,4.224117662343593,-1,-999,0,0,0,0,0,0,0,1
27,1,0,1,0,1,0,0,0,0,3.8218881955261783,-1,-999,1,4,0,1,0,0,1,0
22,52,0,0,0,0,0,0,1,22,4.606471879503045,-1,-999,0,15,0,12,0,0,0,1
42,68,0,0,0,3,2,0,0,23,4.933598372749906,-1,-999,0,0,0,0,0,0,0,1
22,67,0,0,0,0,2,0,0,0,4.413153392949713,-1,-999,0,0,0,0,0,0,0,1
14,20,0,0,0,0,0,0,0,0,3.98587320077595,-1,-999,0,0,0,1,1,0,0,1
23,1,0,1,0,1,0,0,3,1,4.054229296672175,-1,-999,0,0,0,14,0,0,1,0
15,17,0,0,0,0,0,0,0,0,4.160420091146166,-1,-999,1,11,0,11,0,0,0,1
19,37,0,0,0,1,0,0,0,0,4.442862613969782,-1,-999,0,2,0,16,0,0,0,0
17,1,0,1,0,1,0,0,1,0,3.921029621737615,-1,-999,1,7,0,32,0,0,0,0
11,1,0,1,0,1,0,0,0,0,3.5464393446710156,-1,-999,0,0,0,1,0,0,0,0
17,1,0,1,0,1,0,0,0,0,3.7962176025900565,-1,-999,0,8,0,54,0,0,0,0
16,57,0,1,0,1,0,0,0,7,5.151529407184168,-1,-999,0,0,0,0,0,0,0,1
66,1,0,1,0,3,0,0,2,41,4.126757472396296,-1,-999,0,0,0,0,0,0,0,1
21,1,0,1,0,1,0,0,1,0,3.9898980954642878,-1,-999,0,0,0,1,0,0,0,1
15,25,0,1,0,1,0,0,0,0,4.258947073809812,-1,-999,0,0,2,26,0,0,0,0
23,72,0,0,0,1,0,0,1,1,4.3615458928952195,-1,-999,0,0,0,0,0,0,0,1
27,26,0,1,0,1,0,0,0,0,4.272779502976538,-1,-999,0,0,0,16,0,0,0,0
20,1,0,0,0,1,0,0,0,0,3.869331261111518,-1,-999,0,5,1,45,0,0,0,0
18,20,0,0,0,1,0,0,0,0,4.077436640957574,-1,-999,0,0,0,0,0,0,0,0
26,14,0,0,0,1,0,0,0,0,4.087871894878754,-1,-999,0,0,0,10,0,0,0,0
18,1,0,1,0,1,0,0,0,0,3.7541634277688805,-1,-999,0,0,0,1,0,0,0,0
50,69,0,1,0,3,2,0,1,23,4.8153976386263615,-1,-999,0,0,0,0,0,0,0,1
17,109,0,1,0,1,0,0,0,29,5.259109883730104,-1,-999,0,0,0,10,0,1,0,1
13,0,0,0,0,1,0,0,0,0,3.684183719779189,-1,-999,0,1,0,31,0,0,1,0
15,19,0,1,0,0,0,0,0,0,4.02365210241295,-1,-999,0,0,0,1,0,0,0,1
45,17,0,1,0,3,0,0,2,17,4.593200339297389,-1,-999,0,0,0,0,0,0,0,1
17,39,0,1,0,1,0,0,0,9,4.415623587245974,-1,-999,0,5,1,22,0,0,0,0
13,57,0,0,0,1,0,0,0,2,4.341398964220473,-1,-999,0,0,0,0,0,0,0,1
35,0,0,0,0,3,0,0,0,0,4.159592720140252,-1,-999,0,0,0,0,0,0,0,1
25,11,0,0,0,1,1,0,0,0,4.047562138070836,-1,-999,0,0,0,1,1,0,0,0
18,19,0,1,0,1,0,0,0,0,4.197082818407666,-1,-999,0,0,0,20,0,0,0,0
23,1,0,0,0,1,0,0,0,0,3.873235826376329,-1,-999,0,0,0,0,0,0,0,1
15,89,0,1,0,1,0,0,0,6,5.225745419499926,-1,-999,0,0,0,0,0,0,0,1
61,57,0,0,0,1,1,0,4,44,4.789853981370492,-1,-999,0,0,0,0,0,0,0,1
10,1,0,1,0,0,0,0,0,0,3.78714396069814,-1,-999,0,0,0,0,0,0,0,0
22,38,0,1,0,1,0,0,0,18,4.598369003512378,-1,-999,0,0,0,0,0,0,0,1
35,752,0,0,0,3,1,0,0,131,5.879400659433757,-1,-999,0,0,0,0,0,0,0,1
14,188,0,0,0,0,3,0,0,76,4.612318215621203,-1,-999,0,0,0,0,0,0,0,1
10,213,0,0,0,0,0,0,0,49,5.143607132599517,-1,-999,0,0,0,0,0,0,0,1
7,47,0,1,0,0,2,0,0,2,4.779122090875091,-1,-999,0,0,0,10,0,0,1,1
16,32,0,1,0,1,0,0,0,0,4.179475288865994,-1,-999,0,4,0,5,0,0,0,0
45,1,0,1,0,1,1,0,0,12,4.632124715439567,-1,-999,0,0,0,7,0,0,0,1
12,44,0,0,0,1,0,0,0,7,4.635954630420267,-1,-999,0,0,0,1,1,0,0,0
16,10,0,1,0,1,0,0,0,0,4.1162996057016965,-1,-999,0,0,0,1,0,0,0,0
21,10,0,0,0,1,0,0,0,1,4.218469211370856,-1,-999,0,0,0,0,0,0,0,1
50,69,0,1,0,3,2,0,1,11,4.706824274819866,-1,-999,0,0,0,0,0,0,0,1
23,16,0,0,0,1,1,0,0,0,4.033794020992213,-1,-999,0,7,0,26,0,0,0,1
22,14,0,0,0,1,0,0,0,0,4.193251963803171,-1,-999,0,1,1,21,0,0,0,0
17,1,0,1,0,1,0,0,1,0,3.873140679513133,-1,-999,0,0,0,0,0,0,0,1
29,79,0,0,0,1,2,0,1,11,4.584347741323221,-1,-999,0,0,0,0,0,0,0,1
12,5,0,0,0,0,0,0,0,0,3.5535088547976783,-1,-999,0,0,0,0,0,0,0,1
6,7,0,1,0,0,0,0,0,3,3.9754180179138334,-1,-999,0,0,0,2,0,0,0,1
40,11,0,0,0,2,0,0,0,2,4.265213057065438,-1,-999,0,0,0,0,0,0,0,1
17,11,0,0,0,0,0,0,0,0,4.093149802473812,-1,-999,0,0,0,0,0,0,0,1
21,4,0,1,0,1,0,0,1,0,4.066677073707229,-1,-999,0,13,0,44,0,0,0,0
39,1,0,1,0,1,0,0,0,0,4.2801876989901,-1,-999,0,0,0,1,0,0,0,1
7,42,0,0,0,0,1,0,0,3,4.31835352946378,-1,-999,0,0,0,0,0,0,0,0
22,17,0,1,0,0,0,0,0,0,4.129190586577829,-1,-999,0,0,0,0,0,0,0,1
9,30,0,0,0,0,0,0,0,0,4.153571738477581,-1,-999,0,0,0,0,0,0,0,1
17,37,0,0,0,1,0,0,0,4,4.344329141937198,-1,-999,0,0,0,4,0,0,0,1
21,1,0,1,0,1,0,0,2,0,4.031401845392172,-1,-999,0,0,0,32,0,0,0,0
16,1,0,1,0,1,0,0,0,0,4.023465189601647,-1,-999,0,0,0,0,0,0,0,0
18,1,0,0,0,1,0,0,0,0,3.7483286603655745,-1,-999,0,0,0,0,0,0,0,1
21,0,0,0,0,1,0,0,0,1,3.9232517969803373,-1,-999,0,2,0,4,1,0,0,1
21,39,0,0,0,0,1,0,0,4,4.800507287182083,-1,-999,0,0,0,0,0,0,0,1
29,57,0,0,0,1,1,0,0,9,4.487260369659786,-1,-999,0,7,0,8,0,0,0,1
12,30,0,1,0,1,0,0,0,0,4.288367439558378,-1,-999,0,0,0,2,0,0,0,0
22,75,0,1,0,2,0,0,0,18,4.8972795706294265,-1,-999,0,0,0,0,0,0,0,0
11,13,0,0,0,0,0,0,0,0,3.8330709070912796,-1,-999,0,0,0,0,0,0,0,1
34,1,0,0,0,1,1,0,0,2,4.225185279715573,-1,-999,0,0,0,0,0,0,0,1
20,54,0,0,0,0,0,0,0,0,4.194841398933733,-1,-999,0,0,0,0,0,0,0,1
11,10,0,1,0,0,0,0,0,1,3.9093680639438846,-1,-999,0,0,0,0,0,0,0,1
16,79,0,1,0,1,2,0,1,5,4.588498464410218,-1,-999,0,2,0,8,0,0,0,1
12,233,0,0,0,0,1,0,0,61,4.97484708316214,-1,-999,0,0,0,1,0,0,0,1
18,26,0,0,0,1,0,0,0,0,4.194306165790042,-1,-999,0,3,1,9,0,0,0,0
12,10,0,0,0,0,1,0,0,3,3.6335059949783677,-1,-999,0,0,0,0,0,0,0,1
17,94,0,0,0,0,0,1,0,0,4.4579729912276935,-1,-999,0,0,0,0,0,0,0,1
18,178,0,0,0,0,0,0,0,0,3.895109220039529,-1,-999,0,0,0,0,0,0,0,1
15,1,0,0,0,1,0,0,0,0,3.5013978254341027,-1,-999,0,0,0,14,0,0,0,0
16,13,0,0,0,1,0,0,0,0,4.239097917988786,-1,-999,0,0,0,1,1,0,0,0
30,5,0,0,0,1,0,0,0,1,4.272804327334621,-1,-999,0,17,0,8,0,0,0,1
14,1,0,0,0,1,0,0,0,0,3.5383105956150063,-1,-999,0,0,0,0,0,0,0,0
15,9,0,0,0,1,0,0,0,0,3.575006390962247,-1,-999,0,0,0,0,0,0,0,1
34,1,0,0,0,4,0,0,0,0,4.20483401847097,-1,-999,0,0,0,0,0,0,0,1
16,32,0,1,0,1,0,0,0,0,4.31835352946378,-1,-999,0,4,0,5,0,0,0,0
19,1,0,1,0,1,0,0,0,0,3.797902689682947,-1,-999,0,1,0,21,0,0,0,0
20,1,0,0,0,1,0,0,0,0,4.039148671903071,-1,-999,0,4,0,33,0,0,0,0
23,8,0,0,0,1,0,0,0,0,4.1615008683082095,-1,-999,0,0,0,0,0,0,0,1
11,385,0,0,0,0,1,0,0,49,5.130084326845259,-1,-999,0,0,0,0,0,0,0,1
22,0,0,0,0,1,0,0,0,3,3.978333581185264,-1,-999,0,2,0,4,1,0,0,1
30,1,0,1,0,1,0,0,1,0,4.079772731460867,-1,-999,0,0,0,1,0,0,0,1
12,148,0,0,0,1,0,0,0,20,5.51375590729309,-1,-999,0,3,1,17,0,0,0,1
16,57,0,1,0,1,0,0,0,5,5.175919651086607,-1,-999,0,0,0,0,0,0,0,1
19,21,0,0,0,1,0,0,0,0,4.153007937189824,-1,-999,0,0,0,17,0,0,1,0
33,29,0,0,0,1,0,0,0,10,4.73325122504511,-1,-999,0,0,0,0,0,0,0,1
10,1,0,0,0,1,0,0,0,0,3.4193819456463714,-1,-999,0,0,0,0,0,0,0,0
25,45,0,0,0,1,0,0,0,3,4.804633553652408,-1,-999,0,0,1,1,0,0,0,1
23,27,0,0,0,0,0,0,1,0,4.125868523881447,-1,-999,0,0,0,0,0,0,0,1
16,31,0,0,0,1,0,0,0,0,4.092876280647646,-1,-999,0,4,0,10,0,0,0,0
27,60,0,0,0,2,1,0,0,0,4.364988055892235,-1,-999,0,0,0,0,0,0,0,1
15,45,0,0,0,0,0,0,0,0,4.245861623618946,-1,-999,0,0,0,0,0,0,0,1
14,10,0,0,0,1,0,0,0,0,3.6309850197851374,-1,-999,0,0,1,19,0,0,0,0
23,0,0,1,0,1,0,0,0,0,4.002268084440845,-1,-999,0,1,2,59,0,0,0,0
18,43,0,0,0,1,0,0,0,12,4.575786554199293,-1,-999,0,0,0,0,0,0,0,0
19,0,0,0,0,1,0,0,0,0,4.209867121904036,-1,-999,0,0,2,20,0,0,0,0
7,1,0,1,0,0,0,0,0,0,3.4056390622295662,-1,-999,0,4,0,7,0,0,0,0
26,16,0,0,0,1,0,0,0,0,4.244925854752683,-1,-999,0,4,0,10,0,0,0,0
16,35,0,0,0,0,1,0,0,0,4.05163347839467,-1,-999,0,0,0,0,0,0,0,1
10,33,0,0,0,1,0,0,0,4,4.267976439385301,-1,-999,0,0,0,0,0,0,0,0
12,27,0,0,0,0,0,0,0,0,4.081416381543157,-1,-999,0,0,0,4,0,0,0,0
21,1,0,0,0,1,0,0,0,0,3.9262723741395074,-1,-999,1,12,0,13,0,0,0,0
11,10,0,1,0,0,0,0,0,0,3.6715543759356173,-1,-999,0,1,0,9,0,0,1,0
50,67,0,0,0,3,2,0,1,23,4.722655765355768,-1,-999,0,0,0,0,0,0,0,1
37,197,0,1,0,1,0,0,2,54,5.390552154228666,-1,-999,0,0,0,0,0,0,0,1
21,23,0,0,0,1,0,0,0,3,4.155090479515532,-1,-999,0,0,0,0,0,0,0,1
14,1,0,1,0,1,0,0,0,0,3.8164027166443866,-1,-999,0,0,0,0,0,0,0,0
18,1,0,1,0,1,0,0,0,0,3.902311575917029,-1,-999,1,7,1,15,0,0,0,0
19,16,0,0,0,1,0,0,1,0,4.225185279715573,-1,-999,0,0,0,0,0,0,0,1
10,1,0,1,0,1,0,0,0,0,3.286629486786196,-1,-999,0,1,0,120,0,0,1,0
14,52,0,0,0,0,0,0,1,0,3.9630130346467545,-1,-999,0,0,0,0,0,0,0,1
23,1,0,1,0,1,0,0,0,0,3.8431390622295662,-1,-999,1,23,0,30,0,0,0,0
11,82,0,1,0,0,0,0,0,5,4.404302846717047,-1,-999,1,34,0,24,0,0,0,0
16,42,0,1,0,1,0,0,0,0,4.315015854397581,-1,-999,0,4,0,5,0,0,0,0
18,19,0,0,0,1,0,0,0,0,4.278200517477363,-1,-999,0,4,0,9,0,0,0,0
17,1,0,1,0,1,0,0,0,0,3.873140679513133,-1,-999,0,0,0,3,0,0,0,0
19,1,0,0,0,1,0,0,0,0,3.828237501842955,-1,-999,0,2,0,5,0,0,0,0
22,41,0,0,0,0,0,0,0,0,4.377208689600764,-1,-999,0,0,0,2,1,0,0,0
26,1,0,0,0,3,0,0,0,2,3.925410635240724,-1,-999,0,0,0,0,0,0,0,1
23,1,0,1,0,1,0,0,1,0,4.030639062229566,-1,-999,0,0,0,41,0,0,1,0
15,7,0,0,0,1,0,0,0,0,4.021268494903765,-1,-999,0,0,0,11,0,0,1,1
12,0,0,0,0,0,0,0,0,0,3.9321380397593755,-1,-999,0,4,0,28,0,0,0,0
12,1,0,1,0,1,0,0,0,0,3.558518613048906,-1,-999,0,1,0,21,0,0,0,0
31,0,0,0,0,1,0,0,0,0,3.9457184751445324,-1,-999,0,0,0,1,0,0,0,1
13,197,0,0,0,0,1,0,0,48,5.014685018548389,-1,-999,0,0,0,0,0,0,0,1
14,72,0,0,0,0,1,0,0,24,4.583176791291534,-1,-999,0,2,1,12,0,0,0,1
19,1,0,0,0,1,0,0,0,0,3.9302703722934536,-1,-999,0,2,0,31,0,0,0,0
13,3,0,0,0,1,0,0,0,0,3.7081320646586016,-1,-999,0,19,1,44,0,0,0,0
50,69,0,1,0,3,2,0,1,18,4.791005318712836,-1,-999,0,0,0,0,0,0,0,1
24,18,0,0,0,1,0,0,0,0,4.127080191266614,-1,-999,0,0,1,1,0,0,0,0
21,35,0,0,0,0,1,0,0,4,4.721826210328475,-1,-999,0,0,0,8,0,0,0,1
13,7,0,1,0,1,0,0,0,0,3.753434386188785,-1,-999,0,0,0,0,0,0,0,0
13,111,0,1,0,0,1,0,0,5,4.643813035890022,-1,-999,0,0,0,0,0,0,0,1
15,17,0,0,0,1,0,0,0,0,4.262984193710269,-1,-999,0,3,1,88,0,0,0,0
19,1,0,1,0,1,0,0,0,0,4.0836169753972325,-1,-999,0,1,0,12,0,0,0,0
28,1,0,1,0,1,0,0,1,0,3.8951509201400123,-1,-999,0,3,0,11,0,0,0,0
14,27,0,0,0,1,0,0,0,4,4.349874739988984,-1,-999,0,0,1,53,0,0,0,0
15,4,0,1,0,1,0,0,0,0,3.6339740759971573,-1,-999,0,0,0,0,0,0,0,0
24,8,0,0,0,1,0,0,0,0,4.131054782742918,-1,-999,0,0,0,0,0,0,0,1
15,46,0,1,0,0,0,0,0,0,4.2340017187185435,-1,-999,0,0,0,0,0,0,0,1
15,1,0,1,0,0,0,0,0,0,3.855388542207534,-1,-999,0,5,2,6,0,0,0,0
13,1,0,1,0,1,0,0,0,0,3.4474015047059154,-1,-999,0,0,2,11,0,0,0,0
39,1,0,0,0,1,0,0,0,0,3.934610862583645,-1,-999,0,0,0,7,0,0,0,0
13,20,0,0,0,1,0,0,0,0,4.106198332810095,-1,-999,0,0,0,0,0,0,0,0
27,8,0,0,0,1,0,0,0,0,4.157214970851921,-1,-999,0,0,0,7,0,0,0,0
31,0,0,0,0,1,1,0,1,0,4.185703093006736,-1,-999,0,0,0,0,0,0,0,1
18,25,0,0,0,0,0,0,0,0,4.126886761135439,-1,-999,0,4,0,17,0,0,0,0
19,1,0,1,0,1,0,0,0,0,4.163909765557392,-1,-999,0,0,0,5,0,0,0,0
32,66,0,0,0,1,0,0,0,30,5.0054533462131525,-1,-999,0,0,0,0,0,0,0,1
20,1,0,0,0,1,1,0,0,0,3.7803946541231945,-1,-999,0,0,0,11,0,0,1,1
13,15,0,0,0,1,0,0,0,0,4.025591860285233,-1,-999,0,0,1,34,0,0,1,0
9,1,0,1,0,0,0,0,0,0,3.683542362433231,-1,-999,0,20,0,80,0,0,0,0
17,347,0,0,0,0,1,1,0,140,4.367987454129032,-1,-999,0,0,0,0,0,0,0,1
11,73,0,0,0,0,1,0,0,27,4.7929032946128585,-1,-999,0,0,0,0,0,0,0,1
14,1,0,0,0,1,0,0,0,0,3.481714572986073,-1,-999,0,0,0,25,0,0,0,0
10,20,0,0,0,1,1,0,1,0,4.003259028248121,-1,-999,0,0,0,0,0,0,0,1
29,105,0,1,0,1,0,0,0,9,5.533702820554871,-1,-999,0,0,1,1,0,0,0,1
15,1,0,1,0,1,0,0,0,0,3.5220552088742005,-1,-999,0,2,0,26,0,0,1,0
16,29,0,1,0,1,0,0,0,0,4.562365029830796,-1,-999,0,4,0,5,0,0,0,0
41,24,0,1,0,3,0,0,2,5,4.468035730500414,-1,-999,0,0,0,0,0,0,0,1
16,294,0,1,0,1,1,0,0,113,5.1351013298668615,-1,-999,0,0,0,3,0,0,0,1
17,47,0,1,0,1,0,0,0,14,4.539949356493823,-1,-999,0,0,0,3,0,0,0,0
20,22,0,1,0,1,0,0,0,0,4.033786320494366,-1,-999,0,0,0,1,1,0,0,0
16,19,0,1,0,1,0,0,0,0,4.027684161971456,-1,-999,0,0,0,1,0,0,0,0
26,31,0,1,0,1,0,0,1,7,4.786913536635863,-1,-999,0,3,0,72,0,0,0,0
17,35,0,0,0,1,0,0,0,8,4.403249616901769,-1,-999,0,10,2,94,0,1,1,0
23,0,0,0,0,1,0,0,0,2,3.8280729963885096,-1,-999,0,2,0,4,1,0,0,1
23,1,0,1,0,1,0,0,1,0,3.9917292966721747,-1,-999,0,2,4,63,0,0,0,0
38,72,0,0,0,1,1,0,0,23,4.910975302077234,-1,-999,0,0,0,0,0,0,0,1
11,1,0,1,0,1,0,0,0,0,3.508694969562842,-1,-999,0,1,2,9,0,0,0,0
23,21,0,0,0,1,0,0,0,10,4.383064843833056,-1,-999,0,0,0,0,0,0,0,1
16,54,0,0,0,0,0,0,0,0,4.529583704424019,-1,-999,0,0,0,0,0,0,0,1
10,1,0,1,0,0,0,0,0,0,3.6818808028034034,-1,-999,0,3,1,21,0,0,0,0
18,60,0,0,0,2,0,0,0,33,4.615232189502197,-1,-999,0,0,0,0,0,0,0,1
16,9,0,1,0,1,0,0,0,1,4.150158513166728,-1,-999,0,0,0,1,0,0,0,0
11,19,0,0,0,1,0,0,0,0,3.9590570816697497,-1,-999,0,0,0,25,0,0,0,0
15,20,0,1,0,1,0,0,0,0,4.204652545097893,-1,-999,0,0,1,41,0,0,0,0
28,73,0,0,0,1,0,0,0,4,4.543301153579247,-1,-999,0,0,0,0,0,0,0,1
15,131,0,0,0,0,0,0,0,24,4.755549546224158,-1,-999,0,0,0,27,0,0,0,1
16,26,0,1,0,1,0,0,0,0,4.276565630242719,-1,-999,0,4,0,5,0,0,0,0
12,24,0,1,0,0,0,0,0,0,3.971160176469933,-1,-999,0,6,0,36,0,0,0,1
11,0,0,0,0,0,0,0,0,0,3.3921472236645345,-1,-999,0,0,0,0,0,0,0,1
23,44,0,1,0,1,0,0,0,0,4.273027984743855,-1,-999,0,0,1,1,0,0,0,1
50,69,0,1,0,3,2,0,1,16,4.727452198603858,-1,-999,0,0,0,0,0,0,0,1
13,41,0,0,0,0,0,0,0,8,4.595505488491271,-1,-999,0,1,0,6,0,0,0,0
36,49,0,0,0,1,0,0,1,8,4.670118891574809,-1,-999,0,0,0,0,0,0,0,1
12,22,0,0,0,1,0,0,0,0,3.930007492106357,-1,-999,0,0,0,0,0,0,0,1
22,1,0,0,0,1,0,0,0,0,3.939572261986723,-1,-999,1,6,2,80,0,1,0,0
32,8,0,0,0,2,0,0,2,0,4.224727288613426,-1,-999,0,0,0,0,0,0,0,0
9,6,0,0,0,0,0,0,0,0,3.6069367321753214,-1,-999,0,0,1,18,0,0,0,0
212,42,0,0,0,11,0,1,0,48,5.170228321503522,-1,-999,0,0,0,0,0,0,0,1
15,139,0,0,0,0,1,0,0,43,5.493094676663011,-1,-999,0,0,0,0,0,0,0,1
27,42,0,0,0,0,0,0,0,10,4.802265034584404,-1,-999,0,0,0,26,0,0,0,1
22,0,0,0,0,1,0,0,0,2,3.978333581185264,-1,-999,0,0,0,1,0,0,0,1
13,1,0,0,0,0,0,0,0,0,3.7849418274376427,-1,-999,0,0,1,4,0,0,0,1
14,24,0,0,0,1,0,0,1,0,4.110987196609283,-1,-999,0,0,0,7,0,0,0,0
18,26,0,1,0,1,0,0,0,0,4.086048623870435,-1,-999,0,2,1,41,0,0,1,0
20,47,0,0,0,0,0,0,1,0,4.239312150198939,-1,-999,0,0,0,1,0,0,0,0
28,21,0,1,0,1,0,0,2,0,4.178843085436778,-1,-999,0,0,0,0,0,0,0,1
14,10,0,0,0,1,1,0,0,0,3.8245334068819115,-1,-999,0,0,0,0,0,0,0,1
16,1,0,0,0,1,0,0,0,0,3.605388542207534,-1,-999,0,7,0,8,0,0,0,0
22,86,0,0,0,1,0,0,0,14,4.659852987995173,-1,-999,0,0,0,0,0,0,0,0
27,10,0,0,0,1,0,0,0,0,4.297626721392667,-1,-999,0,0,0,0,0,0,0,1
22,11,0,0,0,1,0,0,0,0,4.025070520364182,-1,-999,0,1,1,21,0,0,0,0
28,1,0,1,0,1,0,0,0,0,4.154870932962629,-1,-999,0,11,0,30,0,0,1,0
13,4,0,1,0,0,0,0,0,0,3.6038561897747248,-1,-999,0,1,0,8,0,0,0,0
50,68,0,1,0,3,2,0,1,24,4.90137814405319,-1,-999,0,0,0,0,0,0,0,1
17,1,0,0,0,1,0,0,1,0,3.56307418942857,-1,-999,1,9,2,39,0,0,0,0
8,62,0,0,0,0,3,0,0,3,4.262633619203971,-1,-999,0,0,0,0,0,0,0,1
11,29,0,0,0,0,0,0,0,0,4.120885064757336,-1,-999,0,0,0,0,0,0,0,1
16,14,0,1,0,1,0,0,0,0,4.260828171224456,-1,-999,1,8,1,5,0,0,1,0
25,1,0,1,0,1,0,0,0,0,4.160704752887783,-1,-999,0,0,0,0,0,0,0,0
16,1,0,1,0,1,0,0,1,0,3.9434651896016475,-1,-999,0,0,0,0,0,0,0,0
20,9,0,0,0,1,0,0,0,0,3.9959065984842455,-1,-999,0,0,0,0,0,0,0,1
17,15,0,1,0,0,2,0,0,0,4.008694969562843,-1,-999,0,0,0,0,0,0,0,1
16,57,0,1,0,1,0,0,0,5,5.095552694186815,-1,-999,0,0,0,0,0,0,0,1
13,167,0,0,1,0,1,0,0,90,4.69310449386384,-1,-999,0,0,0,0,0,0,0,1
16,1,0,1,0,1,0,0,0,0,3.8634651896016474,-1,-999,0,0,0,0,0,0,0,0
29,23,0,0,0,1,0,0,0,0,4.266401584339956,-1,-999,0,0,0,1,0,0,0,1
51,21,0,0,0,3,0,0,2,10,4.527668534522996,-1,-999,0,0,0,0,0,0,0,1
21,1,0,1,0,1,0,0,0,0,4.031401845392172,-1,-999,0,0,0,1,1,0,0,0
10,1,0,1,0,1,0,0,0,0,3.4316235658474312,-1,-999,1,246,1,64,0,0,1,0
14,15,0,0,0,0,0,0,0,0,4.048688113203416,-1,-999,1,11,0,23,0,0,1,0
11,191,0,0,0,0,1,0,0,88,4.7068593267973435,-1,-999,0,0,0,0,0,0,0,1
14,5,0,0,0,0,0,0,0,1,3.8441065448145384,-1,-999,0,0,0,0,0,0,0,1
50,67,0,1,0,3,2,0,1,18,4.675618810673648,-1,-999,0,0,0,0,0,0,0,1
30,1,0,0,0,2,0,0,1,0,4.115834092163221,-1,-999,0,0,0,0,0,0,0,1
24,1,0,0,0,1,0,0,0,0,4.179229296672175,-1,-999,0,0,0,1,0,0,0,1
10,7,0,1,0,0,0,0,0,4,4.293660689688186,-1,-999,0,0,0,0,0,0,0,1
18,1,0,1,0,1,0,0,0,0,3.7080481500712312,-1,-999,0,6,0,2,0,0,0,0
10,22,0,1,0,0,0,0,0,0,4.212814895472356,-1,-999,0,0,0,0,0,0,0,1
22,1,0,0,0,1,0,0,0,0,3.831401845392172,-1,-999,0,0,0,6,0,0,0,0
23,47,0,0,0,0,0,0,0,23,4.66925756808848,-1,-999,0,0,0,0,0,0,0,1
17,67,0,1,0,0,0,0,0,7,4.4800462022484755,-1,-999,0,0,0,1,1,0,0,0
18,0,0,0,0,1,0,0,0,0,3.9434651896016475,-1,-999,0,0,1,31,0,0,0,0
14,75,0,0,0,1,0,0,0,27,4.726017287781372,-1,-999,0,0,0,0,0,0,0,1
12,18,0,0,0,0,0,0,0,4,4.366091329119192,-1,-999,0,0,0,0,0,0,0,1
12,160,0,0,0,0,1,0,0,43,5.474159277698632,-1,-999,0,0,0,0,0,0,0,1
12,63,0,0,0,0,0,0,0,8,4.518210390209813,-1,-999,0,17,1,26,0,0,0,0
14,21,0,0,0,1,0,0,0,5,4.282098601752791,-1,-999,0,3,0,14,0,0,1,0
11,78,0,0,0,0,0,0,0,29,4.909918868689824,-1,-999,0,0,0,0,0,0,0,1
18,1,0,1,0,1,0,0,0,0,3.7541634277688805,-1,-999,1,6,0,8,0,0,0,0
26,1,0,1,0,1,0,0,0,0,3.95729587384057,-1,-999,0,0,0,0,0,0,0,1
19,0,0,0,0,1,0,0,0,0,3.7483286603655745,-1,-999,0,2,0,4,1,0,0,1
11,65,0,0,0,0,0,0,0,13,4.605789608160401,-1,-999,0,10,0,42,0,0,0,0
22,1,0,1,0,0,0,0,0,0,3.977916874693636,-1,-999,0,0,0,0,0,0,0,0
10,45,0,1,0,0,0,0,0,0,4.360894305693769,-1,-999,0,0,0,21,0,0,0,1
16,48,0,1,0,1,0,0,0,5,4.456616023160489,-1,-999,0,4,0,11,0,0,0,0
5,3,0,1,0,0,0,0,0,1,3.577819531114783,-1,-999,0,0,0,1,1,0,0,1
16,17,0,1,0,1,0,0,0,5,4.33209539866017,-1,-999,0,6,2,36,0,0,0,0
23,46,0,0,0,1,0,0,0,5,4.602208270588782,-1,-999,0,0,1,53,0,0,0,0
17,1,0,1,0,1,0,0,0,0,3.7192945256669794,-1,-999,0,0,0,1,1,0,0,0
14,60,0,1,0,1,0,0,0,4,4.674645648851641,-1,-999,0,2,0,15,0,0,0,0
15,32,0,0,0,0,1,0,0,0,4.073944910808525,-1,-999,0,0,0,0,0,0,0,1
15,30,0,0,0,1,0,0,0,0,4.1428682093008815,-1,-999,1,9,1,20,0,0,0,0
39,10,0,0,0,3,1,0,2,1,4.202917932201099,-1,-999,0,0,0,0,0,0,0,1
40,6,0,0,0,3,1,0,2,0,4.13728342581229,-1,-999,0,0,0,0,0,0,0,1
24,176,0,1,0,1,0,0,0,85,4.857493222342761,-1,-999,0,0,0,0,0,0,0,1
21,1,0,0,0,1,0,0,0,0,3.9262723741395074,-1,-999,0,0,1,3,0,0,0,0
12,55,0,0,0,0,0,0,1,0,4.274662447695504,-1,-999,0,0,0,0,0,0,0,1
13,15,0,0,0,0,0,0,0,0,4.093149802473812,-1,-999,0,0,0,0,0,0,0,0
15,30,0,0,0,1,0,0,0,1,4.380647593466271,-1,-999,0,3,0,18,0,0,0,0
10,0,0,0,0,0,0,0,0,0,3.263933429485634,-1,-999,0,0,0,0,0,0,0,0
19,1,0,0,0,1,0,0,0,0,4.0043444463675275,-1,-999,0,0,0,6,0,0,0,0
16,17,0,0,0,0,0,0,0,4,4.5586523094433655,-1,-999,0,0,0,0,0,0,0,1
18,25,0,0,0,0,0,0,0,1,4.0639818205809055,-1,-999,0,0,0,0,0,0,0,1
15,28,0,1,0,0,0,0,0,4,4.496461254696259,-1,-999,0,0,0,6,0,0,0,1
16,33,0,1,0,1,0,0,0,0,4.038945393313321,-1,-999,0,0,0,23,1,1,0,1
13,1,0,1,0,1,0,0,0,1,3.6635327548042547,-1,-999,0,0,0,0,0,0,0,1
16,1,0,0,0,1,0,0,0,0,3.855388542207534,-1,-999,0,0,0,30,0,0,1,0
18,12,0,1,0,1,1,0,1,0,4.201231789474709,-1,-999,0,0,0,10,0,0,0,1
25,12,0,1,0,1,0,0,0,0,4.105974696849669,-1,-999,0,74,1,44,0,0,0,0
19,23,0,1,0,0,0,0,0,0,4.26146788019945,-1,-999,0,0,0,0,0,0,0,1
27,62,0,1,0,1,0,0,1,3,4.940941671672879,-1,-999,0,0,0,0,0,0,0,1
17,79,0,0,0,0,0,1,0,0,4.472430532612899,-1,-999,0,0,0,0,0,0,0,1
15,18,0,1,0,1,0,0,0,0,4.2963379801223045,-1,-999,0,0,1,0,0,0,0,0
16,64,0,0,0,1,1,0,0,0,4.648058692188715,-1,-999,0,31,0,34,0,0,0,0
50,69,0,1,0,3,2,0,1,18,4.734129956199744,-1,-999,0,0,0,0,0,0,0,1
50,68,0,1,0,3,2,0,1,17,4.684193543406159,-1,-999,0,0,0,0,0,0,0,1
15,47,0,0,0,1,0,0,0,5,4.428954668199463,-1,-999,0,2,0,60,0,0,0,0
19,27,0,0,0,1,0,0,0,0,4.170461257506892,-1,-999,0,4,1,15,0,0,0,1
19,28,0,0,0,1,0,0,0,0,4.233795548692772,-1,-999,0,0,0,1,0,0,0,0
20,602,0,0,0,1,0,0,0,108,5.965198780580717,-1,-999,0,0,0,0,0,0,0,1
14,1,0,1,0,1,0,0,0,0,3.7622673906514943,-1,-999,0,2,1,14,0,0,0,0
14,51,0,0,0,1,0,0,0,0,4.532559509609941,-1,-999,0,6,4,41,0,0,0,0
28,0,0,0,0,1,0,0,0,0,4.033153646184958,-1,-999,0,0,0,2,0,0,0,0
16,35,0,1,0,1,0,0,0,0,4.359349778498668,-1,-999,0,4,0,5,0,0,0,0
6,11,0,1,0,0,1,0,0,0,4.263465189601647,-1,-999,0,0,0,1,0,0,0,1
15,89,0,1,0,1,0,0,0,10,5.247040746549189,-1,-999,0,0,0,0,0,0,0,1
16,1,0,0,0,0,0,0,0,0,3.7720552088742005,-1,-999,0,0,0,18,0,0,1,1
21,1,0,0,0,1,1,0,0,0,3.995237891380887,-1,-999,0,0,0,0,0,0,0,1
19,1,0,0,0,1,0,0,1,0,3.976385649991103,-1,-999,0,5,0,12,0,0,0,0
14,22,0,0,0,1,0,0,0,6,4.34186497602557,-1,-999,0,3,0,14,0,0,1,0
13,1,0,0,0,0,0,0,0,0,3.689703732199548,-1,-999,1,3,0,14,0,0,1,1
18,35,0,1,0,1,1,0,0,0,4.120841796679148,-1,-999,0,0,0,41,0,0,1,0
25,21,0,0,0,1,0,0,0,0,4.063036851590982,-1,-999,0,0,1,17,0,0,1,0
21,41,0,0,0,1,0,0,0,0,4.139099595735695,-1,-999,0,5,1,15,0,0,0,0
17,45,0,0,0,0,0,0,0,0,3.9194109653578475,-1,-999,0,0,0,0,0,0,0,1
6,1,0,1,0,0,0,0,0,0,3.323231428797621,-1,-999,0,0,1,21,0,0,0,0
14,36,0,0,0,1,0,0,0,5,4.6204906932169285,-1,-999,0,13,1,13,0,0,0,0
17,0,0,0,0,0,0,0,1,0,3.720175521464345,-1,-999,0,0,0,1,0,0,0,0
15,19,0,1,0,1,0,0,0,0,4.563022534265731,-1,-999,0,0,1,51,0,0,0,0
19,1,0,1,0,1,0,0,0,0,4.056656707462823,-1,-999,0,0,1,21,0,0,0,0
12,1,0,0,0,1,0,0,0,0,3.5464393446710156,-1,-999,0,0,0,19,0,0,0,0
50,19,0,0,0,3,2,0,1,10,4.551405184896908,-1,-999,0,0,0,0,0,0,0,1
21,0,0,0,0,1,0,0,0,5,4.110577243331642,-1,-999,0,0,0,1,0,0,0,1
18,1,0,1,0,1,0,0,0,0,3.9582291686698783,-1,-999,0,0,0,7,0,0,0,0
28,28,0,1,0,3,0,1,0,20,5.671907327031225,-1,-999,0,0,0,0,0,0,0,1
22,1,0,1,0,1,0,0,0,0,4.018081793978686,-1,-999,0,0,0,0,0,0,0,0
11,0,0,0,0,0,0,0,1,0,3.683542362433231,-1,-999,0,0,0,0,0,0,0,0
17,8,0,0,0,1,0,0,0,0,3.7889097655573916,-1,-999,0,0,0,6,0,0,1,0
17,65,0,0,0,1,0,0,0,1,4.513640381064617,-1,-999,0,0,0,0,0,0,0,0
18,9,0,0,0,1,0,0,0,1,3.7689651523294447,-1,-999,0,0,0,0,0,0,0,1
42,67,0,1,0,3,2,0,0,20,4.729740088618679,-1,-999,0,0,0,0,0,0,0,1
13,1,0,0,0,1,0,0,0,3,3.6537567082870015,-1,-999,0,0,0,0,0,0,0,0
17,14,0,0,0,1,0,0,0,0,3.9649041581234945,-1,-999,0,1,1,24,0,0,0,0
20,29,0,0,0,1,0,0,0,0,4.24738623569526,-1,-999,0,0,0,1,0,0,0,0
23,0,0,0,0,1,0,0,0,1,3.961406329721843,-1,-999,0,0,0,1,0,0,0,1
19,4,0,0,0,0,0,0,0,10,3.8150610122030697,-1,-999,0,0,0,0,0,0,0,1
15,67,0,0,0,1,0,0,0,10,4.376824163604892,-1,-999,0,6,1,19,0,0,0,0
24,20,0,0,0,1,0,0,1,6,4.452481006802994,-1,-999,0,0,0,1,1,0,0,0
20,5,0,0,0,1,0,0,0,0,3.9917292966721747,-1,-999,0,0,0,0,0,0,0,1
11,6,0,1,0,0,0,0,0,1,3.8292750707107137,-1,-999,0,1,0,9,0,0,1,0
26,26,0,1,0,1,0,0,0,0,4.3253263791155,-1,-999,0,0,0,0,0,0,0,0
20,65,0,1,0,1,0,0,0,7,5.148855176279578,-1,-999,0,0,0,0,0,0,0,1
14,22,0,0,0,1,0,0,0,6,4.388376603932547,-1,-999,0,3,0,14,0,0,1,0
14,54,0,0,0,0,0,0,0,13,4.683534710949098,-1,-999,0,0,0,1,0,0,0,1
18,34,0,0,0,0,0,0,1,0,4.185372447880187,-1,-999,0,0,0,4,0,0,0,0
39,1,0,0,0,3,0,0,2,6,4.120885064757336,-1,-999,0,0,0,0,0,0,0,1
13,52,0,1,0,0,0,0,0,0,4.1318928898448375,-1,-999,0,2,0,87,0,0,0,0
12,21,0,0,0,0,0,0,0,1,4.296439344671016,-1,-999,0,1,1,24,0,0,0,0
19,1,0,0,0,1,0,0,0,0,3.587858798299508,-1,-999,0,4,0,22,0,0,0,0
12,15,0,0,0,0,1,0,0,1,4.068957238806496,-1,-999,0,0,0,0,0,0,0,1
28,15,0,0,0,1,0,0,0,0,4.069275070710714,-1,-999,0,2,0,26,0,0,0,0
11,0,0,0,0,0,0,0,0,0,3.725480556997868,-1,-999,0,0,0,19,0,0,1,0
22,28,0,0,0,1,0,0,0,0,4.541945997928358,-1,-999,0,0,0,0,0,0,0,1
27,18,0,0,0,2,2,0,1,0,4.344603305371518,-1,-999,0,0,0,0,0,0,0,1
17,27,0,1,0,1,0,0,0,1,4.142371448743902,-1,-999,0,0,1,17,0,0,0,0
11,14,0,1,0,0,1,0,0,0,3.7636467706769263,-1,-999,0,0,0,0,0,0,0,1
12,198,0,1,0,0,1,0,0,89,4.834957504052948,-1,-999,0,0,0,0,0,0,0,1
17,16,0,1,0,1,0,0,0,5,4.208297968550675,-1,-999,0,0,0,23,0,0,0,0
17,66,0,0,0,1,0,0,0,12,4.434823274695135,-1,-999,0,4,2,46,0,0,0,0
15,19,0,1,0,1,0,0,0,2,4.5340664296648825,-1,-999,0,0,1,50,0,0,0,0
15,23,0,1,0,1,0,0,0,0,4.300417118959396,-1,-999,0,0,1,41,0,0,0,0
34,0,0,0,0,1,0,0,0,1,4.229145602020757,-1,-999,0,0,0,1,0,0,0,1
23,37,0,0,0,1,0,0,0,0,4.1103754818458516,-1,-999,0,0,0,1,0,0,0,1
27,12,0,0,0,1,0,0,0,0,4.181200956886264,-1,-999,0,2,0,56,0,0,0,0
12,23,0,1,0,1,0,0,0,0,4.22220806840402,-1,-999,0,0,0,2,0,0,0,0
25,34,0,0,0,0,0,0,0,11,4.553430058844696,-1,-999,0,5,2,50,0,0,0,1
16,0,0,0,0,1,0,0,0,0,3.5555331514269954,-1,-999,0,0,0,2,1,0,0,0
25,24,0,0,0,2,0,0,0,0,4.189437798233894,-1,-999,0,0,0,10,0,0,0,0
15,89,0,1,0,1,0,0,0,9,5.209300370385557,-1,-999,0,0,0,0,0,0,0,1
17,17,0,1,0,1,0,0,0,3,4.266502839084849,-1,-999,0,5,0,53,0,1,0,0
23,8,0,0,0,0,0,0,1,0,4.169766962341045,-1,-999,0,0,0,0,0,0,0,1
17,37,0,0,0,0,0,0,0,0,4.201229864015878,-1,-999,0,2,0,24,0,0,0,0
18,1,0,0,0,1,0,0,0,0,3.6133373140453076,-1,-999,1,9,0,60,0,0,0,0
22,1,0,1,0,1,1,0,0,0,4.106949132758152,-1,-999,0,6,1,14,0,0,0,0
50,20,0,1,0,3,2,0,1,9,4.525142924680867,-1,-999,0,0,0,0,0,0,0,1
20,39,0,0,0,1,1,0,0,0,4.034025893125091,-1,-999,0,2,2,6,0,0,0,0
34,1,0,1,0,1,0,0,0,2,4.016283580676733,-1,-999,0,11,0,24,0,0,1,0
16,1,0,1,0,1,0,0,0,0,3.5932696895151084,-1,-999,0,8,0,14,0,0,0,0
19,1,0,1,0,1,0,0,1,0,3.9852281360342516,-1,-999,0,0,0,1,0,0,0,1
18,36,0,0,0,1,0,0,0,3,4.434698305330405,-1,-999,0,8,0,15,0,0,0,0
18,28,0,0,0,1,0,0,0,4,4.342525700502434,-1,-999,0,1,0,7,0,0,0,0
20,1,0,1,0,1,0,0,0,0,3.7024715122197467,-1,-999,0,0,2,25,0,0,0,0
17,1,0,1,0,1,0,0,0,0,3.5364142371222305,-1,-999,0,0,0,8,0,0,0,0
21,54,0,0,0,2,0,0,0,12,4.60033792597165,-1,-999,0,0,0,0,0,0,0,0
13,49,0,0,1,0,0,0,0,23,4.479486369909937,-1,-999,0,0,0,0,0,0,0,1
23,67,0,1,0,1,0,0,0,8,5.033920541060412,-1,-999,0,0,0,0,0,0,0,1
19,1,0,0,0,1,0,0,0,0,3.8561962982193796,-1,-999,0,0,0,0,0,0,0,0
17,52,0,1,0,1,0,0,0,12,4.673691858871545,-1,-999,0,0,0,1,0,0,0,0
24,1,0,0,0,1,0,0,0,0,3.9764097655573916,-1,-999,0,0,0,8,0,0,0,0
12,53,0,0,0,1,0,0,0,8,4.463065932142575,-1,-999,0,1,0,9,0,0,0,0
30,17,0,1,0,1,0,0,0,0,4.04452721470047,-1,-999,0,0,0,0,0,0,0,1
17,75,0,1,0,1,0,1,0,6,5.090598836121321,-1,-999,0,0,0,0,0,0,0,1
14,25,0,0,0,0,0,0,0,0,3.953152587415111,-1,-999,0,0,0,0,0,0,0,0
22,83,0,1,0,1,0,0,0,13,4.812561429617454,-1,-999,0,3,0,60,0,0,0,0
23,1,0,0,0,1,1,0,1,0,3.9746954079158985,-1,-999,0,0,0,0,0,0,0,1
22,8,0,0,0,1,0,0,0,0,3.9492049741940667,-1,-999,0,0,0,15,0,0,0,1
23,45,0,1,0,1,0,0,0,0,4.161648023061636,-1,-999,0,13,1,13,0,0,0,0
19,0,0,0,0,0,0,0,0,0,3.9790978911348054,-1,-999,0,0,0,0,0,0,0,1
18,75,0,0,0,1,1,0,0,22,4.732047326581799,-1,-999,0,0,0,0,0,0,0,1
11,1,0,1,0,1,0,0,1,1,3.6464393446710157,-1,-999,0,9,0,18,0,0,0,0
27,0,0,0,0,1,0,0,0,0,3.8414473125268023,-1,-999,0,0,0,1,0,0,0,1
42,19,0,0,0,3,2,0,0,13,4.629249378072817,-1,-999,0,0,0,0,0,0,0,1
15,19,0,1,0,1,0,0,0,2,4.489877254551159,-1,-999,0,0,1,50,0,0,0,0
37,1,0,0,0,4,1,0,0,11,4.161313030086848,-1,-999,0,0,0,0,0,0,0,1
33,1,0,1,0,1,0,0,0,0,3.6737267211743783,-1,-999,0,0,0,1,0,0,0,1
15,28,0,0,0,1,0,0,0,0,4.225979129983103,-1,-999,0,3,1,91,0,0,0,0
50,68,0,0,0,3,2,0,1,22,4.818705167376185,-1,-999,0,0,0,0,0,0,0,1
28,38,0,1,0,2,0,0,0,9,4.690485419765328,-1,-999,0,0,0,0,0,0,0,0
17,16,0,1,0,1,0,0,0,0,4.031587907627833,-1,-999,0,4,0,4,0,0,0,0
26,0,0,1,0,1,0,0,1,1,4.054538856580818,-1,-999,0,0,0,3,0,0,0,1
42,68,0,0,0,3,2,0,0,26,4.738221390440643,-1,-999,0,0,0,0,0,0,0,1
16,26,0,1,0,1,0,0,0,0,4.368367439558378,-1,-999,0,4,0,5,0,0,0,0
13,175,0,0,1,0,1,0,0,78,4.555344239476041,-1,-999,0,0,0,0,0,0,0,1
27,24,0,1,0,1,1,0,1,0,4.249121075718704,-1,-999,0,0,0,0,0,0,0,1
11,14,0,0,0,0,0,0,0,0,3.917837797403416,-1,-999,0,0,0,0,0,0,0,1
13,73,0,0,0,0,0,0,0,1,4.316574774953134,-1,-999,0,0,0,0,0,0,0,1
6,89,0,0,0,0,0,0,0,15,4.874912761977701,-1,-999,0,0,0,7,0,0,0,1
17,0,0,0,0,0,0,0,0,0,3.720175521464345,-1,-999,0,0,0,3,0,0,0,0
17,61,0,1,0,1,0,0,1,0,4.2372868544012565,-1,-999,0,0,0,0,0,0,0,1
18,0,0,0,0,0,0,0,2,0,3.9736606896881863,-1,-999,0,0,0,0,0,0,0,0
22,47,0,0,0,1,0,0,0,3,4.477934014824883,-1,-999,0,0,0,0,0,0,0,0
17,1,0,1,0,1,0,0,0,0,3.997952698660692,-1,-999,0,0,0,18,0,0,0,0
17,72,0,0,0,0,0,0,0,0,4.390574210940915,-1,-999,0,0,0,0,0,0,0,1
9,28,0,1,0,0,0,0,0,0,4.0869801863547055,-1,-999,0,0,0,0,0,0,0,1
10,11,0,0,1,0,1,0,0,7,4.066108939837481,-1,-999,0,0,0,0,0,0,0,1
20,26,0,0,0,1,0,0,0,0,4.283970926016392,-1,-999,0,5,0,4,0,0,0,0
25,9,0,1,0,1,0,0,0,8,4.463280517810811,-1,-999,0,0,0,0,0,0,0,1
17,1,0,1,0,1,0,0,0,0,3.6321921215711943,-1,-999,0,13,0,50,0,0,0,0
19,34,0,0,0,1,0,0,0,0,4.168925079361265,-1,-999,0,0,0,0,0,0,0,0
24,14,0,0,0,0,0,0,0,0,4.138656363227873,-1,-999,0,0,0,2,0,0,0,1
20,47,0,1,0,1,0,0,0,0,4.07298081704185,-1,-999,0,0,0,41,0,0,0,0
26,1,0,0,0,1,0,0,0,0,4.094097032108653,-1,-999,0,16,1,13,0,0,0,0
22,28,0,0,0,1,0,0,0,0,4.1356081126874775,-1,-999,0,1,0,64,0,0,1,0
16,40,0,1,0,1,0,0,0,9,4.686889062229566,-1,-999,0,0,0,9,0,0,0,0
25,513,0,1,0,1,2,0,0,197,5.1217519125665865,-1,-999,0,0,0,5,0,0,0,0
46,1,0,0,0,3,0,0,0,11,4.564801159450684,-1,-999,0,0,0,0,0,0,0,1
24,1,0,1,0,1,0,0,1,0,4.12728313431329,-1,-999,0,20,1,5,0,0,0,0
12,31,0,0,0,1,0,0,0,0,4.210881379939834,-1,-999,0,22,2,88,0,0,0,0
9,40,0,0,0,0,1,0,0,0,3.883272672738775,-1,-999,0,0,0,42,0,0,0,1
17,59,0,1,0,1,0,0,0,6,4.455041938727748,-1,-999,0,1,0,49,0,0,0,0
47,195,0,0,0,3,0,0,0,11,4.5374504604212955,-1,-999,0,0,0,0,0,0,0,1
16,1,0,0,0,1,0,0,0,0,3.8239348962840563,-1,-999,0,1,0,50,0,0,0,0
18,8,0,1,0,1,0,0,0,0,4.124083797069061,-1,-999,0,0,0,5,0,0,0,0
14,49,0,0,0,1,0,0,0,5,4.502278511060242,-1,-999,0,0,1,53,0,0,0,0
27,24,0,1,0,2,0,0,1,0,4.185372447880187,-1,-999,0,0,0,7,0,0,0,1
17,18,0,0,0,0,0,0,0,1,4.395310208947159,-1,-999,0,0,0,0,0,0,0,1
15,135,0,1,0,0,0,1,0,60,4.999064553237472,-1,-999,1,8,1,21,0,0,0,1
19,48,0,0,0,1,0,0,0,5,4.485696914595017,-1,-999,0,0,0,9,0,0,0,0
16,19,0,1,0,1,0,0,0,0,4.286275219617124,-1,-999,0,4,0,5,0,0,0,0
21,1,0,1,0,1,0,0,1,0,4.031401845392172,-1,-999,0,0,0,1,0,0,0,1
50,68,0,0,0,3,2,0,1,15,4.809488822465629,-1,-999,0,0,0,0,0,0,0,1
16,46,0,1,0,1,0,0,0,5,5.075362481076147,-1,-999,0,0,0,0,0,0,0,1
16,35,0,0,0,1,0,0,0,0,4.068935850423125,-1,-999,0,4,0,12,0,0,0,0
54,69,0,0,0,4,2,0,1,21,4.80234499573637,-1,-999,0,0,0,0,0,0,0,1
25,13,0,0,0,1,0,0,0,0,4.058442130462611,-1,-999,0,0,0,0,0,0,0,1
20,1,0,0,0,1,0,0,1,0,4.012188403968661,-1,-999,0,7,0,6,0,0,1,0
20,25,0,1,0,1,1,0,0,0,4.343315209558404,-1,-999,0,0,0,0,0,0,0,1
16,37,0,1,0,1,0,0,0,0,4.176741952977789,-1,-999,0,3,1,17,0,0,0,0
18,31,0,0,0,1,0,0,0,0,4.172965860712417,-1,-999,0,1,1,26,0,0,0,0
22,1,0,1,0,2,0,0,0,0,3.732444601324707,-1,-999,0,6,0,7,0,0,0,0
13,81,0,1,0,1,0,0,0,24,4.499946874239285,-1,-999,0,0,0,1,0,0,0,1
21,11,0,0,0,1,0,0,0,3,4.118484911058994,-1,-999,0,4,0,9,0,0,0,0
30,82,0,1,0,4,0,0,0,33,5.271164766988346,-1,-999,0,0,0,0,0,0,0,1
17,106,0,1,0,1,0,0,0,28,5.274597984321922,-1,-999,0,0,0,10,0,1,0,1
14,29,0,1,0,1,0,0,0,4,4.443053603040051,-1,-999,0,0,0,0,0,0,0,1
22,23,0,0,0,1,0,0,0,0,4.250745910732359,-1,-999,0,0,0,1,0,0,0,0
24,0,0,0,0,1,0,0,0,0,3.8858280691364318,-1,-999,0,2,0,4,1,0,0,1
42,65,0,0,0,3,2,0,0,16,4.6589469300582,-1,-999,0,0,0,0,0,0,0,1
14,11,0,1,0,0,0,0,0,0,3.8589572866686432,-1,-999,0,0,0,1,0,0,0,1
18,74,0,1,0,0,1,0,1,26,4.9377968844329905,-1,-999,0,0,0,0,0,0,0,1
17,86,0,0,0,0,0,1,0,0,4.427915335100167,-1,-999,0,0,0,0,0,0,0,1
8,0,0,1,0,0,0,0,0,0,3.75,-1,-999,0,0,0,0,0,0,0,1
23,4,0,1,0,1,0,0,1,0,4.093149802473812,-1,-999,1,28,1,40,0,0,0,0
16,1,0,1,0,1,0,0,0,0,3.623465189601647,-1,-999,0,6,2,36,0,0,0,0
19,28,0,0,0,1,0,0,0,0,4.205836752316348,-1,-999,0,0,0,0,0,0,0,0
42,1,0,1,0,3,0,0,0,0,4.140288763786836,-1,-999,0,0,0,0,0,0,0,1
15,0,0,0,0,1,0,0,0,1,3.970573095811685,-1,-999,0,0,0,0,0,0,0,1
18,1,0,0,0,1,0,0,0,0,3.6423714487439023,-1,-999,0,0,4,18,0,0,1,0
16,32,0,0,0,1,0,0,0,0,4.160295795414269,-1,-999,0,2,0,6,0,0,0,0
16,22,0,1,0,1,0,0,0,0,4.343895379828961,-1,-999,0,4,0,5,0,0,0,0
21,76,0,0,0,1,1,0,0,21,4.817125369919654,-1,-999,0,0,0,0,0,0,0,1
42,68,0,0,0,3,2,0,0,18,4.827648128506542,-1,-999,0,0,0,0,0,0,0,1
15,31,0,0,0,1,0,0,0,0,4.104541208953619,-1,-999,0,0,0,0,0,0,0,0
14,58,0,0,0,0,0,0,0,7,4.437019680615019,-1,-999,0,4,1,36,0,0,0,0
39,1,0,0,0,3,1,0,2,0,4.053964915231237,-1,-999,0,0,0,0,0,0,0,1
18,39,0,0,0,1,0,0,0,0,4.145807960931275,-1,-999,0,17,0,11,0,0,1,1
17,81,0,1,0,1,0,0,0,8,5.043906973562033,-1,-999,0,0,0,0,0,0,0,1
11,22,0,0,0,0,0,0,0,0,3.9725738836114353,-1,-999,0,0,0,0,0,0,0,1
24,1,0,0,0,1,0,0,0,0,4.179229296672175,-1,-999,0,0,1,44,0,0,0,0
27,1,0,1,0,1,0,0,0,0,3.8638263900908156,-1,-999,0,0,0,90,0,0,0,0
18,55,0,0,0,0,0,0,0,0,4.250629933136665,-1,-999,0,0,0,0,0,0,0,1
10,47,0,0,0,0,0,0,0,2,4.565413476123045,-1,-999,0,0,0,0,0,0,0,1
17,1,0,1,0,1,0,0,0,0,3.7671834678914613,-1,-999,0,0,0,0,0,0,0,0
34,21,0,0,0,1,0,0,0,0,4.353254681900079,-1,-999,0,0,0,18,0,1,0,0
12,62,0,1,0,0,1,0,0,0,4.147367513146088,-1,-999,0,0,0,0,0,0,0,1
35,23,0,1,0,3,0,0,0,2,4.2408665666766545,-1,-999,0,0,0,0,0,0,0,1
14,1,0,1,0,1,0,0,0,0,3.729446194905256,-1,-999,0,0,0,2,0,0,0,0
15,15,0,1,0,1,0,0,0,0,4.221097250057958,-1,-999,0,0,0,0,0,0,0,1
16,16,0,1,0,1,0,0,0,4,4.215311532225103,-1,-999,0,4,0,5,0,0,0,0
19,7,0,0,0,1,0,0,0,0,3.8471282101364253,-1,-999,0,0,0,21,0,0,0,0
27,1,0,0,0,1,0,0,0,2,4.207435516759526,-1,-999,0,0,0,0,0,0,0,1
25,1,0,1,0,1,0,0,0,0,3.836600340868551,-1,-999,0,11,0,30,0,0,1,0
20,33,0,0,0,1,0,0,0,8,4.477049763244838,-1,-999,0,0,0,1,0,0,0,1
28,65,0,0,0,1,0,0,0,0,4.202566376871878,-1,-999,0,0,0,0,0,0,0,0
18,1,0,0,0,1,0,0,0,0,3.5073801024236353,-1,-999,0,3,0,28,0,0,0,0
50,68,0,0,0,3,2,0,1,15,4.601934584362979,-1,-999,0,0,0,0,0,0,0,1
21,1,0,0,0,1,0,0,0,0,3.8404025467025056,-1,-999,1,16,0,30,0,0,0,0
29,103,0,1,0,1,0,0,1,4,5.29768122572587,-1,-999,0,5,0,34,0,0,0,1
9,28,0,1,0,0,0,0,0,1,4.070204908528851,-1,-999,0,0,0,0,0,0,0,1
29,78,0,0,0,1,2,0,1,11,4.593053087230181,-1,-999,0,0,0,0,0,0,0,1
57,55,0,1,0,1,2,0,3,16,4.993185659356944,-1,-999,0,0,0,0,0,0,0,1
14,51,0,0,0,0,0,0,0,23,4.939709751124108,-1,-999,0,0,0,1,0,0,0,1
25,25,0,1,0,1,0,0,1,0,4.074220445017208,-1,-999,0,0,0,9,0,0,0,0
14,41,0,0,0,1,0,0,0,5,4.5388962142279325,-1,-999,0,0,1,53,0,0,0,0
13,1,0,1,0,1,0,0,0,1,3.7544418457133455,-1,-999,0,0,0,0,0,0,0,1
50,68,0,0,0,3,2,0,1,19,4.7871641479235105,-1,-999,0,0,0,0,0,0,0,1
20,32,0,0,0,1,0,0,1,0,4.240374354623179,-1,-999,0,5,0,17,0,0,0,0
17,23,0,0,0,1,0,0,0,0,4.496115365169273,-1,-999,0,2,0,0,0,0,0,0
54,68,0,0,0,4,2,0,1,18,4.80323968458025,-1,-999,0,0,0,0,0,0,0,1
12,34,0,1,0,1,0,0,0,0,4.360735418549686,-1,-999,0,0,0,2,0,0,0,0
16,30,0,1,0,1,0,0,0,0,4.068447643259063,-1,-999,0,0,0,2,0,0,0,1
14,48,0,0,0,1,0,0,0,0,4.436900269443181,-1,-999,0,0,0,0,0,0,0,0
19,1,0,1,0,1,0,0,0,0,3.9677201004744993,-1,-999,0,0,1,15,0,0,0,0
21,28,0,0,0,0,0,0,0,0,4.015881369960098,-1,-999,0,0,0,0,0,0,0,1
21,12,0,0,0,1,0,0,0,0,4.246439344671016,-1,-999,0,0,0,0,0,0,0,0
21,1,0,1,0,1,1,0,0,0,3.923231428797621,-1,-999,0,0,0,11,0,0,0,1
21,41,0,0,0,0,0,0,0,4,4.12405167686155,-1,-999,0,0,0,0,0,0,0,1
21,32,0,0,0,1,0,0,0,6,4.562148100589706,-1,-999,0,0,0,1,1,0,0,0
12,21,0,0,0,0,0,0,0,0,4.0964393446710154,-1,-999,0,7,1,13,0,0,0,0
61,57,0,0,0,1,1,0,4,47,4.8198859975775905,-1,-999,0,0,0,13,0,0,1,1
11,64,0,1,0,0,0,0,0,21,5.381676315759937,-1,-999,0,0,0,16,0,0,0,1
16,21,0,0,0,0,0,1,1,0,4.413423651596768,-1,-999,0,0,0,0,0,0,0,1
15,1,0,0,0,1,0,0,0,1,3.729446194905256,-1,-999,0,0,0,5,0,0,1,0
42,1,0,0,0,2,0,0,2,10,4.48637013015618,-1,-999,0,0,0,0,0,0,0,1
42,19,0,0,0,3,2,0,0,10,4.528444187304092,-1,-999,0,0,0,0,0,0,0,1
13,30,0,0,0,1,0,0,0,0,3.9766912610488996,-1,-999,0,2,0,6,0,0,0,0
33,247,0,1,0,1,0,0,1,67,5.506512386892676,-1,-999,0,5,0,34,0,0,0,1
29,69,0,1,0,1,0,0,2,44,4.689757309937239,-1,-999,0,0,0,0,0,0,0,1
24,1,0,1,0,1,0,0,0,0,4.165013816065912,-1,-999,0,0,0,0,0,0,0,1
19,13,0,0,0,1,0,0,1,0,4.272331064905147,-1,-999,0,7,0,8,0,0,0,0
22,1,0,1,0,1,0,0,0,0,3.929214455199219,-1,-999,0,3,1,19,0,0,0,0
15,31,0,0,0,1,0,0,0,0,4.213190738761427,-1,-999,0,6,0,52,0,0,0,1
18,29,0,0,0,0,0,0,0,0,4.126810706591364,-1,-999,0,0,0,0,0,0,0,1
19,3,0,0,0,0,0,0,0,10,3.8404025467025056,-1,-999,0,0,0,0,0,0,0,1
18,42,0,0,0,1,0,0,0,16,4.675663586038795,-1,-999,0,1,0,25,0,0,0,0
21,18,0,0,0,1,0,0,0,0,4.324404141736792,-1,-999,0,1,3,25,0,0,0,0
23,15,0,0,0,1,0,0,2,0,4.419305040629888,-1,-999,0,0,0,1,1,0,0,0
28,22,0,0,0,1,0,0,0,0,4.095877191520979,-1,-999,0,8,0,12,0,0,0,1
12,0,0,0,0,0,0,0,0,0,3.4316235658474312,-1,-999,1,74,0,20,0,0,0,0
20,1,0,1,0,1,0,0,0,0,3.8573068568981284,-1,-999,1,12,1,19,0,0,0,0
24,14,0,0,0,1,0,0,0,0,4.127762474435138,-1,-999,0,1,0,16,0,0,0,1
14,0,0,0,0,0,0,0,1,0,3.7256507561120933,-1,-999,0,0,0,0,0,0,0,0
20,8,0,0,0,1,0,0,0,0,3.900153016697713,-1,-999,0,0,0,30,0,0,1,0
20,14,0,0,0,0,0,0,0,0,3.98587320077595,-1,-999,0,0,0,0,0,0,0,1
14,442,0,0,1,0,1,0,0,143,5.8069027081575015,-1,-999,0,0,0,0,0,0,0,1
32,1,0,0,0,1,1,0,0,0,4.068453957701922,-1,-999,0,0,1,1,0,0,0,1
21,31,0,0,0,1,1,0,2,0,4.143603067427472,-1,-999,0,0,1,20,0,0,0,0
21,78,0,0,0,1,0,1,0,0,4.499618833772057,-1,-999,0,0,0,0,0,0,0,1
16,10,0,1,0,1,0,0,0,0,3.9254106352407243,-1,-999,0,4,0,5,0,0,0,0
44,10,0,1,0,5,1,0,0,0,4.0992006508595455,-1,-999,0,0,0,0,0,0,0,1
19,1,0,1,0,1,0,0,0,0,4.039148671903071,-1,-999,0,0,0,2,0,0,0,0
22,6,0,0,0,0,0,0,1,1,3.9760107890421015,-1,-999,0,0,0,0,0,0,0,1
22,29,0,0,0,1,0,0,0,0,4.079385900367718,-1,-999,0,0,0,0,0,0,0,0
23,1,0,1,0,1,0,0,0,0,3.8820488277869583,-1,-999,0,8,0,9,0,0,0,0
24,10,0,0,0,3,0,0,0,2,3.8628151140048086,-1,-999,0,0,0,0,0,0,0,1
18,127,0,0,0,1,0,1,0,39,5.114211006486724,-1,-999,0,0,0,0,0,0,0,1
12,44,0,0,0,0,0,0,0,0,4.310712963822282,-1,-999,0,20,0,31,0,0,0,0
22,0,0,1,0,1,0,0,0,2,4.123231428797621,-1,-999,0,0,0,0,0,0,0,1
20,1,0,0,0,1,0,0,0,0,4.039148671903071,-1,-999,0,0,0,33,0,0,1,0
21,1,0,1,0,1,0,0,0,0,3.8062389286533898,-1,-999,0,0,0,0,0,0,0,1
29,43,0,0,0,1,0,0,0,7,4.64354637480911,-1,-999,0,0,0,1,1,0,0,0
17,10,0,0,0,1,0,1,0,7,4.314972767530033,-1,-999,0,0,0,0,0,0,0,1
18,1,0,1,0,1,0,0,0,0,4.0043444463675275,-1,-999,0,25,1,15,0,0,0,0
22,4,0,0,0,1,0,0,0,0,3.98319563424773,-1,-999,0,1,1,21,0,0,0,0
13,58,0,0,0,0,0,1,0,0,4.406232294469075,-1,-999,0,0,0,0,0,0,0,1
20,29,0,1,0,0,2,0,0,1,4.38370827847829,-1,-999,0,0,0,0,0,0,0,1
27,1,0,0,0,1,0,0,0,0,4.006876945083701,-1,-999,0,0,0,0,0,0,0,0
23,1,0,1,0,1,0,0,0,0,3.952819531114783,-1,-999,0,6,1,53,0,0,0,0
17,16,0,0,0,1,0,0,1,0,4.234183719779189,-1,-999,0,0,0,0,0,0,0,0
15,0,0,0,0,0,0,0,0,0,3.7544418457133455,-1,-999,0,0,0,0,0,0,0,0
35,28,0,0,0,1,1,0,1,6,4.516882710650421,-1,-999,0,0,0,0,0,0,0,1
11,16,0,1,0,0,0,0,0,0,3.817393103776577,-1,-999,0,1,0,9,0,0,1,0
18,60,0,0,0,2,0,0,0,31,4.874738324680355,-1,-999,0,0,0,0,0,0,0,1
40,20,0,0,0,4,0,0,0,19,4.351641109254516,-1,-999,0,0,0,0,0,0,0,1
28,0,0,0,0,1,0,0,0,0,4.090296503327815,-1,-999,0,0,0,1,0,0,0,1
17,22,0,0,0,1,0,0,0,0,4.143476228766491,-1,-999,0,0,1,22,0,0,0,0
24,52,0,0,0,1,0,0,0,12,4.861740934322944,-1,-999,0,0,0,0,0,0,0,1
17,31,0,0,0,1,0,0,0,0,4.092380568259549,-1,-999,0,3,4,4,0,0,0,0
54,66,0,0,0,4,2,0,1,25,4.887898001139453,-1,-999,0,0,0,0,0,0,0,1
29,16,0,0,0,0,0,0,0,0,4.089889603490046,-1,-999,0,0,0,4,0,0,0,1
17,1,0,1,0,1,0,0,0,0,3.95006375643621,-1,-999,0,3,0,44,0,0,0,0
19,65,0,0,0,1,0,0,0,0,4.340659511058689,-1,-999,0,8,0,24,0,0,0,0
21,30,0,1,0,1,0,0,0,4,4.327581931364309,-1,-999,0,0,0,3,0,0,0,0
28,10,0,0,0,1,1,0,0,0,4.066542752164839,-1,-999,0,0,0,0,0,0,0,1
7,41,0,1,0,0,0,0,0,4,5.03956929576345,-1,-999,0,0,0,10,0,1,0,1
7,29,0,0,0,0,0,0,0,0,4.1558184643976634,-1,-999,0,0,0,0,0,0,0,1
16,38,0,0,0,1,0,0,0,5,4.344752609952984,-1,-999,0,0,0,0,0,0,0,0
50,69,0,1,0,3,2,0,1,20,4.8456870678731265,-1,-999,0,0,0,0,0,0,0,1
20,1,0,1,0,1,0,0,0,0,3.788341339656749,-1,-999,0,6,0,11,0,0,0,0
19,11,0,1,0,0,0,0,0,0,4.293594289588575,-1,-999,0,54,0,55,0,0,0,0
20,22,0,0,0,1,0,0,1,0,4.074221202169004,-1,-999,0,0,0,0,0,0,0,0
29,0,0,0,0,1,0,0,0,1,4.104243668758971,-1,-999,0,2,0,4,1,0,0,1
50,66,0,1,0,3,2,0,1,17,4.603667230368212,-1,-999,0,0,0,0,0,0,0,1
31,1,0,1,0,1,0,0,0,0,4.068453957701922,-1,-999,0,7,0,49,0,0,0,0
19,38,0,0,0,2,0,0,1,0,4.17832529025077,-1,-999,0,2,1,6,0,0,0,0
18,42,0,0,0,0,2,0,0,7,4.398199549236065,-1,-999,0,0,0,0,0,0,0,1
19,90,0,1,0,1,0,0,0,6,4.866504332515724,-1,-999,0,0,0,2,0,0,0,0
12,42,0,0,0,0,0,0,0,24,4.500272075822209,-1,-999,1,35,0,18,0,0,0,1
15,133,0,0,0,1,1,0,0,23,5.47481462086918,-1,-999,0,0,0,1,0,0,0,1
13,1,0,1,0,1,0,0,0,0,3.2998963911678914,-1,-999,1,25,1,104,0,0,0,0
27,99,0,0,0,1,2,0,0,0,4.105078277655847,-1,-999,0,0,0,0,0,0,0,1
15,28,0,0,0,1,0,0,0,0,4.661467880199449,-1,-999,0,0,0,0,0,0,0,0
37,69,0,1,0,1,1,0,0,1,4.271174823639291,-1,-999,0,0,0,0,0,0,0,1
22,0,0,0,0,1,0,0,0,2,3.978333581185264,-1,-999,0,0,0,1,0,0,0,1
23,103,0,0,0,1,2,0,0,5,4.525143187418524,-1,-999,0,0,0,0,0,0,0,1
13,15,0,1,0,0,0,0,0,0,3.8956388075276673,-1,-999,0,8,0,17,0,0,0,0
21,61,0,1,0,0,1,1,0,0,4.397836471923487,-1,-999,0,1,0,45,0,0,1,1
32,1,0,0,0,1,0,0,0,0,3.996439344671016,-1,-999,0,0,0,7,0,0,0,0
18,42,0,0,0,1,1,0,0,4,4.265069929257796,-1,-999,0,0,0,0,0,0,0,1
9,1,0,0,0,0,0,0,0,1,3.572469458770136,-1,-999,0,0,0,1,0,0,0,0
12,47,0,0,0,0,1,0,1,0,4.314773241806618,-1,-999,0,0,0,0,0,0,0,1
22,1,0,1,0,1,0,0,0,1,3.977916874693636,-1,-999,0,0,2,31,0,0,1,0
22,0,0,1,0,1,0,0,0,0,3.923231428797621,-1,-999,0,2,0,5,0,0,0,1
14,1,0,0,0,0,0,0,0,0,3.5039975273348483,-1,-999,0,0,0,0,0,0,0,1
24,89,0,0,0,1,0,0,0,28,5.343976048225109,-1,-999,0,2,0,15,0,1,0,1
19,37,0,0,0,1,0,0,0,4,4.371291480805731,-1,-999,0,2,0,41,0,0,0,0
18,18,0,0,0,1,0,0,0,0,4.208485034316045,-1,-999,0,6,0,22,0,0,1,0
14,14,0,0,0,0,0,0,0,0,4.125871146123145,-1,-999,0,0,0,0,0,0,0,1
15,34,0,0,0,1,1,0,0,0,4.362821832957942,-1,-999,0,0,0,0,0,0,1,1
14,18,0,0,1,0,0,0,0,11,3.989778500580689,-1,-999,0,0,0,0,0,0,0,1
15,1,0,1,0,1,0,0,0,0,3.7406015629507228,-1,-999,0,1,1,40,0,0,0,0
37,42,0,0,0,1,0,0,0,0,4.2624608324890945,-1,-999,0,0,0,0,0,0,0,0
11,8,0,0,0,0,0,0,0,0,3.401422890801964,-1,-999,0,0,0,0,0,0,0,1
15,16,0,1,0,1,1,0,0,0,3.989778500580689,-1,-999,0,0,0,5,0,0,0,1
21,29,0,0,0,1,1,0,0,0,4.1380942433905705,-1,-999,0,0,0,0,0,0,0,1
19,55,0,0,0,1,0,0,0,17,4.485051658707415,-1,-999,0,0,0,0,0,0,0,1
14,55,0,0,0,1,0,0,0,2,4.226840370987731,-1,-999,0,0,0,0,0,0,0,1
25,1,0,1,0,1,0,0,1,0,3.9513101799829666,-1,-999,0,0,0,16,0,0,1,0
13,4,0,1,0,1,0,0,0,0,3.8936606896881862,-1,-999,0,1,0,9,0,0,0,0
60,10,0,1,0,3,0,0,2,23,4.778747053049825,-1,-999,0,0,0,0,0,0,0,1
15,1,0,0,0,1,0,0,1,0,3.936180434129755,-1,-999,0,0,0,1,0,0,0,0
18,21,0,0,0,0,0,0,0,0,4.118579554250694,-1,-999,0,2,1,12,0,0,0,0
10,39,0,1,0,0,0,0,0,0,4.153757997639401,-1,-999,0,0,0,0,0,0,0,1
17,28,0,0,0,1,0,0,0,0,4.065140440455373,-1,-999,0,4,1,10,0,0,0,0
14,0,0,0,0,1,0,0,0,0,3.594465636961452,-1,-999,0,0,1,19,0,0,0,0
16,53,0,0,0,0,1,0,0,0,4.299870033369209,-1,-999,0,2,0,22,0,0,0,1
61,57,0,1,0,1,1,0,4,38,4.839535944389555,-1,-999,0,0,0,0,0,0,0,1
36,12,0,0,0,3,3,0,0,0,4.11062670603501,-1,-999,0,0,0,0,0,0,0,1
18,32,0,0,0,0,0,0,0,0,4.509035633790891,-1,-999,0,0,0,1,0,0,0,1
31,27,0,0,0,1,0,0,1,3,4.525441275395412,-1,-999,0,0,0,0,0,0,0,1
9,38,0,0,0,0,1,0,0,6,4.646104113627779,-1,-999,0,0,0,0,0,0,0,1
21,148,0,0,0,1,1,0,0,43,5.487381241721816,-1,-999,0,0,0,0,0,0,0,1
15,1,0,1,0,1,0,0,0,0,3.6572682296173893,-1,-999,0,2,0,3,0,0,0,0
20,53,0,1,0,1,0,0,0,0,4.291536385622464,-1,-999,0,34,1,47,0,0,0,0
14,27,0,1,0,1,0,0,0,0,3.9638148851441657,-1,-999,0,0,0,130,0,0,0,0
14,30,0,0,0,1,0,1,0,62,4.659114532357197,-1,-999,0,7,0,18,0,0,0,1
33,23,0,0,0,3,0,0,1,3,4.181479480487738,-1,-999,0,0,0,0,0,0,0,1
12,4,0,0,0,0,0,0,0,0,3.5670402169265785,-1,-999,0,0,0,0,0,0,0,1
34,41,0,0,0,1,0,0,0,0,4.323172708211364,-1,-999,0,0,0,0,0,0,0,0
17,28,0,0,0,1,0,0,0,0,4.465077584342486,-1,-999,0,1,1,19,0,0,0,0
36,4,0,1,0,1,1,0,3,1,4.2948928142569,-1,-999,0,0,0,1,0,0,0,1
27,1,0,0,0,1,0,0,0,0,3.8541632888566615,-1,-999,0,2,0,17,0,0,0,0
20,22,0,0,0,1,0,0,0,0,4.141632099882881,-1,-999,0,0,0,11,0,0,0,0
16,17,0,1,0,0,0,0,0,0,3.8763555179546554,-1,-999,0,0,0,0,0,0,0,1
14,1,0,1,0,1,0,0,0,0,3.468576629687865,-1,-999,1,6,0,4,0,0,0,0
19,26,0,0,0,0,0,0,0,0,4.15421610287363,-1,-999,0,0,0,0,0,0,0,1
6,8,0,0,0,0,0,0,0,2,3.844232898763192,-1,-999,0,1,0,15,0,0,0,1
9,8,0,1,0,0,0,0,0,4,4.023465189601647,-1,-999,0,0,0,1,0,0,0,1
12,29,0,1,0,1,0,0,0,4,4.338601170380906,-1,-999,0,0,0,59,0,0,0,0
15,89,0,1,0,1,0,0,0,8,5.30681851205506,-1,-999,0,0,0,0,0,0,0,1
16,21,0,1,0,1,0,0,0,0,4.266977196801592,-1,-999,0,4,0,5,0,0,0,0
22,62,0,1,0,1,0,0,0,8,4.585333358316328,-1,-999,1,16,1,27,0,0,0,0
16,14,0,0,0,1,0,0,0,0,3.9696073391174034,-1,-999,0,0,0,0,0,0,0,1
50,68,0,0,0,3,2,0,1,17,4.586357764863943,-1,-999,0,0,0,0,0,0,0,1
8,4,0,0,0,0,0,0,0,0,3.5110854081804277,-1,-999,0,2,0,16,0,0,0,1
23,38,0,1,0,1,0,0,2,1,4.57327576993908,-1,-999,0,0,0,0,0,0,0,0
22,1,0,1,0,1,0,0,0,0,4.321721231045241,-1,-999,1,2,0,18,0,0,0,0
36,1,0,1,0,2,0,0,0,0,4.23564587381899,-1,-999,0,0,0,0,0,0,0,1
12,27,0,1,0,1,0,0,0,0,4.252050959148411,-1,-999,0,0,0,2,0,0,0,0
15,75,0,0,0,1,0,0,0,0,4.275201019047588,-1,-999,0,0,1,20,0,0,1,0
9,1,0,1,0,1,0,0,0,0,3.3082708345352603,-1,-999,0,0,0,0,0,0,0,0
17,84,0,0,0,0,0,1,0,0,4.535866932397395,-1,-999,0,0,0,0,0,0,0,1
32,1,0,1,0,1,0,0,0,0,4.094760845817661,-1,-999,0,0,0,0,0,0,0,0
16,19,0,1,0,1,0,0,0,0,4.125889243983641,-1,-999,0,4,0,5,0,0,0,0
15,36,0,0,0,1,0,0,0,0,4.130170660497148,-1,-999,0,26,2,121,0,1,1,0
14,70,0,0,1,0,0,0,0,27,4.6332403823823,-1,-999,0,0,0,0,0,0,0,1
10,9,0,0,0,1,0,0,0,0,3.95006375643621,-1,-999,0,1,0,18,0,0,0,0
22,1,0,1,0,1,0,0,0,0,4.002268084440845,-1,-999,0,0,0,28,0,0,0,0
15,239,0,1,0,1,1,0,0,47,5.666069256502517,-1,-999,0,1,0,3,0,0,0,1
17,1,0,1,0,1,0,0,0,0,3.690260390968384,-1,-999,0,0,0,0,0,0,1,0
18,42,0,1,0,1,0,0,0,5,4.396758621974927,-1,-999,0,15,1,59,0,0,0,0
21,71,0,0,0,1,0,0,0,0,4.387146727416803,-1,-999,0,0,0,0,0,0,0,1
17,26,0,1,0,1,0,0,0,0,4.226374244680232,-1,-999,0,0,1,15,0,0,0,0
45,56,0,0,0,1,0,0,3,10,4.593504434426376,-1,-999,0,0,0,0,0,0,0,0
27,29,0,1,0,1,0,0,0,0,4.4053888679951365,-1,-999,0,0,0,3,0,0,0,0
13,1,0,0,0,1,0,0,0,0,3.594465636961452,-1,-999,0,0,0,0,0,0,0,1
16,16,0,1,0,1,0,0,0,1,4.115311532225102,-1,-999,0,13,0,11,0,0,0,0
21,6,0,0,0,1,0,0,0,0,4.035273502696889,-1,-999,0,0,0,0,0,0,0,1
20,39,0,0,0,1,0,0,0,3,4.52562395333531,-1,-999,0,0,1,12,0,0,0,0
16,25,0,1,0,1,0,0,0,0,4.068292752057712,-1,-999,0,4,0,5,0,0,0,0
16,1,0,1,0,1,0,0,0,0,3.7532696895151085,-1,-999,0,4,1,91,0,0,0,0
15,89,0,1,0,1,0,0,0,9,5.286777250935676,-1,-999,0,0,0,0,0,0,0,1
21,27,0,1,0,1,0,0,0,0,4.295833441448779,-1,-999,0,0,0,18,0,0,0,0
24,17,0,0,0,1,0,0,1,0,4.159886917514739,-1,-999,0,0,0,7,0,0,0,0
9,9,0,0,0,0,0,0,0,0,3.7492750707107136,-1,-999,0,8,2,26,0,0,0,1
19,0,0,0,0,1,0,0,0,0,3.686419411348774,-1,-999,0,0,0,6,0,0,0,0
16,73,0,0,0,1,0,0,0,0,4.3975647831999005,-1,-999,0,1,0,19,0,0,0,1
24,12,0,1,0,1,0,0,0,4,4.555467129755085,-1,-999,0,0,0,0,0,0,0,1
24,3,0,1,0,1,0,0,1,2,3.7934290883117248,-1,-999,0,0,0,0,0,0,0,1
11,1,0,0,0,1,0,0,0,0,3.391892644680933,-1,-999,0,1,0,21,0,0,0,0
10,16,0,0,0,0,0,0,0,0,3.907734270742486,-1,-999,0,0,0,1,0,0,0,1
16,42,0,0,0,1,1,0,0,0,4.238547245304236,-1,-999,1,13,0,11,0,0,0,1
20,1,0,1,0,1,0,0,0,0,3.8833374604210062,-1,-999,1,8,0,18,0,0,1,0
13,0,0,0,0,1,0,0,0,0,3.308694969562842,-1,-999,0,0,0,0,0,0,0,1
21,72,0,0,0,1,0,0,1,5,4.419680556685046,-1,-999,0,0,0,0,0,0,0,0
16,26,0,0,0,1,0,0,0,0,4.132481466909276,-1,-999,0,3,0,9,0,0,0,0
26,1,0,1,0,1,0,0,0,0,4.107156230921614,-1,-999,0,9,1,147,0,0,0,0
15,34,0,0,0,1,0,0,0,0,4.097558387024489,-1,-999,0,0,0,1,1,0,0,0
16,0,0,0,0,0,0,0,0,0,3.740953260404839,-1,-999,0,1,1,24,0,0,0,0
22,16,0,1,0,0,0,0,0,1,4.14564721724714,-1,-999,0,0,0,0,0,0,0,1
10,26,0,1,0,0,0,0,0,0,4.237285311573267,-1,-999,0,8,0,101,0,0,1,0
15,133,0,0,0,1,1,0,0,25,5.525890326374434,-1,-999,0,0,0,1,0,0,0,1
22,1,0,1,0,1,0,0,0,0,4.17146526179041,-1,-999,0,1,1,7,0,0,0,0
13,81,0,1,0,1,0,0,0,24,5.263730260736769,-1,-999,0,0,0,0,0,0,0,1
15,1,0,1,0,1,0,0,0,0,3.855388542207534,-1,-999,0,0,1,38,0,0,0,0
32,0,0,0,0,3,0,0,0,0,4.060416641661804,-1,-999,0,0,0,0,0,0,0,1
44,1,0,0,0,1,0,0,2,3,4.303724516543195,-1,-999,0,0,0,0,0,0,0,1
13,15,0,0,0,1,0,0,0,0,3.921721231045241,-1,-999,0,0,0,16,0,0,0,0
29,37,0,0,0,1,0,0,0,0,4.448280943166201,-1,-999,0,0,0,0,0,0,0,1
19,20,0,0,0,0,0,0,0,1,4.205536075989825,-1,-999,0,0,0,0,0,0,0,1
14,1,0,0,0,1,0,0,0,0,3.7544418457133455,-1,-999,0,0,0,10,0,0,0,1
16,1,0,0,0,1,0,0,0,0,4.014438730983427,-1,-999,1,29,0,15,0,1,0,1
40,26,0,0,0,3,1,1,2,3,4.508958471150734,-1,-999,0,0,0,0,0,0,0,1
14,36,0,0,1,0,1,0,0,11,4.448787330137003,-1,-999,0,0,0,0,0,0,0,1
17,99,0,0,0,1,0,0,0,17,4.6264077994059924,-1,-999,0,0,0,0,0,0,0,0
16,8,0,1,0,1,0,0,0,0,3.840018266288633,-1,-999,0,0,1,10,0,0,0,0
10,151,0,0,0,1,0,0,0,4,5.23542712686653,-1,-999,1,11,0,38,0,0,0,1
38,23,0,0,0,1,0,0,0,0,4.182096849299778,-1,-999,0,1,2,25,0,0,0,0
36,0,0,1,0,1,0,0,0,0,4.235015641798043,-1,-999,1,3,0,34,0,0,0,0
13,138,0,1,0,1,0,0,0,20,5.001105605586911,-1,-999,0,0,0,0,0,0,0,0
34,1,0,0,0,3,0,0,1,0,4.121267946939375,-1,-999,0,0,0,0,0,0,0,1
19,11,0,0,0,1,1,0,0,0,3.992708770800467,-1,-999,0,0,0,0,0,0,0,1
23,47,0,0,0,0,0,0,0,20,4.6901619898344125,-1,-999,0,0,0,0,0,0,0,1
16,50,0,0,0,1,0,0,0,0,4.504656366731367,-1,-999,0,3,1,17,0,0,0,1
20,22,0,1,0,1,0,0,0,0,4.1431449409815775,-1,-999,0,0,0,1,1,0,0,0
20,20,0,0,0,0,0,0,0,0,4.000981404685001,-1,-999,1,3,0,0,0,0,0,1
18,14,0,1,0,1,0,0,0,0,4.210733711724087,-1,-999,0,1,0,76,0,1,0,0
17,52,0,0,0,0,0,0,0,8,4.416894414811066,-1,-999,1,33,1,56,0,0,0,0
19,25,0,0,0,1,0,0,0,0,4.233521852064551,-1,-999,0,0,1,9,0,0,0,0
29,26,0,0,0,3,0,1,0,7,4.583329883617666,-1,-999,0,0,0,0,0,0,0,1
10,45,0,0,0,0,0,0,0,18,4.552682552490406,-1,-999,0,0,0,0,0,0,0,1
11,1,0,1,0,1,0,0,0,0,3.5464393446710156,-1,-999,0,0,0,0,0,0,0,0
50,69,0,1,0,3,2,0,1,26,4.882507720390291,-1,-999,0,0,0,0,0,0,0,1
21,13,0,0,0,0,0,0,0,3,4.257078456355553,-1,-999,0,0,0,0,0,0,0,0
15,25,0,0,0,1,1,0,0,3,4.219378479291181,-1,-999,0,0,0,0,0,0,0,1
26,1,0,1,0,1,0,0,0,0,4.050013373778757,-1,-999,0,0,0,1,0,0,0,0
15,0,0,0,0,0,0,0,0,0,3.6412498004554794,-1,-999,0,0,0,0,0,0,0,0
15,50,0,1,0,1,0,0,0,0,4.267194902770672,-1,-999,0,8,0,8,0,0,0,0
12,24,0,0,0,1,1,0,0,0,3.5882284188961124,-1,-999,0,5,0,326,0,0,0,1
16,26,0,0,0,1,0,0,0,4,4.431272380112911,-1,-999,0,0,0,0,0,0,0,1
14,51,0,0,0,2,0,0,0,10,4.366755760944707,-1,-999,0,0,0,0,0,0,0,0
8,15,0,0,0,0,0,0,0,4,4.002268084440845,-1,-999,0,10,0,26,0,0,0,1
16,14,0,0,0,0,1,0,1,0,3.9492049741940667,-1,-999,0,0,0,1,0,0,0,1
16,39,0,1,0,1,0,0,0,23,4.518703488389905,-1,-999,0,2,0,42,0,0,0,0
16,29,0,0,0,1,0,0,0,0,4.109232719811862,-1,-999,0,0,1,15,0,0,0,0
21,59,0,0,0,2,0,0,0,12,4.500302910898218,-1,-999,0,0,0,0,0,0,0,0
15,47,0,1,0,1,0,0,0,0,4.496814071106214,-1,-999,0,0,0,33,0,0,0,0
23,1,0,0,0,1,0,0,0,0,3.913400745661378,-1,-999,0,3,1,17,0,0,0,0
31,87,0,0,0,1,0,0,0,32,4.949397190526009,-1,-999,0,0,0,1,0,0,0,1
50,67,0,0,0,3,2,0,1,22,4.730164613446806,-1,-999,0,0,0,0,0,0,0,1
23,11,0,1,0,1,0,0,1,9,4.594465636961452,-1,-999,0,0,0,0,0,0,0,1
18,12,0,0,0,0,0,0,0,0,4.005314856894279,-1,-999,0,0,0,0,0,0,0,1
15,39,0,0,0,1,0,0,0,0,4.498211468952163,-1,-999,0,3,0,157,0,0,0,0
18,27,0,0,0,0,0,0,0,2,4.187535209236148,-1,-999,0,2,0,57,0,0,0,1
13,1,0,0,0,1,0,0,0,0,3.427333493898265,-1,-999,0,22,1,11,0,0,0,0
27,28,0,0,0,1,0,0,0,0,4.146855787027016,-1,-999,0,0,0,0,0,0,0,1
50,68,0,0,0,3,2,0,1,22,4.796231632566907,-1,-999,0,0,0,0,0,0,0,1
42,68,0,0,0,3,2,0,0,18,4.665314471060913,-1,-999,0,0,0,0,0,0,0,1
16,29,0,0,0,1,0,0,0,0,4.572955285773964,-1,-999,0,0,0,0,0,0,0,0
29,12,0,0,0,1,0,0,0,2,4.167481250360578,-1,-999,0,0,0,2,0,0,0,0
24,7,0,0,0,0,0,0,0,0,4.240962710641207,-1,-999,0,0,0,0,0,0,0,1
11,31,0,0,0,0,0,0,0,0,4.119113670336754,-1,-999,0,0,0,0,0,0,0,0
14,37,0,0,0,1,0,0,0,0,4.2348953832755445,-1,-999,0,0,1,19,0,0,0,0
22,58,0,1,0,1,1,0,0,14,4.820647534449064,-1,-999,0,0,0,0,0,0,0,1
12,23,0,1,0,0,0,0,1,0,4.175696440497044,-1,-999,0,0,0,0,0,0,0,1
19,1,0,1,0,1,0,0,0,0,3.699513850319966,-1,-999,0,7,0,18,0,0,0,0
16,51,0,1,0,0,0,0,0,6,4.36937939946618,-1,-999,0,332,8,125,0,0,1,0
30,1,0,0,0,4,0,0,0,0,3.8301826981560274,-1,-999,0,0,0,0,0,0,0,1
17,26,0,0,0,1,1,0,1,0,4.126370130156181,-1,-999,0,2,0,5,0,0,0,1
16,49,0,0,0,1,0,0,0,1,4.356252258924367,-1,-999,0,0,0,1,0,0,0,1
16,51,0,1,0,1,0,0,0,0,4.128821479733294,-1,-999,0,4,0,25,0,0,0,0
16,29,0,0,0,1,0,0,1,0,4.390074997229215,-1,-999,0,6,0,40,0,0,0,0
15,25,0,0,0,1,0,0,0,0,4.187255606858693,-1,-999,0,1,2,28,0,0,0,0
16,1,0,1,0,1,0,0,0,0,3.8634651896016474,-1,-999,0,0,2,16,0,0,0,0
17,42,0,1,0,1,0,0,0,6,4.618421750760892,-1,-999,0,2,0,28,0,0,0,0
21,581,0,1,0,1,1,0,1,71,5.71649599946104,-1,-999,0,0,0,0,0,0,0,1
31,1,0,1,0,1,0,0,0,0,4.043942707918269,-1,-999,0,0,1,14,0,0,0,0
16,24,0,1,0,1,0,0,0,0,4.488521032323434,-1,-999,0,4,0,5,0,0,0,0
14,20,0,1,0,0,0,0,0,1,3.885550458132468,-1,-999,0,0,0,0,0,0,0,1
42,65,0,0,0,3,2,0,0,24,4.769707762682567,-1,-999,0,0,0,0,0,0,0,1
18,16,0,0,0,0,0,0,0,0,4.094760845817661,-1,-999,0,0,0,0,1,0,0,1
27,6,0,0,0,1,0,0,0,0,3.9898227820087553,-1,-999,0,8,0,14,0,0,0,1
19,28,0,1,0,1,0,0,0,5,4.295021423309125,-1,-999,0,0,0,1,0,0,0,0
50,68,0,1,0,3,2,0,1,18,4.855249872006547,-1,-999,0,0,0,0,0,0,0,1
28,70,0,0,0,1,0,0,0,0,4.225434330496084,-1,-999,0,0,0,0,0,0,0,0
13,211,0,0,0,1,1,0,0,88,4.928169529355023,-1,-999,0,0,0,0,0,0,0,1
18,13,0,1,0,1,1,0,1,0,4.182336834024969,-1,-999,0,0,0,10,0,0,0,1
14,21,0,0,0,1,0,0,0,5,4.282098601752791,-1,-999,0,3,0,14,0,0,1,0
17,22,0,0,0,1,0,0,0,1,4.2326037389862705,-1,-999,0,0,0,0,0,0,0,1
17,14,0,0,0,1,0,0,0,0,4.083067973799102,-1,-999,0,0,0,0,0,0,0,0
6,115,0,0,0,0,0,0,0,16,4.957256449948547,-1,-999,0,0,0,7,0,0,0,1
50,69,0,0,0,3,2,0,1,15,4.649781111576831,-1,-999,0,0,0,0,0,0,0,1
23,0,0,0,0,0,0,0,0,0,3.7614063297218427,-1,-999,0,0,0,0,0,0,0,1
46,69,0,1,0,4,2,0,0,28,4.933433259230966,-1,-999,0,0,0,0,0,0,0,1
15,66,0,0,0,1,0,0,0,5,4.894328168222532,-1,-999,0,0,1,19,0,0,0,1
25,1,0,1,0,1,0,0,1,0,4.197325708706504,-1,-999,0,0,0,0,0,0,0,1
16,21,0,1,0,1,0,0,0,0,3.8308515766806956,-1,-999,0,0,0,23,1,1,0,1
37,1,0,1,0,1,3,0,3,0,4.118579554250694,-1,-999,0,0,2,10,0,0,0,1
25,8,0,0,0,1,1,0,0,0,3.9995817701478353,-1,-999,0,0,0,1,1,0,0,0
31,33,0,1,0,0,0,0,0,0,4.164677828595853,-1,-999,0,2,27,26,0,0,0,1
24,1,0,1,0,1,0,0,0,0,3.9801694078807643,-1,-999,0,0,0,0,0,0,0,1
9,0,0,0,0,0,0,0,0,0,3.75,-1,-999,0,0,0,4,0,0,0,0
13,18,0,0,0,1,1,0,0,0,4.14860021052734,-1,-999,0,0,0,0,0,0,0,1
14,49,0,0,0,1,0,0,0,0,4.345454139221849,-1,-999,0,3,2,5,0,0,0,0
24,1,0,0,0,1,0,0,1,0,4.163909765557392,-1,-999,0,0,0,0,0,0,0,1
9,68,0,0,0,0,0,0,0,0,4.2233729707184,-1,-999,0,0,0,5,0,0,0,0
21,55,0,1,0,1,1,0,0,0,4.26882310420957,-1,-999,1,13,0,47,0,0,0,0
12,5,0,1,0,1,0,0,0,0,3.8332696895151086,-1,-999,0,3,1,28,0,0,1,0
12,1,0,0,0,1,0,0,0,0,3.4464393446710155,-1,-999,0,0,0,2,0,0,0,1
7,7,0,1,0,0,0,0,0,0,3.720128777433188,-1,-999,0,0,0,3,0,0,0,1
18,107,0,1,0,1,0,0,0,31,5.155280064355284,-1,-999,0,2,2,17,0,0,0,0
16,9,0,0,0,0,0,0,0,0,3.840018266288633,-1,-999,0,0,0,1,1,0,0,1
17,1,0,0,0,1,0,0,0,0,3.5132696895151088,-1,-999,0,0,1,10,0,0,0,0
22,0,0,0,0,0,0,0,0,0,3.715932185515029,-1,-999,0,0,0,6,0,0,0,0
18,18,0,1,0,1,0,0,0,0,4.10752381283357,-1,-999,0,2,1,5,0,0,0,0
12,198,0,1,0,0,1,0,0,85,4.715427872471569,-1,-999,0,0,0,0,0,0,0,1
13,1,0,0,0,1,0,0,0,0,3.5225715891363603,-1,-999,0,0,0,0,0,0,0,0
18,23,0,0,0,0,0,0,1,3,4.67091452195184,-1,-999,0,0,0,0,0,0,0,1
15,76,0,1,0,1,0,0,0,11,5.250110787312091,-1,-999,0,0,0,0,0,0,0,1
21,23,0,0,0,0,0,0,1,0,4.153132333042789,-1,-999,0,0,0,0,0,0,0,0
16,18,0,1,0,1,0,0,0,0,4.002685804288277,-1,-999,0,0,0,23,1,1,0,1
16,15,0,1,0,1,0,0,0,0,4.038499898783,-1,-999,0,0,0,1,0,0,0,0
50,19,0,0,0,3,2,0,1,13,4.57509293568349,-1,-999,0,0,0,0,0,0,0,1
46,68,0,1,0,4,2,0,0,18,4.808559727896324,-1,-999,0,0,0,0,0,0,0,1
12,11,0,1,0,0,0,0,0,0,3.79290598780623,-1,-999,0,0,0,0,0,0,0,1
37,24,0,0,0,3,0,0,2,6,4.350504989214241,-1,-999,0,0,0,0,0,0,0,1
17,22,0,0,0,1,0,0,0,1,4.099997967896925,-1,-999,0,0,0,0,0,0,0,0
10,23,0,1,0,0,0,0,0,0,3.7360786905275067,-1,-999,0,0,0,1,0,0,0,1
14,21,0,0,0,1,0,0,0,5,4.3297176493718394,-1,-999,0,3,0,10,0,0,1,0
12,0,0,1,0,1,0,0,0,0,3.5464393446710156,-1,-999,0,0,0,22,0,0,1,0
35,10,0,0,0,1,1,0,1,3,4.21929452566698,-1,-999,0,0,0,0,0,0,0,1
23,48,0,1,0,1,0,0,1,4,4.446575218617088,-1,-999,0,0,0,0,0,0,0,0
26,52,0,0,0,1,0,0,1,0,4.2316632608654,-1,-999,0,0,0,0,0,0,0,1
15,7,0,0,0,0,0,0,0,2,4.004364184708142,-1,-999,0,0,0,4,0,0,0,1
16,57,0,1,0,1,0,0,0,7,5.244329900774861,-1,-999,0,0,0,0,0,0,0,1
19,39,0,1,0,0,1,0,0,4,4.176451505492631,-1,-999,0,0,0,0,0,0,0,1
28,31,0,0,0,1,0,0,0,0,4.2370575660986916,-1,-999,0,0,0,0,0,0,0,0
11,1,0,1,0,1,0,0,0,0,3.484183719779189,-1,-999,0,3,0,30,0,0,0,0
28,45,0,0,0,1,0,0,0,0,4.567494234154352,-1,-999,0,7,0,14,0,0,0,0
9,26,0,0,0,1,0,0,0,2,4.3680424225727155,-1,-999,0,4,1,2,0,0,0,0
18,21,0,1,0,2,0,0,0,4,4.351837255656769,-1,-999,0,4,0,5,0,0,0,0
17,0,0,0,0,0,0,0,0,0,3.9701755214643453,-1,-999,0,0,0,0,0,0,0,0
14,1,0,1,0,0,0,0,0,0,3.8820451081368623,-1,-999,0,11,0,2,0,0,0,0
15,1,0,1,0,1,0,0,0,0,3.855388542207534,-1,-999,0,0,0,0,0,0,0,0
8,31,0,0,0,0,0,0,0,0,4.395859717341204,-1,-999,0,0,0,1,0,0,0,1
25,25,0,1,0,1,0,0,0,0,4.198414729808072,-1,-999,0,0,0,3,0,0,0,1
21,35,0,0,0,1,0,0,0,0,4.459045947440479,-1,-999,0,0,0,12,0,0,0,0
15,26,0,0,0,1,0,0,0,0,4.248734053066623,-1,-999,0,0,0,1,0,0,0,1
17,8,0,0,0,0,1,0,0,0,3.715018266288633,-1,-999,0,0,0,0,0,0,0,1
31,65,0,1,0,1,0,0,0,12,4.555363459243881,-1,-999,0,9,1,29,0,0,1,0
16,6,0,1,0,0,0,0,0,0,3.9735572622751856,-1,-999,0,0,0,0,0,0,0,1
41,0,0,0,0,3,0,0,2,0,4.121653522439334,-1,-999,0,0,0,0,0,0,0,1
15,1,0,1,0,1,0,0,0,0,3.636842188131012,-1,-999,1,14,1,17,0,0,0,0
36,27,0,0,0,1,0,0,0,0,4.218588646061332,-1,-999,0,1,3,26,0,0,0,0
16,69,0,0,0,1,1,0,0,0,4.207009077479304,-1,-999,0,0,0,0,0,0,0,0
25,25,0,0,0,0,1,0,0,11,4.505719128344662,-1,-999,0,0,0,0,0,0,0,1
15,66,0,1,0,1,1,0,0,12,5.088956150038736,-1,-999,0,0,0,0,0,0,0,0
21,1,0,0,0,1,0,0,0,0,4.021268494903765,-1,-999,0,0,0,0,0,0,0,0
23,1,0,1,0,1,0,0,0,0,3.9917292966721747,-1,-999,1,26,0,104,0,0,0,0
19,19,0,0,0,0,0,0,0,0,4.213502264433443,-1,-999,0,2,2,13,0,0,0,1
22,67,0,1,0,1,0,0,0,1,4.382411406067493,-1,-999,0,0,0,0,0,0,0,1
11,51,0,0,0,0,0,0,0,0,4.231378899203216,-1,-999,0,0,0,0,0,0,0,0
14,25,0,0,0,1,0,0,0,0,4.153571738477581,-1,-999,0,2,0,41,0,0,0,0
28,69,0,0,0,2,1,0,1,23,4.734866252516943,-1,-999,0,0,0,0,0,0,0,1
18,22,0,1,0,2,1,0,0,0,4.2801876989901,-1,-999,0,4,0,5,0,0,0,0
14,75,0,0,0,0,1,0,0,20,4.767755934407697,-1,-999,0,0,0,0,0,0,0,1
14,10,0,1,0,1,0,0,0,4,3.9261085007312415,-1,-999,0,0,1,5,0,0,0,0
20,1,0,0,0,1,0,0,0,0,3.8423709931771084,-1,-999,0,0,0,85,0,0,0,0
20,31,0,1,0,1,0,0,0,0,4.2680942194265645,-1,-999,0,0,0,1,0,0,0,0
23,30,0,0,0,1,0,0,1,0,4.344413829577611,-1,-999,0,2,0,21,0,0,1,0
19,84,0,1,0,1,0,0,0,11,4.7991796925161205,-1,-999,0,0,0,2,0,0,0,0
18,11,0,1,0,1,0,0,0,0,4.195675662809303,-1,-999,0,1,0,21,0,0,0,0
15,50,0,1,0,1,0,0,0,0,4.346737744578862,-1,-999,0,8,0,8,0,0,0,0
17,35,0,0,0,1,0,0,0,3,4.3936859064471925,-1,-999,0,0,0,2,0,0,0,0
25,4,0,1,0,1,0,0,0,8,4.465945933079573,-1,-999,0,0,0,0,0,0,0,1
54,67,0,0,0,4,2,0,1,22,4.732509521139322,-1,-999,0,0,0,0,0,0,0,1
12,186,0,0,1,0,1,0,0,36,5.033368398557183,-1,-999,0,0,0,0,0,0,0,1
19,41,0,1,0,1,0,0,0,0,4.446999776863761,-1,-999,0,3,1,17,0,0,0,0
16,1,0,1,0,1,0,0,0,0,3.9434651896016475,-1,-999,0,0,0,0,0,0,0,0
12,97,0,1,0,1,0,0,0,2,4.539992678056055,-1,-999,0,0,0,0,0,0,0,0
18,1,0,0,0,1,0,0,1,0,4.026986833359287,-1,-999,0,0,0,0,0,0,0,0
26,38,0,0,0,1,0,0,0,0,4.256512747322829,-1,-999,0,1,0,51,0,1,0,0
7,94,0,1,0,0,1,0,0,6,4.3930062699678345,-1,-999,0,5,0,9,0,0,1,0
24,1,0,1,0,1,0,0,0,0,4.066677073707229,-1,-999,0,17,0,21,0,0,0,0
28,51,0,0,0,1,0,0,0,8,4.455635401941579,-1,-999,0,0,0,0,0,0,0,1
40,112,0,0,0,4,0,0,0,26,5.495027535221193,-1,-999,0,0,0,0,0,0,0,1
22,31,0,0,0,1,0,0,0,2,4.418820387022781,-1,-999,0,0,0,0,0,0,0,0
24,57,0,1,0,1,0,0,0,0,4.22712216796865,-1,-999,0,0,0,0,0,0,0,1
31,11,0,0,0,1,0,0,1,7,4.319119161352678,-1,-999,0,0,2,50,0,0,1,1
49,1,0,1,0,1,1,0,4,8,4.543518392411581,-1,-999,0,0,0,2,1,0,0,1
18,42,0,0,0,1,1,0,0,3,4.366619282055268,-1,-999,0,0,0,12,0,0,0,0
18,46,0,0,0,2,0,0,0,10,4.367418423110537,-1,-999,0,0,0,0,0,0,0,0
14,75,0,0,0,0,1,0,0,19,4.727805903536661,-1,-999,0,0,0,0,0,0,0,1
23,80,0,0,0,1,0,0,0,17,4.695783723664637,-1,-999,0,0,0,1,1,0,0,1
13,5,0,1,0,1,0,0,0,1,3.825251737288651,-1,-999,0,0,0,3,0,0,0,1
47,1,0,0,0,3,0,0,0,16,4.6671013041584,-1,-999,0,0,0,0,0,0,0,1
16,1,0,0,0,1,0,0,0,0,3.7406015629507228,-1,-999,0,1,0,4,0,0,0,0
21,0,0,0,0,1,0,0,0,1,3.9232517969803373,-1,-999,0,2,0,4,1,0,0,1
18,42,0,0,0,1,1,0,0,0,4.409466526880296,-1,-999,0,3,0,9,0,0,0,1
51,1,0,0,0,3,0,0,0,11,4.6661271593479885,-1,-999,0,0,0,0,0,0,0,1
16,51,0,0,0,0,0,1,0,0,4.555178110860258,-1,-999,0,0,0,0,0,0,0,1
22,14,0,0,0,1,0,0,0,0,4.184774568998513,-1,-999,0,1,1,21,0,0,0,0
25,10,0,0,0,1,1,0,0,0,4.0906261260393055,-1,-999,0,0,0,0,0,0,0,1
24,22,0,0,0,1,0,0,1,0,4.307463614654816,-1,-999,0,1,0,26,0,0,0,0
18,6,0,0,0,1,0,0,0,0,3.937751955408587,-1,-999,0,0,0,0,0,0,0,0
18,10,0,0,0,0,1,0,0,0,4.2430101595548555,-1,-999,0,0,0,0,0,0,0,1
19,29,0,1,0,1,0,0,0,6,4.468181378134552,-1,-999,0,0,0,1,0,0,0,0
15,19,0,1,0,1,0,0,0,2,4.553944405764263,-1,-999,0,0,1,50,0,0,0,0
14,72,0,0,0,0,1,0,0,20,4.511196984309154,-1,-999,0,2,1,12,0,0,0,1
15,36,0,0,0,1,2,0,0,0,4.087790745764519,-1,-999,0,0,0,1,1,0,0,1
22,39,0,0,0,1,0,0,0,0,4.504393128136449,-1,-999,0,0,0,0,0,0,0,0
18,103,0,0,0,0,0,0,0,0,4.150188074498879,-1,-999,0,0,0,0,0,0,0,1
35,29,0,0,0,1,1,0,1,6,4.509216669996865,-1,-999,0,0,0,0,0,0,0,1
34,4,0,0,0,3,0,0,0,8,4.0810987973215855,-1,-999,0,0,0,0,0,0,0,1
10,16,0,0,0,0,0,0,0,0,4.051821770808045,-1,-999,0,0,0,0,0,0,0,1
14,11,0,0,0,0,0,0,0,0,3.9056390622295662,-1,-999,0,0,0,1,0,0,0,1
12,0,0,0,0,0,0,0,0,0,3.7216117239699016,-1,-999,0,10,1,15,0,0,0,0
10,31,0,0,0,0,0,1,0,62,4.940716167395091,-1,-999,0,7,0,18,0,0,0,1
16,38,0,1,0,1,2,0,0,0,4.250184366971641,-1,-999,0,0,0,0,0,0,0,0
13,1,0,1,0,0,0,0,0,3,4.056020968057882,-1,-999,0,0,0,0,0,0,0,0
25,13,0,1,0,0,1,0,0,0,4.025869499761772,-1,-999,0,0,0,0,0,0,0,1
23,1,0,0,0,0,0,0,1,0,3.9746954079158985,-1,-999,0,0,0,0,0,0,0,1
16,15,0,0,0,1,0,0,0,0,4.290966250901473,-1,-999,0,0,0,1,1,0,0,0
13,121,0,0,0,0,2,0,0,1,4.253947650613246,-1,-999,0,0,0,0,0,0,0,1
35,1,0,0,0,1,0,0,0,0,3.8416376503435483,-1,-999,0,0,0,7,0,0,0,1
46,1,0,1,0,1,0,0,4,0,4.224109886402031,-1,-999,0,0,0,0,0,0,0,1
11,273,0,0,0,0,0,0,0,81,5.028199987508216,-1,-999,0,0,0,1,1,0,0,1
12,41,0,0,0,1,0,0,0,0,4.243019030245398,-1,-999,0,0,0,1,0,0,0,1
14,24,0,1,0,1,0,0,0,9,4.6567292825585955,-1,-999,0,1,1,28,0,1,1,0
20,1,0,1,0,1,0,0,1,0,3.8573068568981284,-1,-999,0,1,1,73,0,0,1,0
17,51,0,0,0,2,0,0,0,7,4.439527731850713,-1,-999,0,0,0,0,0,0,0,0
16,32,0,1,0,0,0,0,0,0,4.008335843768246,-1,-999,0,0,0,0,0,0,0,0
12,191,0,1,0,0,1,1,0,34,5.410224480457679,-1,-999,0,0,0,0,0,0,0,1
32,45,0,0,0,1,0,0,2,0,4.272921221596041,-1,-999,0,0,0,0,0,0,0,0
35,21,0,1,0,3,0,0,0,14,4.527921884241178,-1,-999,0,0,0,0,0,0,0,1
18,49,0,1,0,1,0,0,0,0,4.204946024604936,-1,-999,0,0,0,0,0,0,0,0
213,47,0,0,0,11,0,1,0,48,5.2130399222524355,-1,-999,0,0,0,0,0,0,0,1
25,8,0,0,0,1,1,0,0,0,4.137326145256009,-1,-999,0,0,0,1,1,0,0,0
24,74,0,1,0,1,0,0,0,6,4.309385305149673,-1,-999,1,4,2,43,0,0,1,0
25,0,0,0,0,1,0,0,0,0,3.8431390622295662,-1,-999,0,0,1,12,0,0,0,0
24,68,0,1,0,0,1,0,1,20,4.486071258075175,-1,-999,0,0,0,0,0,0,0,1
18,1,0,0,0,1,0,0,0,0,3.921029621737615,-1,-999,0,5,1,70,0,0,0,0
21,24,0,0,0,0,0,0,0,4,4.417188642118004,-1,-999,0,0,0,0,0,0,0,0
14,33,0,1,0,1,0,0,0,0,4.256842051125309,-1,-999,0,0,0,14,0,0,1,0
8,36,0,0,0,0,0,0,0,4,4.295193362412133,-1,-999,0,2,0,37,0,0,0,0
25,1,0,1,0,1,0,0,0,0,3.917626443873359,-1,-999,0,1,1,19,0,0,1,0
17,88,0,0,0,0,0,1,0,0,4.443794805600451,-1,-999,0,0,0,0,0,0,0,1
10,22,0,0,0,0,0,0,0,8,4.3236131161871985,-1,-999,0,0,0,3,0,0,0,0
17,21,0,1,0,2,0,0,0,0,4.014302782900044,-1,-999,0,0,0,0,0,0,0,1
46,69,0,1,0,4,2,0,0,21,4.821053675087988,-1,-999,0,0,0,0,0,0,0,1
17,40,0,0,0,1,0,0,0,0,4.303072516654254,-1,-999,0,0,0,1,1,0,0,0
15,1,0,1,0,1,0,0,1,0,3.7406015629507228,-1,-999,0,5,1,16,0,0,0,0
39,29,0,0,0,2,1,0,1,6,4.602319531570789,-1,-999,0,0,0,0,0,0,0,1
32,1,0,0,0,1,0,0,0,0,4.175070520364182,-1,-999,0,7,0,11,0,0,0,0
23,146,0,1,0,1,0,0,0,43,5.58387521697153,-1,-999,1,11,0,12,0,0,0,1
36,45,0,0,0,1,0,0,1,7,4.471747257128181,-1,-999,0,56,7,31,0,0,1,1
21,23,0,1,0,1,0,0,0,4,4.226801439620118,-1,-999,0,0,0,0,0,0,0,0
18,22,0,1,0,1,0,0,0,0,4.013589126445728,-1,-999,0,1,0,16,0,0,0,0
23,1,0,1,0,1,0,0,0,0,3.8820488277869583,-1,-999,0,0,0,1,1,0,0,0
20,41,0,0,0,1,0,0,0,0,4.166825209866108,-1,-999,0,0,0,11,0,0,0,0
13,1,0,0,0,0,0,0,0,0,3.748994803525097,-1,-999,0,0,0,1,0,0,0,1
16,33,0,1,0,1,0,0,0,5,4.49536666403268,-1,-999,0,5,0,11,0,0,0,0
13,1,0,1,0,1,0,0,0,0,3.7544418457133455,-1,-999,0,0,0,9,0,0,0,0
22,1,0,0,0,1,0,0,0,0,4.056564762130955,-1,-999,0,0,0,0,0,0,0,0
14,33,0,0,0,0,0,0,0,1,4.145809768466453,-1,-999,0,0,0,0,0,0,0,1
26,11,0,1,0,1,0,0,0,6,4.391635874011299,-1,-999,0,0,0,3,0,0,0,1
14,11,0,1,0,1,0,0,0,2,4.248495255525411,-1,-999,0,0,0,0,0,0,0,1
19,42,0,0,0,1,0,0,0,0,4.215400709689343,-1,-999,0,2,0,50,0,0,0,0
14,15,0,0,0,0,0,0,0,0,4.239097917988786,-1,-999,0,0,0,0,0,0,0,1
39,1,0,1,0,1,0,0,2,4,4.319773835029478,-1,-999,0,0,0,0,0,0,0,1
14,26,0,1,0,1,0,0,0,0,4.074473053554117,-1,-999,0,0,0,0,0,0,0,0
14,15,0,0,0,0,0,0,0,0,4.204511459715549,-1,-999,0,3,1,17,0,0,0,1
30,21,0,0,0,2,1,0,0,0,4.153359935806569,-1,-999,0,0,1,1,0,0,0,1
28,1,0,1,0,1,0,0,0,4,4.17257423112624,-1,-999,0,0,0,2,1,0,0,1
16,123,0,1,0,1,1,0,0,33,5.46582365511952,-1,-999,0,18,0,79,0,0,0,1
69,1,0,1,0,3,0,0,2,9,4.823693648755263,-1,-999,0,0,0,0,0,0,0,1
29,10,0,1,0,1,0,0,0,0,4.163438256246698,-1,-999,0,0,0,0,0,0,0,1
12,0,0,0,0,1,1,0,0,2,3.8268748818646383,-1,-999,0,7,0,12,0,0,0,0
31,58,0,0,0,1,0,0,0,0,4.243293950382455,-1,-999,0,1,2,23,0,0,0,0
46,69,0,1,0,4,2,0,0,19,4.872043062157616,-1,-999,0,0,0,0,0,0,0,1
24,18,0,0,0,1,0,0,0,2,4.342491549673629,-1,-999,0,0,0,1,1,0,0,0
30,105,0,1,0,1,0,1,0,33,4.879633365212882,-1,-999,0,0,0,0,0,0,0,1
17,52,0,1,0,1,0,0,0,3,4.502012885509551,-1,-999,0,4,0,5,0,0,0,0
16,24,0,1,0,1,1,0,0,2,4.194773835029478,-1,-999,0,0,0,23,1,1,0,1
42,68,0,0,0,3,2,0,0,23,4.716703219839454,-1,-999,0,0,0,0,0,0,0,1
19,1,0,0,0,2,0,0,0,0,3.6060152796207325,-1,-999,0,0,0,0,0,0,0,1
16,46,0,1,0,1,0,0,0,10,5.041583509981858,-1,-999,0,0,0,0,0,0,0,1
36,0,0,0,0,1,0,0,0,1,4.190929511009918,-1,-999,0,0,0,1,0,0,0,1
23,39,0,0,0,1,0,0,0,4,4.606136733260081,-1,-999,0,2,2,13,0,0,0,1
16,1,0,1,0,1,0,0,0,0,3.7532696895151085,-1,-999,0,0,0,10,0,0,0,0
27,37,0,0,0,0,1,0,0,0,4.6884991482109575,-1,-999,0,0,0,0,0,0,0,1
20,1,0,0,0,1,0,0,0,0,4.110577243331642,-1,-999,0,0,0,1,1,0,0,0
16,1,0,0,0,1,0,0,0,0,3.6572682296173893,-1,-999,0,0,1,6,0,0,0,0
15,28,0,0,0,1,0,0,0,0,4.238242691024847,-1,-999,0,0,0,1,1,0,0,0
21,10,0,0,0,0,0,0,0,0,3.803352434770399,-1,-999,0,0,0,0,0,0,0,1
17,56,0,0,0,1,0,0,0,2,4.337326145256009,-1,-999,0,3,1,62,0,0,0,0
38,10,0,0,0,1,1,0,0,3,4.330624260037008,-1,-999,0,0,0,0,0,0,0,1
29,1,0,1,0,1,0,0,2,0,4.0959686315799715,-1,-999,0,0,0,0,0,0,0,1
19,23,0,0,0,1,0,0,0,0,4.221553466431731,-1,-999,0,3,1,23,0,0,0,0
24,1,0,0,0,1,0,0,0,0,4.015319531114783,-1,-999,0,0,0,0,0,0,0,1
19,39,0,0,0,1,0,0,0,8,4.529513006264494,-1,-999,0,0,1,9,0,0,0,0
11,96,0,0,0,1,1,0,0,0,4.1427111353342525,-1,-999,0,5,0,45,0,0,0,0
23,1,0,0,0,1,0,0,0,0,3.977916874693636,-1,-999,0,1,2,70,0,0,0,0
19,1,0,0,0,1,0,0,0,0,3.7080481500712312,-1,-999,1,4,1,10,0,1,0,0
47,30,0,0,0,3,0,0,0,10,4.60594703648934,-1,-999,0,0,0,0,1,0,0,1
26,55,0,0,0,0,0,0,0,0,4.374206723101002,-1,-999,0,10,0,12,0,0,0,0
13,5,0,0,0,0,0,0,0,0,3.763856189774725,-1,-999,0,0,0,0,0,0,0,1
14,33,0,0,0,0,0,0,0,5,4.20626430021087,-1,-999,0,4,2,6,0,0,0,0
10,6,0,0,0,0,1,0,0,0,3.936180434129755,-1,-999,1,7,0,22,0,0,0,1
17,50,0,0,0,1,0,0,0,0,4.489529130531857,-1,-999,0,1,1,19,0,0,0,0
29,1,0,0,0,1,0,0,0,0,4.154870932962629,-1,-999,0,0,0,0,0,0,0,1
17,1,0,1,0,1,0,0,0,0,3.6714055834424975,-1,-999,0,0,2,39,0,0,0,0
21,25,0,1,0,0,3,0,0,1,4.202138031201167,-1,-999,0,0,0,0,0,0,0,1
12,24,0,1,0,0,0,0,1,0,4.1552480280633395,-1,-999,0,0,0,0,0,0,0,1
17,42,0,0,0,1,0,0,0,6,4.782512111553237,-1,-999,0,0,0,0,0,0,0,0
27,1,0,0,0,3,0,0,0,0,3.578864088188098,-1,-999,0,0,0,0,0,0,0,1
36,1,0,1,0,1,0,0,0,0,4.296865596089289,-1,-999,0,0,0,1,0,0,0,1
29,1,0,1,0,1,0,0,0,1,4.14860021052734,-1,-999,0,0,1,1,0,0,0,1
13,6,0,1,0,1,0,0,0,0,3.3982508176045543,-1,-999,0,2,0,4,0,0,0,0
17,1,0,1,0,0,0,0,0,7,5.019238959302286,-1,-999,0,0,0,0,0,0,0,1
13,103,0,0,0,1,0,0,0,1,4.476704977358289,-1,-999,0,0,0,0,0,0,0,0
21,92,0,0,0,1,0,0,0,0,4.435027783286854,-1,-999,0,0,0,1,1,0,0,0
17,17,0,0,0,1,0,0,0,8,4.510899565429859,-1,-999,0,2,0,13,0,0,0,0
19,13,0,0,0,1,0,1,0,8,4.304257026388136,-1,-999,0,0,0,0,0,0,0,1
13,100,0,0,0,1,0,0,1,9,4.887134105632241,-1,-999,0,0,0,0,0,0,0,0
6,7,0,0,0,0,1,0,0,0,3.6464393446710157,-1,-999,0,0,0,7,0,0,0,1
20,1,0,0,0,1,0,0,1,0,3.869331261111518,-1,-999,0,1,0,9,0,0,0,0
18,37,0,1,0,1,0,0,1,0,4.145165986951315,-1,-999,0,0,0,0,0,0,0,0
22,1,0,0,0,1,0,0,1,0,4.031401845392172,-1,-999,0,0,0,0,0,0,0,0
31,1,0,0,0,1,0,0,2,0,4.182336834024969,-1,-999,0,0,0,0,0,0,1,1
16,12,0,1,0,1,0,0,0,0,4.107017709595357,-1,-999,0,0,0,1,0,0,0,0
22,58,0,1,0,1,1,0,0,12,4.799055096609403,-1,-999,0,0,0,0,0,0,0,1
20,1,0,0,0,1,0,0,0,2,4.137537511266052,-1,-999,0,0,0,0,0,0,0,1
17,16,0,0,0,1,0,0,0,0,4.175070520364182,-1,-999,0,1,1,19,0,0,0,0
20,1,0,0,0,1,0,0,0,2,3.8456631498513825,-1,-999,0,0,1,17,0,0,0,0
14,12,0,0,0,0,0,0,0,0,3.861983513035609,-1,-999,0,0,0,0,0,0,0,1
20,12,0,0,0,1,0,0,0,0,4.214262795507958,-1,-999,1,3,0,2,0,0,1,1
20,17,0,1,0,1,0,0,0,0,3.9667599744832156,-1,-999,0,0,0,1,1,0,0,0
7,54,0,1,0,0,0,0,0,0,4.376878866939275,-1,-999,0,0,0,1,0,0,1,1
23,47,0,0,0,0,0,0,0,24,4.69707197653103,-1,-999,0,0,0,0,0,0,0,1
11,4,0,0,0,0,0,0,0,0,3.572623663895164,-1,-999,0,0,0,0,0,0,0,1
15,20,0,1,0,1,0,0,0,0,4.04291723248433,-1,-999,0,0,0,6,0,0,0,0
50,66,0,1,0,3,2,0,1,14,4.680946624392252,-1,-999,0,0,0,0,0,0,0,1
13,10,0,1,0,1,0,0,0,1,3.6435772625452403,-1,-999,0,0,0,0,0,0,0,0
50,19,0,0,0,3,2,0,1,7,4.454210159266476,-1,-999,0,0,0,0,0,0,0,1
18,1,0,1,0,1,0,0,0,0,3.9582291686698783,-1,-999,0,0,0,0,0,0,0,0
14,26,0,0,0,1,0,0,0,0,4.113129150361585,-1,-999,0,0,0,0,0,0,0,0
38,1,0,0,0,1,0,0,0,3,4.23477472746692,-1,-999,0,0,0,0,0,0,0,1
14,29,0,0,0,1,0,0,0,0,4.121076880026372,-1,-999,0,0,0,17,0,0,0,0
17,76,0,1,0,1,0,0,0,14,5.3983542931656,-1,-999,0,0,0,11,0,0,1,1
21,32,0,1,0,1,1,0,0,0,4.280815978315441,-1,-999,0,2,0,38,0,0,1,0
17,7,0,0,0,1,0,0,0,0,3.977916874693636,-1,-999,0,0,0,19,0,0,0,0
28,23,0,0,0,1,0,0,0,0,4.081505780650721,-1,-999,0,1,4,27,0,0,0,0
16,53,0,0,0,1,0,0,0,6,4.582857283917476,-1,-999,0,0,0,1,0,0,0,0
13,58,0,1,0,1,1,0,0,11,4.819497444807719,-1,-999,0,0,0,0,0,0,0,1
19,1,0,0,0,1,0,0,1,0,3.9302703722934536,-1,-999,0,0,0,14,0,0,0,0
14,132,0,1,0,0,1,0,0,61,5.07103148256204,-1,-999,0,0,0,0,0,0,0,1
33,19,0,0,0,1,0,0,2,2,4.210961854733186,-1,-999,0,0,0,0,0,0,0,1
27,4,0,0,0,1,0,0,0,0,4.0632025132158525,-1,-999,0,1,1,18,0,0,0,0
41,18,0,0,0,4,0,0,0,17,4.567364673065059,-1,-999,0,0,0,0,0,0,0,1
22,1,0,1,0,1,0,0,0,0,3.732444601324707,-1,-999,0,2,0,4,1,0,0,1
24,9,0,0,0,1,0,0,2,0,4.365311532225102,-1,-999,0,0,0,0,0,0,0,1
46,68,0,1,0,4,2,0,0,24,4.851556811067534,-1,-999,0,0,0,0,0,0,0,1
10,1,0,1,0,0,0,0,0,3,3.7622673906514943,-1,-999,0,0,0,23,0,0,0,0
21,1,0,0,0,1,0,0,1,0,4.090234012145144,-1,-999,0,0,0,0,0,0,0,0
26,51,0,0,0,1,0,0,1,0,4.2444972267995595,-1,-999,0,0,0,0,0,0,0,1
22,63,0,0,0,0,0,0,0,14,4.581876724004676,-1,-999,0,0,0,0,0,0,0,1
20,66,0,0,0,1,0,0,0,1,4.391181666697286,-1,-999,0,0,0,1,1,0,0,0
17,10,0,1,0,1,0,0,0,0,3.8972997175517166,-1,-999,0,4,0,4,0,0,0,0
44,0,0,0,0,4,0,0,1,0,4.192348019317299,-1,-999,0,0,0,0,0,0,0,1
16,52,0,0,0,0,0,0,0,0,4.543223484830394,-1,-999,0,0,0,0,0,0,0,1
29,4,0,0,0,0,0,0,0,0,4.0128148954723555,-1,-999,0,0,0,45,0,0,0,1
28,59,0,0,0,2,1,0,1,22,4.696490816091492,-1,-999,0,0,0,0,0,0,0,1
16,22,0,1,0,1,0,0,0,0,3.953152587415111,-1,-999,0,0,0,23,1,1,0,1
33,18,0,1,0,2,1,0,0,0,4.272580024621317,-1,-999,0,0,0,0,0,0,0,1
16,41,0,0,0,1,0,0,0,0,4.484473149067329,-1,-999,0,0,0,0,0,0,0,1
5,0,0,0,0,0,0,0,0,0,3.084962500721156,-1,-999,0,0,0,0,0,0,0,0
23,1,0,0,0,1,0,0,0,0,3.953565664946428,-1,-999,0,4,0,7,0,0,0,0
21,51,0,0,0,1,0,0,0,0,4.161836090653271,-1,-999,0,442,0,36,0,0,0,0
20,1,0,1,0,1,0,0,0,0,3.9262723741395074,-1,-999,0,18,2,98,0,1,0,0
16,0,0,0,0,1,0,0,0,0,3.5555331514269954,-1,-999,0,9,1,64,0,1,0,0
16,22,0,0,0,1,0,0,0,0,4.427979696753515,-1,-999,0,2,0,1,1,0,0,0
22,55,0,0,0,2,0,0,1,24,5.108585935781366,-1,-999,0,0,0,0,0,0,0,1
21,0,0,0,0,1,0,0,0,1,3.8962915290459277,-1,-999,0,0,0,1,0,0,0,1
22,205,0,0,0,1,2,0,0,100,4.94011365111949,-1,-999,0,0,0,0,0,0,0,1
24,29,0,0,0,1,0,0,0,2,4.828072996388509,-1,-999,0,0,0,1,1,0,0,0
12,38,0,0,0,1,0,0,0,0,3.843414743704081,-1,-999,0,1,0,32,0,0,0,1
13,1,0,1,0,0,0,0,0,0,3.7887549139935035,-1,-999,0,0,0,0,0,0,0,1
29,1,0,1,0,1,0,0,0,6,4.273728829005326,-1,-999,0,0,0,0,0,0,0,1
13,1,0,1,0,1,0,0,0,0,3.7544418457133455,-1,-999,0,6,1,17,0,0,0,0
22,1,0,1,0,1,0,0,0,0,3.7356660681024447,-1,-999,0,2,1,22,0,0,0,0
19,1,0,0,0,1,0,0,0,0,3.6339740759971573,-1,-999,0,0,0,0,0,0,0,0
22,14,0,1,0,1,0,0,0,0,4.2089873002588005,-1,-999,0,0,0,0,0,0,0,1
16,0,0,0,0,1,0,0,0,0,3.795088586397732,-1,-999,0,0,0,0,0,0,0,1
16,1,0,1,0,1,0,0,0,0,3.528884070537636,-1,-999,0,0,1,15,0,0,0,0
6,20,0,0,0,0,0,0,0,1,4.256149238118269,-1,-999,0,0,0,0,0,0,0,1
14,32,0,1,0,1,0,0,0,0,4.372865456180308,-1,-999,0,2,3,43,0,0,1,0
21,28,0,0,0,1,0,0,0,0,4.206484556133594,-1,-999,0,0,0,0,0,0,0,1
15,16,0,0,0,1,0,0,0,0,4.221097250057958,-1,-999,0,0,0,0,0,0,0,0
39,30,0,1,0,1,0,1,2,25,5.051571052740101,-1,-999,0,0,0,0,0,0,0,1
40,6,0,0,0,3,1,0,2,3,4.371012021338791,-1,-999,0,0,0,0,0,0,0,1
19,28,0,0,0,1,0,1,0,50,4.771280004847168,-1,-999,0,0,0,0,0,0,0,1
23,10,0,1,0,1,0,0,1,0,4.150626554487254,-1,-999,0,0,0,0,0,0,0,1
11,119,0,1,0,0,0,0,0,4,4.87605982154247,-1,-999,0,0,0,63,0,0,0,1
23,41,0,1,0,1,0,0,0,1,4.3905759189637745,-1,-999,0,26,1,37,0,0,0,0
25,1,0,1,0,1,0,0,0,0,4.043057694064253,-1,-999,0,2,0,5,0,0,0,1
18,24,0,1,0,1,0,0,0,0,4.071789011092169,-1,-999,0,0,0,0,0,0,0,1
11,68,0,0,0,0,0,0,0,2,4.156338848372066,-1,-999,0,0,0,0,0,0,0,0
16,0,0,0,0,0,0,0,0,0,3.8820451081368623,-1,-999,0,0,0,0,0,0,0,0
15,1,0,1,0,1,0,0,0,0,3.573934896284056,-1,-999,0,0,0,1,1,0,0,0
20,9,0,1,0,1,0,0,0,0,3.857045257053065,-1,-999,0,2,1,6,0,0,0,0
15,13,0,0,0,0,0,0,1,4,4.318867931899244,-1,-999,0,0,0,0,0,0,0,1
29,1,0,1,0,1,0,0,1,0,3.9778048159043644,-1,-999,0,0,0,1,0,0,0,1
23,47,0,0,0,0,0,0,0,20,4.705243281506233,-1,-999,0,0,0,0,0,0,0,1
10,8,0,0,0,0,0,0,0,4,3.9434651896016475,-1,-999,0,0,0,0,0,0,0,1
30,1,0,1,0,1,1,0,0,0,4.111698692943855,-1,-999,0,0,0,4,0,0,0,1
27,1,0,0,0,1,0,0,0,0,3.9928705166358998,-1,-999,0,1,2,52,0,0,1,0
12,61,0,1,0,0,1,0,0,5,4.553821725101928,-1,-999,0,0,0,0,0,0,0,1
17,58,0,0,0,1,1,0,0,0,4.42540989661912,-1,-999,0,1,1,19,0,0,0,0
11,1,0,0,0,1,0,0,0,3,3.576617644908666,-1,-999,0,0,0,0,0,0,0,1
13,1,0,1,0,1,0,0,0,0,3.7544418457133455,-1,-999,1,35,1,8,0,1,1,0
16,1,0,1,0,1,0,0,0,2,3.9132696895151087,-1,-999,0,0,2,10,0,0,0,0
22,9,0,0,0,0,0,0,1,1,3.932817817363662,-1,-999,0,0,0,0,0,0,0,1
26,62,0,0,0,1,0,0,0,0,4.25850659863639,-1,-999,0,8,0,7,0,0,0,1
18,30,0,0,0,2,0,0,0,6,4.404112332400034,-1,-999,0,0,0,0,0,0,0,0
17,0,0,1,0,0,0,0,0,0,4.053660689688186,-1,-999,0,0,0,0,0,0,0,1
16,41,0,0,0,0,0,0,0,19,4.52555425036562,-1,-999,0,0,0,1,0,0,0,1
24,1,0,0,0,1,0,0,0,0,4.077819531114783,-1,-999,0,2,11,29,0,0,0,0
7,6,0,1,0,0,0,0,0,1,3.880179922675738,-1,-999,0,2,0,13,0,0,0,1
21,59,0,0,0,0,0,0,0,20,4.6212817488236455,-1,-999,0,0,0,0,0,0,0,1
16,392,0,1,0,1,0,0,0,51,5.496548000135304,-1,-999,0,0,0,0,0,0,0,1
22,60,1,0,0,2,0,0,0,23,4.565764084447203,-1,-999,0,0,0,0,0,0,0,1
36,96,0,1,0,1,0,0,1,7,5.404663364555121,-1,-999,0,0,0,25,0,0,0,1
23,1,0,1,0,1,1,0,1,0,3.9056390622295662,-1,-999,0,2,0,2,0,0,0,1
14,73,0,1,0,1,0,0,0,4,4.6199368866437025,-1,-999,0,2,0,15,0,0,0,0
24,0,0,0,0,1,0,0,0,0,3.873235826376329,-1,-999,0,8,0,57,0,0,0,0
24,26,1,0,0,1,0,0,0,5,4.674719090246699,-1,-999,0,0,0,11,0,0,1,1
17,17,0,0,0,1,0,0,0,0,3.8763555179546554,-1,-999,0,0,0,0,1,0,0,1
19,44,0,1,0,1,1,1,0,0,4.371314503020541,-1,-999,0,0,0,0,0,0,0,1
23,7,0,0,0,2,0,0,0,0,3.872049488456949,-1,-999,0,0,0,0,0,0,0,1
21,77,0,0,0,0,0,0,0,16,5.104655165970544,-1,-999,0,0,0,0,0,0,0,1
32,1,0,1,0,1,0,0,1,0,4.104281809855787,-1,-999,0,0,1,1,0,0,0,1
34,0,0,1,0,1,0,0,0,0,4.136248672727249,-1,-999,0,0,0,1,0,0,0,1
15,1,0,0,0,1,0,0,0,0,3.675310868912364,-1,-999,0,0,0,0,0,0,0,0
18,1,0,0,0,1,0,0,0,2,3.7962176025900565,-1,-999,0,0,0,0,0,0,0,1
15,1,0,0,0,1,0,0,0,0,3.7622673906514943,-1,-999,0,0,0,0,0,0,0,1
14,4,0,0,0,0,0,0,0,0,3.6732696895151085,-1,-999,0,0,0,1,0,0,0,1
9,1,0,0,0,0,0,0,0,0,3.572469458770136,-1,-999,0,0,0,0,0,0,0,0
11,9,0,0,0,0,0,0,0,0,3.4360119290361792,-1,-999,0,0,0,0,0,0,0,0
11,8,0,1,0,0,1,0,0,0,3.8245387807277744,-1,-999,0,0,0,1,0,0,0,1
26,0,0,0,0,1,0,0,0,1,4.025920165587641,-1,-999,0,0,0,1,0,0,0,1
10,25,0,1,0,0,0,0,0,0,4.348019918036975,-1,-999,0,8,0,101,0,0,1,0
19,84,0,0,0,1,1,0,0,26,5.330915395146163,-1,-999,0,3,0,17,0,1,0,1
16,58,0,0,0,1,0,0,0,21,4.77320874899743,-1,-999,0,0,0,14,0,0,0,1
15,38,0,0,0,1,0,0,0,1,4.40182788687855,-1,-999,0,3,0,19,0,0,0,0
24,113,0,1,0,0,0,0,0,30,4.61915374406833,-1,-999,0,0,0,0,0,0,0,1
16,17,0,0,0,0,0,0,0,0,4.1030559073332755,-1,-999,0,0,0,0,0,0,0,1
24,15,0,0,0,0,0,0,0,0,4.091511891254248,-1,-999,0,12,0,37,0,0,0,0
15,25,0,0,0,1,0,0,0,0,4.061380139605636,-1,-999,0,3,1,17,0,0,0,1
11,14,0,0,0,0,0,0,0,0,4.354852073838349,-1,-999,0,0,0,0,0,0,0,1
17,81,0,0,0,1,0,0,0,32,4.897699234276544,-1,-999,0,0,0,0,0,0,0,1
19,44,0,1,0,1,1,0,0,0,4.1395196982178035,-1,-999,0,1,0,13,0,0,0,0
14,20,0,0,0,1,0,0,0,4,4.269035163567091,-1,-999,0,3,0,10,0,0,1,0
21,11,0,1,0,1,0,0,0,3,4.3153115322251026,-1,-999,0,0,0,0,0,0,0,0
15,16,0,1,0,1,1,0,1,1,4.079772731460867,-1,-999,0,0,0,0,0,0,0,1
18,1,0,1,0,1,0,0,0,0,3.661932872373582,-1,-999,0,3,1,32,0,0,1,0
24,1,0,0,0,0,0,0,1,0,3.9886085007312415,-1,-999,0,0,0,0,0,0,0,1
23,1,0,0,0,1,0,0,0,0,3.929214455199219,-1,-999,1,16,2,25,0,0,0,0
17,1,0,1,0,1,0,0,0,0,3.738149333192866,-1,-999,0,0,0,27,0,0,0,0
21,18,0,0,0,1,0,0,1,0,4.221946673862943,-1,-999,0,0,0,8,0,0,0,0
21,46,0,0,0,1,0,0,1,4,4.382770555803612,-1,-999,0,0,0,0,0,0,0,1
11,35,0,1,0,0,0,0,0,0,4.315098502869868,-1,-999,0,0,0,1,0,0,0,0
21,40,0,0,0,1,1,0,0,0,4.2569089895583545,-1,-999,0,0,0,0,0,0,0,1
20,43,0,0,0,1,0,0,0,0,4.543099895844985,-1,-999,0,0,0,0,0,0,0,1
17,3,0,0,0,1,0,0,0,0,3.8100810205217304,-1,-999,0,0,0,38,0,0,0,0
24,17,0,0,0,1,0,0,0,0,4.207067386399956,-1,-999,0,1,1,14,0,0,0,0
16,1,0,1,0,1,0,0,0,1,3.9132696895151087,-1,-999,0,0,0,1,1,0,0,0
19,12,0,1,0,0,1,0,1,0,4.060416641661804,-1,-999,0,0,0,0,0,0,0,1
73,12,0,0,0,3,3,0,26,0,3.913586298289593,-1,-999,0,0,0,0,0,0,0,1
28,0,0,0,0,1,0,0,0,1,4.057575159678483,-1,-999,0,2,0,4,1,0,0,1
19,39,0,0,0,0,0,1,0,0,4.432217937632575,-1,-999,0,0,0,0,0,0,0,1
19,1,0,1,0,1,0,0,0,0,3.815410725242699,-1,-999,0,1,0,11,0,0,0,1
19,1,0,0,0,0,0,0,0,0,3.7262046313924557,-1,-999,0,0,0,0,0,0,0,1
19,70,0,0,0,1,0,0,0,8,4.48791836137583,-1,-999,0,0,0,2,1,0,0,0
15,31,0,0,0,1,0,0,0,7,4.5951072466894685,-1,-999,0,0,0,0,0,0,0,0
13,35,0,0,0,0,0,0,0,0,4.21385063336894,-1,-999,0,0,0,0,0,0,0,1
7,33,0,1,0,0,0,0,0,5,4.91278203183594,-1,-999,0,0,0,11,0,0,1,1
18,49,0,0,0,1,0,0,1,0,4.266376257802434,-1,-999,0,0,0,0,0,0,0,1
25,11,0,1,0,1,0,0,0,0,3.9474015047059154,-1,-999,0,77,1,45,0,0,0,0
15,138,0,1,0,1,1,0,0,34,5.447517353815205,-1,-999,0,0,0,8,0,0,0,1
16,1,0,0,0,1,0,0,0,0,3.605388542207534,-1,-999,0,0,0,0,0,0,0,0
16,42,0,0,0,1,1,0,0,0,4.3343251297532,-1,-999,0,31,0,34,0,0,0,0
27,1,0,0,0,1,0,0,0,0,4.028445159431229,-1,-999,0,0,0,0,1,0,0,1
17,1,0,0,0,1,0,0,0,0,3.6732696895151085,-1,-999,0,1,1,15,0,0,0,0
12,33,0,0,0,0,0,0,0,0,4.1668126804131225,-1,-999,0,4,0,26,0,0,0,1
40,21,0,0,0,2,1,0,0,2,4.284472268689637,-1,-999,0,0,0,0,0,0,0,1
16,52,0,0,0,1,0,0,0,12,4.6713520244895514,-1,-999,0,0,0,0,0,0,0,0
11,67,0,0,0,0,0,0,0,2,4.339665389472057,-1,-999,0,0,0,0,0,0,0,1
27,45,0,1,0,1,1,0,0,26,4.647810402021881,-1,-999,0,0,0,0,0,0,0,1
20,78,0,1,0,1,0,0,0,5,4.40365193051217,-1,-999,0,0,0,0,0,0,0,1
16,106,0,0,0,1,0,0,0,1,4.353705089710173,-1,-999,0,0,0,0,0,0,0,0
37,57,0,0,0,1,1,0,0,20,4.682993197162336,-1,-999,0,0,0,0,0,0,0,1
11,10,0,1,0,0,0,0,0,0,3.879893823520666,-1,-999,0,1,0,9,0,0,1,0
15,1,0,1,0,1,0,0,0,0,3.855388542207534,-1,-999,0,0,1,69,0,0,0,0
17,58,0,0,0,1,0,0,0,1,4.286970224384398,-1,-999,0,1,0,50,0,0,0,0
17,57,0,1,0,1,0,1,0,4,5.029873883253617,-1,-999,0,0,0,0,0,0,0,1
17,1,0,0,0,1,0,0,0,0,3.7532696895151085,-1,-999,0,12,0,24,0,0,1,0
19,1,0,1,0,1,0,0,0,0,3.8248629576173565,-1,-999,0,0,0,1,1,0,0,0
18,37,0,0,0,1,0,0,1,0,4.595088850604772,-1,-999,0,0,0,0,0,0,0,1
35,38,0,0,0,2,0,0,4,3,4.3121259898684645,-1,-999,0,0,0,0,0,0,0,0
16,30,0,1,0,1,0,0,0,0,4.32907790105808,-1,-999,0,4,0,5,0,0,0,0
18,1,0,1,0,1,0,0,0,0,3.7262046313924557,-1,-999,0,0,0,0,0,0,0,0
19,0,0,0,0,0,0,0,0,0,3.825251737288651,-1,-999,0,0,1,17,0,0,0,0
19,35,0,1,0,1,0,0,0,0,4.314700496003899,-1,-999,0,0,0,1,1,0,0,0
17,95,0,0,0,1,0,0,0,0,4.550545142338717,-1,-999,0,0,0,0,0,0,0,0
25,119,0,1,0,1,0,0,0,70,4.910773501893626,-1,-999,0,0,0,0,0,0,0,1
23,25,0,1,0,1,0,0,1,2,4.287365359936823,-1,-999,0,6,2,22,0,0,0,0
46,69,0,1,0,4,2,0,0,16,4.724361429646691,-1,-999,0,0,0,0,0,0,0,1
18,0,0,0,0,1,0,0,0,2,3.8936606896881862,-1,-999,0,0,0,0,0,0,0,1
14,11,0,1,0,1,0,0,0,8,4.27137063437885,-1,-999,0,0,0,0,0,0,0,1
34,0,0,0,0,1,0,0,0,0,4.031587907627833,-1,-999,0,2,0,4,1,0,0,1
25,20,0,0,0,2,0,0,0,6,4.53257325750262,-1,-999,0,0,0,3,0,0,0,1
24,34,0,0,0,1,2,0,0,0,4.140525121416122,-1,-999,0,2,0,88,0,0,0,0
14,5,0,0,0,1,0,0,0,2,3.690260390968384,-1,-999,0,11,0,17,0,0,0,1
21,60,0,0,0,0,3,0,0,1,4.459654780409102,-1,-999,0,0,0,0,0,0,0,1
20,1,0,0,0,1,0,0,0,0,3.9677201004744993,-1,-999,0,2,1,19,0,1,0,0
50,1,0,0,0,3,0,0,2,4,4.130170660497148,-1,-999,0,0,0,0,0,0,0,1
16,40,0,0,0,1,1,0,0,0,4.465242130385926,-1,-999,0,31,0,34,0,0,0,0
29,1,0,0,0,1,0,0,0,0,3.962454298401447,-1,-999,0,0,0,0,0,0,0,1
22,1,0,1,0,1,0,0,0,0,4.042433003725894,-1,-999,0,0,0,3,0,0,0,0
14,1,0,1,0,1,0,0,0,0,3.729446194905256,-1,-999,0,0,0,14,0,0,0,0
11,49,0,0,0,0,0,0,0,6,4.440807802553578,-1,-999,0,0,0,0,0,0,0,1
7,31,0,1,0,0,0,0,0,4,4.093682879734897,-1,-999,0,3,1,7,0,0,0,0
62,1,0,1,0,3,1,0,7,6,4.5580607689315205,-1,-999,0,0,0,0,0,0,0,1
10,109,0,0,0,0,0,0,0,5,4.715685723000423,-1,-999,0,0,0,0,0,0,0,1
23,1,0,0,0,1,0,0,0,0,4.235981390822669,-1,-999,0,2,0,10,0,0,0,0
19,9,0,0,0,1,0,0,0,2,4.171860873964197,-1,-999,0,0,0,0,0,0,0,0
27,58,0,0,0,1,0,0,0,4,4.309610767835163,-1,-999,0,0,0,0,0,0,0,0
10,51,0,0,0,0,0,0,0,3,4.329391149755712,-1,-999,0,2,1,16,0,0,0,1
16,19,0,1,0,1,0,0,0,0,3.885826825457272,-1,-999,0,0,0,23,1,1,0,1
15,26,0,0,0,1,0,0,0,0,4.082067386399956,-1,-999,0,3,1,166,0,0,0,0
16,1,0,0,0,1,0,0,0,0,3.6258145836939115,-1,-999,0,0,0,1,0,0,0,0
50,19,0,0,0,3,2,0,1,8,4.494280969235118,-1,-999,0,0,0,0,0,0,0,1
7,8,0,1,0,0,0,0,0,0,3.7081320646586016,-1,-999,0,0,0,6,0,0,0,1
18,20,0,0,0,1,0,0,0,0,4.146756984930102,-1,-999,0,0,0,0,0,0,0,1
19,1,0,1,0,1,0,0,0,0,3.8423709931771084,-1,-999,0,0,0,1,1,0,0,0
15,31,0,1,0,1,0,0,0,0,4.174179234824742,-1,-999,0,0,0,6,0,0,0,0
21,1,0,0,0,1,0,0,0,0,3.978333581185264,-1,-999,0,0,10,10,0,0,1,1
23,5,0,0,0,1,0,0,0,0,3.7043029317756178,-1,-999,0,0,0,1,1,0,0,0
15,13,0,0,0,1,0,0,0,0,4.136286231168867,-1,-999,0,0,0,1,1,0,0,0
14,1,0,0,0,1,0,0,0,0,3.5383105956150063,-1,-999,0,0,0,18,0,0,1,0
25,41,0,0,0,1,0,0,0,3,4.233523189695432,-1,-999,0,0,0,0,0,0,0,1
20,44,0,0,0,2,1,0,0,0,4.054520629149646,-1,-999,0,0,0,0,0,0,0,1
35,329,0,1,0,1,0,1,2,49,5.89954772465033,-1,-999,0,0,0,0,0,0,0,1
20,1,0,1,0,1,1,0,0,0,4.0472990984266435,-1,-999,0,0,2,10,0,0,0,1
26,1,0,1,0,1,0,0,0,0,4.057575159678483,-1,-999,0,0,0,1,0,0,0,1
22,1,0,1,0,1,0,0,1,0,3.937751955408587,-1,-999,0,0,0,33,0,0,1,0
19,1,0,1,0,1,0,0,0,1,4.280394654123194,-1,-999,0,2,0,6,0,0,0,0
28,1,0,0,0,1,0,0,0,0,4.030493056757482,-1,-999,0,0,0,0,0,0,0,0
16,17,0,1,0,1,0,0,0,0,4.257078456355553,-1,-999,0,4,0,5,0,0,0,0
50,69,0,1,0,3,2,0,1,22,4.746118896491217,-1,-999,0,0,0,0,0,0,0,1
20,9,0,1,0,0,0,0,0,3,4.060012149061901,-1,-999,0,9,1,14,0,0,0,0
15,15,0,0,0,1,0,0,0,0,3.864198297769022,-1,-999,0,0,0,0,0,0,0,1
14,24,0,0,0,1,0,0,0,5,4.186762964036329,-1,-999,0,0,0,0,0,0,0,0
18,1,0,0,0,1,0,0,0,1,3.8441065448145384,-1,-999,0,1,1,5,0,0,0,0
15,58,0,0,0,0,1,0,0,21,4.713574463632382,-1,-999,0,0,0,0,0,0,0,1
19,58,0,0,0,1,0,0,0,4,4.635592572152115,-1,-999,0,0,0,35,0,0,0,0
10,1,0,1,0,0,0,0,0,0,3.4316235658474312,-1,-999,0,10,3,6,0,0,0,0
23,1,0,1,0,1,0,0,0,0,4.030639062229566,-1,-999,0,0,0,11,0,0,0,0
13,52,0,1,0,1,0,0,0,0,4.167814539255296,-1,-999,0,0,0,1,1,0,0,0
13,1,0,0,0,1,0,0,0,0,3.3320953986601696,-1,-999,0,2,0,0,0,0,0,0
37,57,0,0,0,1,1,0,0,18,4.715281562794416,-1,-999,0,0,0,0,0,0,0,1
16,56,0,0,0,1,1,0,0,0,4.301819002374304,-1,-999,0,1,0,21,0,0,0,0
15,28,0,0,0,1,0,0,0,0,4.185979129983103,-1,-999,1,9,1,20,0,0,0,0
23,26,0,1,0,1,0,0,1,2,4.284840348243207,-1,-999,0,6,2,22,0,0,0,0
11,143,0,0,0,0,1,0,0,43,5.449290183499681,-1,-999,0,0,0,0,0,0,0,1
25,20,0,0,0,1,0,0,0,0,4.192677641335169,-1,-999,0,0,0,0,0,0,0,1
26,32,0,0,0,1,0,0,1,6,4.511001182912647,-1,-999,0,15,0,12,0,0,0,1
13,1,0,1,0,1,0,0,0,0,3.5383105956150063,-1,-999,0,10,0,8,0,0,1,0
37,57,0,0,0,1,1,0,0,15,4.643658505996632,-1,-999,0,0,0,0,0,0,0,1
14,55,0,0,0,1,0,0,0,24,5.023298151579909,-1,-999,0,0,0,13,0,0,0,1
27,9,0,0,0,2,0,0,0,5,4.2374411389168944,-1,-999,0,0,0,0,0,0,0,1
15,19,0,1,0,1,0,0,0,3,4.469999278451779,-1,-999,0,0,1,50,0,0,0,0
21,135,0,0,0,1,0,0,1,33,5.201549875142309,-1,-999,0,0,0,0,0,0,0,1
20,25,0,0,0,1,0,0,0,0,3.9965289694078656,-1,-999,0,0,0,0,0,0,0,1
14,77,0,0,1,0,0,0,0,31,4.744234503927806,-1,-999,0,0,0,0,0,0,0,1
23,20,0,0,0,1,0,0,0,4,4.43337852284434,-1,-999,0,0,0,0,0,0,0,1
28,1,0,1,0,1,0,0,0,0,4.0440637580947945,-1,-999,0,20,0,32,0,0,1,0
9,51,0,0,0,0,2,0,0,1,4.494760451194485,-1,-999,0,6,0,25,0,0,0,1
21,63,0,0,0,0,0,0,0,0,4.14916404903238,-1,-999,0,2,0,20,0,0,0,0
13,0,0,0,0,0,0,0,1,0,3.8219280948873626,-1,-999,0,1,0,25,0,0,0,0
15,1,0,1,0,1,0,0,0,0,3.6572682296173893,-1,-999,0,15,1,26,0,0,0,0
10,28,0,0,0,0,0,0,1,10,4.497300040726043,-1,-999,0,0,0,0,0,0,0,1
16,1,0,0,0,1,0,0,0,0,3.7406015629507228,-1,-999,0,0,0,2,1,0,0,0
27,0,0,0,0,1,0,0,0,0,4.160704752887783,-1,-999,0,0,0,1,0,0,0,1
32,1,0,1,0,1,0,0,0,0,4.006720834246031,-1,-999,0,15,1,18,0,0,1,0
35,1,0,1,0,1,0,0,0,0,4.027169118440619,-1,-999,0,0,0,4,1,0,0,0
50,66,0,1,0,3,2,0,1,18,4.736538465303845,-1,-999,0,0,0,0,0,0,0,1
21,58,0,1,0,1,0,0,0,8,4.498674066644467,-1,-999,0,0,0,1,0,0,0,0
18,50,0,1,0,0,0,1,0,1,4.497243120064629,-1,-999,0,0,0,0,0,0,0,1
43,45,0,0,0,1,0,0,0,12,4.356478178651638,-1,-999,0,0,1,11,0,0,0,1
23,1,0,1,0,1,0,0,0,6,3.9261085007312415,-1,-999,0,0,0,1,0,0,0,1
14,33,0,0,0,1,0,0,1,0,4.050938086083009,-1,-999,0,0,0,0,0,0,0,1
16,7,0,0,0,1,0,0,0,0,3.8980685120588388,-1,-999,0,6,0,16,0,0,0,0
26,0,0,0,0,1,0,0,0,1,4.0060710131011685,-1,-999,0,2,0,4,1,0,0,1
21,14,0,0,0,1,0,0,0,0,4.014357827994779,-1,-999,0,3,0,0,0,0,0,0
14,11,0,1,0,1,0,0,0,5,4.392582755590971,-1,-999,0,0,0,0,0,0,0,1
14,1,0,0,0,1,0,0,0,0,3.4474015047059154,-1,-999,0,92,1,54,0,0,0,0
24,42,0,1,0,1,0,0,0,6,4.341144671189341,-1,-999,0,2,1,18,0,0,1,0
26,1,0,0,0,1,0,0,0,4,4.256149238118269,-1,-999,0,0,0,1,0,0,0,1
13,77,0,0,0,1,0,0,0,5,4.997684977782374,-1,-999,0,0,0,0,0,0,0,0
20,133,0,0,0,1,1,0,0,42,4.511824365620384,-1,-999,0,0,0,0,0,0,0,1
16,35,0,0,0,1,0,0,0,0,4.222325453047948,-1,-999,0,0,0,0,0,0,0,0
22,1,0,0,0,1,0,0,1,0,3.7232314287976207,-1,-999,0,0,0,0,0,0,0,0
25,26,0,0,0,1,1,0,0,5,4.166375237568008,-1,-999,0,3,0,25,0,0,0,0
16,1,0,1,0,1,0,0,0,0,3.7532696895151085,-1,-999,0,3,0,6,0,0,0,0
13,41,0,0,0,0,0,0,0,1,4.365430286773683,-1,-999,0,0,0,0,0,0,0,1
14,1,0,0,0,1,0,0,0,0,3.6635327548042547,-1,-999,0,0,0,0,0,0,0,0
46,68,0,1,0,4,2,0,0,22,4.761035971502768,-1,-999,0,0,0,0,0,0,0,1
13,18,0,1,0,0,0,0,0,12,4.291687154704211,-1,-999,0,0,0,0,0,0,0,0
18,66,0,0,0,1,1,0,0,0,4.141013757369441,-1,-999,0,0,0,0,0,0,0,0
19,41,0,0,0,0,1,0,0,4,4.319050759552386,-1,-999,0,0,0,0,0,0,0,1
16,59,0,1,0,1,0,0,0,1,4.307293540470038,-1,-999,0,4,2,98,0,0,0,0
16,18,0,0,0,1,0,0,0,0,4.141105590449127,-1,-999,0,0,0,1,1,0,0,0
15,39,0,1,0,1,0,0,0,15,4.527656439840514,-1,-999,0,0,0,1,0,0,0,0
28,47,0,1,0,2,0,0,0,9,4.550941956452254,-1,-999,0,0,0,0,0,0,0,0
11,1,0,0,0,0,0,0,0,0,3.6421498816369047,-1,-999,0,0,0,0,0,0,0,0
20,27,0,1,0,1,0,0,0,0,4.058722106539132,-1,-999,0,0,0,7,0,0,0,0
12,99,0,0,0,0,1,0,0,28,4.799915299953374,-1,-999,0,0,0,0,0,0,0,1
13,10,0,0,0,0,0,0,0,0,3.870014359598591,-1,-999,0,0,0,0,0,0,0,1
15,1,0,0,0,1,0,0,1,0,3.5013978254341027,-1,-999,0,0,0,0,0,0,0,0
17,34,0,0,0,0,0,0,0,0,4.129725288963305,-1,-999,0,0,0,0,0,0,0,0
15,6,0,1,0,1,0,0,0,0,3.995237891380887,-1,-999,0,0,0,0,0,0,0,1
50,19,0,0,0,3,2,0,1,5,4.3898353126048955,-1,-999,0,0,0,0,0,0,0,1
20,22,0,0,0,1,1,0,0,0,4.042882292918191,-1,-999,0,0,0,0,0,0,0,1
25,8,0,0,0,1,1,0,0,0,4.108694969562842,-1,-999,0,0,0,1,1,0,0,0
23,1,0,1,0,1,0,0,0,0,3.8789280318460246,-1,-999,0,0,0,0,0,0,0,1
35,9,0,0,0,3,0,0,0,14,4.3903845971625906,-1,-999,0,0,0,0,0,0,0,1
23,15,0,0,0,1,0,0,0,3,4.072424141197959,-1,-999,0,0,0,1,0,0,0,1
8,0,0,0,0,0,0,0,0,0,3.506890595608519,-1,-999,0,0,0,57,0,0,0,0
13,0,0,0,0,0,0,0,0,0,3.7219280948873625,-1,-999,0,0,0,0,0,0,0,0
33,98,0,1,0,1,0,0,1,10,5.542068085754021,-1,-999,0,0,0,0,0,0,0,1
10,0,0,0,0,1,0,0,0,0,3.337175341123077,-1,-999,0,0,0,1,1,0,0,0
20,14,0,1,0,1,0,0,0,2,4.311744137415566,-1,-999,0,0,0,0,0,0,0,1
6,8,0,0,0,0,0,0,0,1,3.844232898763192,-1,-999,0,0,0,0,0,0,0,1
21,0,0,0,0,1,0,0,0,0,3.9232517969803373,-1,-999,0,0,0,0,0,0,0,1
19,27,0,1,0,1,1,0,0,0,4.087328198974875,-1,-999,0,0,0,0,0,0,0,0
21,197,0,0,0,1,1,0,0,106,4.668962278080429,-1,-999,0,0,0,0,0,0,0,1
44,11,0,0,0,3,0,0,0,11,4.4496122375619676,-1,-999,0,0,0,0,0,0,0,1
18,32,0,0,0,0,0,0,0,0,4.1484467077025515,-1,-999,0,0,0,1,0,0,0,1
20,72,0,1,0,1,1,0,0,28,4.8413351955160016,-1,-999,0,0,0,0,0,0,0,1
13,35,0,0,0,1,0,0,0,0,4.253845741372936,-1,-999,0,0,0,0,0,0,0,1
14,1,0,1,0,1,0,0,0,0,3.5555331514269954,-1,-999,0,6,1,49,0,0,0,0
10,50,0,0,0,0,0,0,0,3,4.253761996947018,-1,-999,0,2,1,16,0,0,0,1
14,23,0,1,0,1,0,0,0,2,4.2691964294707,-1,-999,0,1,2,6,0,0,0,0
17,18,0,0,0,1,0,0,0,0,4.041010577489153,-1,-999,0,1,1,24,0,0,0,0
14,14,0,0,1,0,0,0,0,11,4.264578373902383,-1,-999,0,0,0,0,0,0,0,1
21,69,0,0,0,1,0,0,0,0,4.049598902183634,-1,-999,0,1,0,6,0,0,0,0
16,22,0,1,0,1,0,0,0,0,4.158977174901209,-1,-999,0,4,0,5,0,0,0,0
20,5,0,0,0,1,0,0,0,4,4.413909765557392,-1,-999,0,82,0,4,0,0,0,0
12,54,0,0,0,0,0,0,0,8,4.508739122780823,-1,-999,0,13,1,44,0,0,0,0
32,108,0,1,0,3,1,0,0,18,5.526590816195525,-1,-999,0,0,0,0,0,0,0,1
12,31,0,0,0,1,0,0,0,0,3.8292750707107137,-1,-999,0,0,1,0,0,0,0,1
16,10,0,1,0,1,0,0,0,0,4.0796786498829745,-1,-999,0,0,0,1,0,0,0,0
23,47,0,0,0,0,0,0,0,20,4.718311872938818,-1,-999,0,0,0,0,0,0,0,1
22,1,0,0,0,1,0,0,0,3,4.0062389286533895,-1,-999,0,0,0,10,0,1,0,0
16,23,0,1,0,0,1,0,0,0,4.011411723741875,-1,-999,0,0,0,0,0,0,0,1
14,0,0,0,0,1,0,0,0,0,3.535174565635903,-1,-999,0,0,0,0,0,0,0,1
24,68,0,0,0,1,0,0,0,0,4.335977254192044,-1,-999,0,0,0,0,0,0,0,0
21,64,0,1,0,1,0,0,0,0,4.3374562643064305,-1,-999,0,0,0,1,1,0,0,0
20,30,0,0,0,0,0,0,0,2,4.2784451205835525,-1,-999,0,0,0,0,0,0,0,1
13,1,0,1,0,0,0,0,0,0,3.7544418457133455,-1,-999,0,0,0,0,0,0,0,1
24,62,0,1,0,1,0,0,0,9,4.517802183302876,-1,-999,0,17,1,42,0,0,1,0
22,125,0,0,0,1,1,0,0,4,5.2261875730503355,-1,-999,0,0,0,0,0,0,0,1
19,31,1,0,0,0,0,0,0,6,4.530503090650142,-1,-999,0,0,0,0,0,0,0,1
21,45,0,0,0,0,0,0,0,6,4.500780381535527,-1,-999,0,0,0,0,0,0,0,1
18,177,0,0,0,1,0,0,0,24,5.669561471412977,-1,-999,0,8,0,12,0,0,1,1
22,17,0,1,0,1,0,0,0,2,4.224177681188684,-1,-999,0,12,0,21,0,0,0,1
18,1,0,0,0,1,0,0,0,0,3.9790978911348054,-1,-999,0,0,0,0,0,0,0,0
26,65,0,0,0,1,0,0,1,25,4.824941002751953,-1,-999,0,15,0,12,0,0,0,1
24,33,0,1,0,0,0,0,0,8,4.29537022243567,-1,-999,0,0,0,0,0,0,0,1
13,180,0,1,0,0,1,0,0,76,4.603911520878256,-1,-999,0,20,0,47,0,0,0,1
24,1,0,0,0,1,0,0,0,0,4.007048827786958,-1,-999,0,0,0,25,0,0,0,0
25,47,0,0,0,1,0,0,0,8,4.614642338098317,-1,-999,0,22,0,26,0,0,0,0
16,19,0,1,0,1,0,0,0,0,4.164295859202321,-1,-999,1,60,0,4,0,0,1,0
16,31,0,1,0,1,0,0,0,9,4.379658187528281,-1,-999,0,0,0,23,1,1,0,1
27,47,0,0,0,1,0,0,0,22,4.843151861931311,-1,-999,0,0,0,0,0,0,0,1
18,16,0,0,0,1,0,0,0,0,4.013176017331163,-1,-999,0,1,1,26,0,0,0,0
19,23,0,0,0,1,0,0,0,0,4.154999896455403,-1,-999,0,1,0,20,0,1,0,0
16,33,0,1,0,1,0,0,0,0,4.159485137230458,-1,-999,0,4,0,5,0,0,0,0
20,1,0,0,0,1,0,0,0,0,4.182005814760213,-1,-999,0,4,0,5,0,0,0,0
29,88,0,0,0,1,0,0,1,0,4.591190885269241,-1,-999,0,0,0,0,0,0,0,0
26,85,0,0,0,1,2,0,0,5,4.593573346848092,-1,-999,0,0,0,0,0,0,0,1
25,6,0,0,0,1,1,0,1,0,4.14860021052734,-1,-999,0,0,0,0,0,0,0,1
19,17,0,0,0,1,0,0,0,0,3.9612945579650987,-1,-999,0,0,0,0,0,0,0,0
16,0,0,0,0,0,0,0,1,0,3.8820451081368623,-1,-999,0,0,0,0,0,0,0,1
27,1,0,0,0,1,1,0,0,0,3.900153016697713,-1,-999,0,0,0,0,0,0,0,1
25,1,0,1,0,1,0,0,1,0,4.0796786498829745,-1,-999,0,0,0,0,0,0,0,1
25,34,0,1,0,1,0,0,0,0,3.9854908260360165,-1,-999,0,0,0,0,0,0,0,1
13,18,0,0,0,1,0,0,0,2,3.895714934884266,-1,-999,0,0,0,0,0,0,0,0
17,1,0,0,0,1,0,0,0,0,3.8634651896016474,-1,-999,0,0,0,2,1,0,0,1
15,31,0,0,0,1,0,0,0,0,4.260965625094248,-1,-999,0,3,0,105,0,0,0,0
13,8,0,0,0,0,0,0,0,0,3.9407598325400897,-1,-999,0,2,0,6,0,0,0,1
17,41,0,0,0,1,0,0,0,2,4.355867521990604,-1,-999,0,0,0,4,0,0,0,1
22,1,0,1,0,1,0,0,0,0,3.977916874693636,-1,-999,0,8,0,21,0,1,0,0
21,140,0,0,0,1,2,1,0,26,5.416986875645674,-1,-999,0,0,0,0,0,0,0,1
6,87,0,1,0,0,0,0,0,37,4.916634411697293,-1,-999,0,1,0,2,1,0,0,1
15,49,0,0,0,1,0,0,0,0,4.199585367323302,-1,-999,0,1,1,22,0,0,0,0
17,28,0,0,0,1,0,0,0,0,4.077737017994866,-1,-999,0,0,0,0,0,0,0,1
20,1,0,1,0,1,0,0,0,0,3.771437029461126,-1,-999,0,0,0,8,0,0,0,0
17,72,0,0,0,0,0,0,0,0,4.352527541206873,-1,-999,0,0,0,0,0,0,0,1
26,1,0,1,0,1,0,0,1,0,4.028445159431229,-1,-999,0,0,0,0,0,0,0,1
16,76,0,0,0,1,1,0,0,0,4.730684746882173,-1,-999,0,31,0,34,0,0,0,0
41,24,0,1,0,3,1,0,2,3,4.41324120995247,-1,-999,0,0,0,0,0,0,0,1
26,33,0,0,0,1,0,0,0,0,4.186133469144905,-1,-999,0,0,0,0,0,0,0,0
20,54,0,0,0,0,0,0,0,0,4.350326048060294,-1,-999,1,5,0,16,0,0,0,1
15,48,0,0,0,1,0,0,0,0,4.636375967458997,-1,-999,0,2,1,27,0,0,0,0
22,29,0,0,0,1,0,0,1,2,4.383000391306284,-1,-999,0,4,0,1,0,0,0,1
16,13,0,1,0,1,0,0,0,0,4.1185201770721855,-1,-999,0,4,0,5,0,0,0,0
23,43,0,1,0,1,0,0,0,0,4.251561016012441,-1,-999,0,7,0,18,0,0,0,0
21,0,0,0,0,2,0,0,0,3,4.137537511266052,-1,-999,0,0,0,0,0,0,0,1
37,0,0,0,0,1,0,0,0,1,4.2693287100782005,-1,-999,0,2,0,4,1,0,0,1
16,42,0,0,0,1,0,0,0,0,4.369166091391515,-1,-999,0,2,0,6,0,0,0,0
18,26,0,0,0,1,0,0,0,0,3.9173317144356736,-1,-999,0,0,0,1,1,0,0,0
30,1,0,0,0,1,0,0,0,0,4.0959686315799715,-1,-999,0,0,0,0,0,0,0,1
16,25,0,1,0,1,0,0,0,0,4.150452579587567,-1,-999,0,0,0,31,0,0,0,1
18,1,0,0,0,1,0,0,0,0,3.5073801024236353,-1,-999,0,0,0,0,0,0,0,0
11,25,0,0,0,0,0,0,0,0,3.9873274760758837,-1,-999,0,0,0,14,0,0,0,1
10,45,0,0,0,0,0,0,0,18,4.491241078060462,-1,-999,0,0,0,0,0,0,0,1
22,0,0,0,0,1,0,0,0,2,3.978333581185264,-1,-999,0,0,0,1,0,0,0,1
23,46,0,0,0,1,0,0,0,6,4.667325300486181,-1,-999,0,338,1,61,0,0,0,0
18,0,0,0,0,1,0,0,0,2,3.8936606896881862,-1,-999,0,0,0,0,0,0,0,1
22,0,0,0,0,1,0,0,0,0,4.03039478823102,-1,-999,0,0,0,0,0,0,0,1
22,3,0,0,0,1,0,0,0,0,4.069548827786958,-1,-999,0,0,0,10,0,0,0,1
14,24,0,0,0,1,0,0,0,8,4.41120441892766,-1,-999,0,3,0,10,0,0,1,0
11,1,0,1,0,1,0,0,0,0,3.208694969562842,-1,-999,0,0,0,0,0,0,0,0
19,1,0,0,0,1,0,0,0,0,3.8561962982193796,-1,-999,0,0,0,0,0,0,0,1
23,1,0,1,0,1,0,0,0,0,3.9056390622295662,-1,-999,0,0,0,0,0,0,0,0
17,68,0,1,0,1,0,0,0,1,4.399344690216606,-1,-999,0,0,0,0,0,0,0,0
17,14,0,0,0,1,0,0,0,0,4.010570934268483,-1,-999,0,1,1,24,0,0,0,0
18,66,0,0,0,1,1,0,0,15,4.646079224294728,-1,-999,0,0,0,0,0,0,0,1
27,0,0,0,0,1,0,0,0,1,4.065260267657297,-1,-999,0,2,0,4,1,0,0,1
20,41,0,0,0,1,0,0,0,0,4.57858991574846,-1,-999,0,0,0,0,0,0,0,0
19,63,0,1,0,1,0,0,0,11,5.127323113354942,-1,-999,0,0,0,0,0,0,0,1
13,14,0,0,0,0,0,0,0,0,3.9368917977572884,-1,-999,0,0,0,1,0,0,0,1
16,0,0,0,0,1,0,0,0,1,4.0559581516151235,-1,-999,0,0,0,22,0,0,0,0
27,11,0,1,0,1,0,0,0,0,4.221946673862943,-1,-999,0,0,0,63,0,0,1,0
18,29,0,0,0,0,0,0,0,0,4.026031086676594,-1,-999,0,0,0,0,0,0,0,1
10,20,0,0,0,0,0,0,0,0,3.9050030276156957,-1,-999,0,0,0,0,1,0,0,1
12,1,0,0,0,1,0,0,0,0,3.508694969562842,-1,-999,1,12,1,27,0,0,0,0
19,9,0,0,0,1,0,0,0,0,3.7614457889184747,-1,-999,0,96,0,17,0,0,1,0
21,6,0,0,0,0,0,0,0,0,4.292770193936991,-1,-999,0,4,0,7,0,0,0,0
16,22,0,0,0,1,0,0,0,0,3.850201918975737,-1,-999,0,0,0,23,1,1,0,1
28,53,0,0,0,1,1,0,0,7,4.569990075233496,-1,-999,0,4,0,28,0,0,0,0
32,1,0,0,0,1,1,0,0,1,4.165311532225102,-1,-999,0,0,1,1,0,0,0,1
22,13,0,0,0,1,0,0,0,0,4.243158791671846,-1,-999,0,0,0,1,1,0,0,0
18,15,0,0,0,1,0,0,0,1,4.146439344671016,-1,-999,0,0,0,0,0,0,0,1
15,12,0,0,0,1,0,0,0,0,4.1829073264808265,-1,-999,0,0,0,0,0,0,0,0
50,69,0,0,0,3,2,0,1,16,4.75350411028907,-1,-999,0,0,0,0,0,0,0,1
12,56,0,1,0,1,0,0,0,6,4.484384343715318,-1,-999,0,0,0,11,0,0,0,0
12,68,0,0,0,1,0,0,0,8,4.664697627829117,-1,-999,0,13,2,60,0,0,1,0
17,45,0,1,0,1,0,0,0,0,4.109879496426521,-1,-999,0,0,0,26,0,0,0,0
13,41,0,0,0,0,0,0,0,3,4.472775092160468,-1,-999,0,0,0,0,0,0,0,1
17,1,0,1,0,1,0,0,0,0,3.95006375643621,-1,-999,0,0,0,6,0,0,0,0
50,69,0,1,0,3,2,0,1,20,4.685312377485002,-1,-999,0,0,0,0,0,0,0,1
12,24,0,0,0,0,0,0,0,1,4.301508290129998,-1,-999,0,0,0,0,0,0,0,1
21,1,0,0,0,1,0,0,0,0,3.8833374604210062,-1,-999,0,1,1,11,0,0,0,0
16,15,0,1,0,1,0,0,0,0,4.057855988582063,-1,-999,0,0,0,1,0,0,0,0
23,47,0,0,0,0,0,0,0,22,4.705035327856836,-1,-999,0,0,0,0,0,0,0,1
50,19,0,0,0,3,2,0,1,9,4.497459586605989,-1,-999,0,0,0,0,0,0,0,1
28,21,0,0,0,1,0,0,0,0,4.338804369244613,-1,-999,0,0,0,10,0,0,0,1
23,1,0,1,0,1,0,0,0,0,3.6442475629608078,-1,-999,0,0,0,0,0,0,0,0
16,1,0,0,0,1,0,0,0,0,3.4072682296173893,-1,-999,0,0,0,11,0,0,0,0
27,66,0,1,0,1,0,0,1,12,5.369797680788965,-1,-999,0,5,0,34,0,0,0,1
17,29,0,0,0,1,0,0,0,10,4.51349539840093,-1,-999,0,0,0,0,0,0,0,1
20,1,0,1,0,1,0,0,0,0,3.9262723741395074,-1,-999,0,18,1,77,0,0,0,0
12,64,0,0,0,0,0,0,0,8,4.507647221943101,-1,-999,0,1,0,12,0,0,0,0
22,1,0,0,0,1,0,0,0,0,3.9898980954642878,-1,-999,0,0,0,0,0,0,0,1
17,22,0,1,0,0,0,0,0,0,3.886917779175429,-1,-999,0,0,0,0,0,0,0,0
23,0,0,0,0,1,0,0,1,0,4.106890595608519,-1,-999,0,2,2,18,0,0,0,0
15,1,0,1,0,1,0,0,0,1,3.720175521464345,-1,-999,1,7,0,13,0,0,0,0
19,149,0,1,0,0,2,0,0,5,4.457898850324618,-1,-999,0,0,0,8,0,0,0,1
15,124,0,1,0,1,1,0,0,9,5.48850528885594,-1,-999,0,0,0,2,0,0,0,1
22,44,0,0,0,2,0,0,0,0,4.443249820710599,-1,-999,0,8,1,13,0,0,0,0
46,90,0,1,0,3,0,0,0,42,4.959577951764509,-1,-999,0,0,0,0,0,0,0,1
17,63,0,0,0,1,0,0,0,0,4.502149243345482,-1,-999,0,0,0,1,1,0,0,0
24,1,0,1,0,1,0,0,0,0,3.8013774524295485,-1,-999,0,1,0,29,0,0,0,0
16,31,0,0,0,1,0,0,0,0,4.152970956533507,-1,-999,0,2,0,6,0,0,0,0
4,6,0,1,0,0,0,0,0,1,3.683542362433231,-1,-999,0,0,0,3,0,0,0,1
23,1,0,0,0,1,0,0,1,0,3.953565664946428,-1,-999,0,0,0,0,0,0,0,1
17,80,0,0,0,0,0,1,0,0,4.509357666668862,-1,-999,0,0,0,0,0,0,0,1
30,90,0,1,0,1,0,1,0,21,4.959116591185503,-1,-999,0,0,0,0,0,0,0,1
15,8,0,0,0,1,0,0,0,0,3.8565647621309544,-1,-999,0,13,0,87,0,0,0,0
11,101,0,0,0,0,0,0,0,0,4.21298979338432,-1,-999,0,0,0,0,0,0,0,0
21,17,0,0,0,1,0,0,0,0,4.214432130654919,-1,-999,0,3,0,12,0,0,0,0
25,7,0,0,0,1,0,0,0,0,3.8527277834538585,-1,-999,0,0,0,0,0,0,0,1
23,1,0,0,0,1,0,0,0,0,4.131300342505361,-1,-999,0,0,0,9,0,0,0,0
40,11,0,0,0,3,1,0,2,3,4.277830296994045,-1,-999,0,0,0,0,0,0,0,1
25,26,0,0,0,1,0,0,1,0,4.361978305980877,-1,-999,0,0,0,15,0,0,0,0
18,18,0,1,0,2,0,0,0,0,4.126950016748872,-1,-999,0,4,0,5,0,0,0,0
11,1,0,0,0,1,0,0,0,3,3.576617644908666,-1,-999,0,0,0,0,0,0,0,1
42,65,0,0,0,3,2,0,0,20,4.777140397224074,-1,-999,0,0,0,0,0,0,0,1
13,24,0,0,0,1,0,0,0,1,4.31705292530797,-1,-999,0,0,0,0,0,0,0,0
21,1,0,1,0,1,0,0,0,0,3.964735178725505,-1,-999,0,0,0,0,0,0,0,0
27,1,0,1,0,2,2,0,1,0,4.155221528859512,-1,-999,0,0,0,0,0,0,0,1
42,19,0,1,0,3,2,0,0,11,4.605295842098582,-1,-999,0,0,0,0,0,0,0,1
13,104,0,0,0,1,0,0,0,4,4.359352357639916,-1,-999,0,0,0,28,0,0,0,0
14,0,0,0,0,0,0,0,0,1,3.6897037321995474,-1,-999,0,0,0,1,0,0,0,0
19,81,0,0,0,1,0,0,0,20,4.681927535096059,-1,-999,0,0,0,0,0,0,0,1
20,3,0,1,0,0,0,0,0,0,4.284683810317086,-1,-999,0,0,0,0,0,0,0,1
20,1,0,0,0,1,0,0,0,0,4.039148671903071,-1,-999,0,0,0,1,0,0,0,0
17,63,0,1,0,1,0,0,0,10,5.069748218077537,-1,-999,0,0,0,0,0,0,0,1
18,75,0,0,0,1,1,0,0,21,4.75153069560254,-1,-999,0,0,0,0,0,0,0,1
16,40,0,0,0,1,0,0,0,0,4.229452400667302,-1,-999,0,2,0,12,0,0,0,0
15,28,0,1,0,1,0,0,0,2,4.287539254067757,-1,-999,0,2,0,9,0,0,0,0
28,1,0,1,0,1,0,0,0,2,4.208924987016683,-1,-999,0,0,0,0,0,0,0,1
61,57,0,0,0,1,1,0,4,36,4.804827798690903,-1,-999,0,0,0,0,0,0,0,1
30,8,0,0,0,1,0,1,0,2,3.881195107760607,-1,-999,0,0,0,2,0,0,0,1
33,1,0,0,0,1,0,0,1,0,3.9548745654881587,-1,-999,0,1,2,27,0,0,1,0
17,39,0,0,0,1,0,0,0,0,4.2550022494678865,-1,-999,0,1,0,49,0,0,0,0
16,107,0,1,0,1,0,0,0,4,5.376704746364647,-1,-999,0,0,0,13,0,0,0,1
13,1,0,0,0,1,0,0,0,0,3.6537567082870015,-1,-999,0,0,0,4,0,0,0,0
32,19,0,0,0,1,0,0,1,0,4.152914564272725,-1,-999,0,0,0,0,0,0,0,1
13,28,0,1,0,0,0,0,0,0,4.099631661308525,-1,-999,1,15,0,43,0,0,0,0
22,8,0,1,0,0,1,0,0,0,3.948346513831634,-1,-999,0,0,0,0,0,0,0,1
17,26,0,1,0,1,0,0,0,0,4.230290537625717,-1,-999,0,55,2,40,0,0,0,0
18,1,0,0,0,1,0,0,0,2,3.997952698660692,-1,-999,0,0,0,0,0,0,0,1
24,11,0,1,0,1,0,0,0,0,4.190929511009918,-1,-999,0,0,2,50,0,0,1,1
17,25,0,0,0,1,0,0,0,0,4.049994855073226,-1,-999,0,1,0,12,0,0,0,1
25,12,0,1,0,1,0,0,0,0,4.246539762611725,-1,-999,0,8,1,12,0,0,0,0
29,216,0,1,0,1,0,0,0,46,5.7837955198088995,-1,-999,0,0,0,0,0,0,0,1
16,25,0,1,0,1,0,0,0,0,4.177845110307725,-1,-999,0,4,0,5,0,0,0,0
18,75,0,0,0,1,1,0,0,20,4.773528005004738,-1,-999,0,0,0,0,0,0,0,1
33,102,0,1,0,1,0,0,1,9,5.215001732903568,-1,-999,0,5,0,34,0,0,0,1
21,16,0,0,0,0,0,0,0,1,4.112063152384018,-1,-999,0,0,0,1,0,0,0,1
27,73,0,1,0,1,0,0,1,3,5.060340490662972,-1,-999,0,0,0,0,0,0,0,1
23,1,0,0,0,1,2,0,1,0,3.8890495359141695,-1,-999,0,0,0,0,0,0,0,1
16,15,0,0,0,0,0,0,0,2,4.293594289588575,-1,-999,0,0,0,0,0,0,0,1
20,1,0,1,0,1,0,0,0,0,3.978333581185264,-1,-999,0,16,0,19,0,0,0,0
12,5,0,1,0,0,0,0,0,0,3.9132696895151087,-1,-999,0,0,0,0,0,0,0,1
25,10,0,1,0,3,0,0,0,0,3.998728057370606,-1,-999,0,0,0,0,0,0,0,1
12,13,0,1,0,1,0,0,0,0,3.657289952363989,-1,-999,0,18,0,6,0,0,0,0
14,22,0,0,0,1,0,0,0,6,4.34186497602557,-1,-999,0,3,0,10,0,0,1,0
25,1,0,0,0,1,0,0,1,0,3.8391081341821707,-1,-999,0,0,0,0,0,0,0,1
19,9,0,1,0,0,0,0,0,0,4.037844793048882,-1,-999,0,0,0,0,0,0,0,1
20,1,0,0,0,0,0,0,0,0,3.9407598325400897,-1,-999,0,3,1,5,0,0,0,0
26,25,0,0,0,1,0,0,0,0,4.2580846585849645,-1,-999,0,0,0,0,0,0,0,0
17,1,0,1,0,1,0,0,0,0,3.7192945256669794,-1,-999,0,0,1,4,0,0,0,0
22,29,0,0,0,1,0,0,0,0,4.214873668469852,-1,-999,0,0,0,0,0,0,0,0
16,68,0,0,0,0,0,0,0,0,4.184287053016659,-1,-999,0,5,0,19,0,0,0,0
23,19,0,0,0,1,0,0,0,1,4.4279764393853,-1,-999,0,54,0,17,0,0,0,0
16,17,0,1,0,0,0,0,0,0,4.043544614839371,-1,-999,0,0,0,0,0,0,0,1
35,46,0,0,0,1,0,0,0,23,5.139847442319419,-1,-999,0,0,0,11,0,0,1,1
34,251,0,1,0,1,0,0,1,54,5.454263977184148,-1,-999,0,0,0,0,0,0,0,1
10,42,0,0,0,0,1,0,0,0,4.099586109090013,-1,-999,0,2,1,13,0,0,0,1
26,372,0,0,0,1,0,0,0,69,5.949188469282946,-1,-999,0,0,0,0,0,0,0,1
16,20,0,0,0,1,0,0,0,0,4.025361709178203,-1,-999,0,3,0,5,0,0,0,0
17,7,0,0,0,1,0,0,0,0,4.327819531114783,-1,-999,0,0,0,1,1,0,0,0
12,35,0,0,0,0,0,0,0,0,4.208888549286357,-1,-999,0,0,1,37,0,0,0,0
18,36,0,0,0,1,0,0,0,0,4.262727403761994,-1,-999,0,1,0,7,0,0,0,0
36,1,0,1,0,1,0,0,2,0,4.463749485074333,-1,-999,0,0,0,11,0,0,0,1
15,1,0,1,0,1,0,0,0,0,3.7406015629507228,-1,-999,0,2,1,27,0,0,0,0
19,20,0,0,0,1,0,0,0,0,4.216193141113152,-1,-999,0,0,0,0,0,0,0,1
18,237,0,1,0,0,0,0,0,64,5.539139606949533,-1,-999,0,0,0,0,0,0,0,1
23,1,0,0,0,1,0,0,0,0,3.953565664946428,-1,-999,0,44,1,76,0,0,1,0
13,21,0,0,0,0,0,0,0,0,3.8628151140048086,-1,-999,0,0,0,0,0,0,0,1
15,12,0,0,0,0,0,0,0,0,4.017917900762097,-1,-999,0,0,1,0,0,0,0,1
16,38,0,1,0,1,0,0,0,5,4.37105150525105,-1,-999,0,0,0,0,0,0,0,0
14,59,0,0,0,0,0,1,0,0,4.396991794185414,-1,-999,0,0,0,0,0,0,0,1
13,0,0,0,0,0,0,0,0,2,3.521928094887363,-1,-999,0,0,0,0,0,0,0,0
17,17,0,0,0,1,0,0,0,0,4.015611760504575,-1,-999,0,0,0,1,1,0,0,0
18,6,0,0,0,0,0,0,0,0,3.7567958110719157,-1,-999,0,2,0,21,0,0,1,1
15,47,0,0,0,1,0,0,0,8,4.7018773549526385,-1,-999,0,0,0,44,0,0,1,0
33,118,0,0,0,2,0,0,0,11,5.662462222817357,-1,-999,0,0,0,0,0,0,0,1
17,33,0,1,0,1,0,0,0,4,4.525939943986514,-1,-999,0,1,1,2,0,0,0,0
14,1,0,0,0,1,0,0,0,0,3.6635327548042547,-1,-999,0,0,0,16,0,0,0,0
11,0,0,0,0,0,0,0,0,1,3.725480556997868,-1,-999,0,0,0,0,0,0,0,0
17,27,0,0,0,1,0,0,0,0,4.139468293591417,-1,-999,0,2,0,13,0,0,0,0
24,72,0,0,0,1,0,0,0,12,4.415842737558823,-1,-999,0,0,0,1,1,0,0,0
18,63,0,0,0,0,1,0,0,0,4.493490280124695,-1,-999,0,0,0,0,0,0,0,1
42,67,0,1,0,3,2,0,0,24,4.730623111184373,-1,-999,0,0,0,0,0,0,0,1
11,66,0,1,0,0,0,0,0,7,4.516656988691523,-1,-999,0,0,0,0,0,0,0,1
12,35,0,0,0,0,1,0,0,1,4.064917484271221,-1,-999,0,0,0,0,0,0,0,1
5,4,0,1,0,0,0,0,0,2,3.41041725276052,-1,-999,0,0,0,24,0,0,0,1
10,1,0,0,0,0,0,0,0,0,3.57243125132212,-1,-999,0,0,0,0,0,0,0,0
19,16,0,0,0,1,0,0,0,0,3.9847122923320044,-1,-999,0,0,0,52,0,0,1,0
22,10,0,0,0,1,0,0,1,1,3.970422410781626,-1,-999,0,0,1,34,0,0,1,0
21,19,0,0,0,1,0,0,0,2,4.516541406655651,-1,-999,0,0,0,0,0,0,0,0
15,28,0,0,0,1,0,0,0,0,4.303981820580906,-1,-999,0,3,0,143,0,0,0,0
16,15,0,0,0,1,0,0,0,5,4.355539077670187,-1,-999,0,54,0,8,0,0,0,0
15,19,0,1,0,1,0,0,0,3,4.6180115569773665,-1,-999,0,0,1,50,0,0,0,0
27,7,0,0,0,1,0,0,1,0,4.210733711724087,-1,-999,0,0,0,0,0,0,0,1
16,1,0,0,0,1,0,0,0,0,3.605388542207534,-1,-999,0,1,0,18,0,0,0,1
19,12,0,0,0,1,0,0,0,0,4.076103170996722,-1,-999,0,0,0,0,0,0,0,0
19,18,0,1,0,1,0,0,1,0,4.127762474435138,-1,-999,0,0,0,0,0,0,0,1
25,1,0,1,0,1,0,0,0,0,3.984234164652489,-1,-999,0,0,1,18,0,0,0,0
16,1,0,0,0,1,0,0,0,0,3.6258145836939115,-1,-999,0,0,1,69,0,0,0,0
28,0,0,0,0,1,0,0,1,0,3.954442574694574,-1,-999,0,0,5,16,0,0,0,0
19,22,0,1,0,1,0,0,0,0,4.198708252579409,-1,-999,0,10,0,5,0,0,0,0
14,29,0,0,0,1,0,0,0,0,4.2961746300696415,-1,-999,0,0,0,0,0,0,0,0
13,13,0,0,0,1,0,0,0,0,3.8013774524295485,-1,-999,0,0,0,0,0,0,0,0
19,48,0,1,0,1,0,0,0,12,4.577758024374166,-1,-999,0,1,0,39,0,0,0,0
14,0,0,0,0,0,0,0,0,0,4.011365041826379,-1,-999,1,12,0,33,0,0,0,1
31,1,0,1,0,1,0,0,1,3,4.034829508503262,-1,-999,0,0,0,0,0,0,0,1
26,234,0,0,0,1,0,0,0,39,5.8828031412971615,-1,-999,0,0,1,1,0,0,0,1
13,15,0,0,0,1,1,0,0,0,4.011585431837431,-1,-999,0,0,0,23,0,0,0,1
11,183,0,0,0,0,1,0,0,68,4.589455141582876,-1,-999,0,0,0,0,0,0,0,1
17,29,0,1,0,1,0,0,0,0,4.47412343811291,-1,-999,0,0,0,17,0,0,0,0
25,1,0,1,0,1,0,0,1,0,4.188331131693838,-1,-999,0,0,17,13,0,0,0,0
17,43,0,0,0,1,1,0,0,19,4.804457473846119,-1,-999,0,0,0,0,0,0,0,0
24,0,0,0,0,1,0,0,0,0,4.002268084440845,-1,-999,0,0,0,1,0,0,0,1
14,13,0,0,0,1,0,0,0,0,4.2705676203439475,-1,-999,0,0,0,1,1,0,0,0
20,49,0,1,0,0,2,0,0,1,4.24420489337159,-1,-999,0,0,0,0,0,0,0,1
14,4,0,1,0,1,0,0,0,0,3.7192945256669794,-1,-999,0,0,2,8,0,0,0,0
14,24,0,0,0,1,0,0,0,8,4.366759974483215,-1,-999,0,3,0,10,0,0,1,0
26,10,0,0,0,1,1,0,0,3,4.289198406107189,-1,-999,0,0,0,0,0,0,0,1
24,1,0,1,0,1,0,0,0,0,3.8848588918890474,-1,-999,0,2,0,4,1,0,0,1
16,1,0,1,0,1,0,0,0,0,3.7230741894285697,-1,-999,0,26,0,115,0,0,0,0
18,1,0,1,0,1,0,0,0,0,3.7262046313924557,-1,-999,0,3,1,15,0,0,1,0
42,69,0,1,0,3,2,0,0,24,4.862755123159246,-1,-999,0,0,0,0,0,0,0,1
22,4,0,0,0,0,0,0,0,0,4.0060710131011685,-1,-999,0,0,0,0,0,0,0,1
17,26,0,0,0,1,0,0,0,0,4.305979129983103,-1,-999,0,0,0,0,0,0,0,0
22,27,0,0,0,1,0,0,0,0,4.027913127562166,-1,-999,0,0,0,1,0,0,0,0
16,59,0,1,0,1,0,0,0,6,5.238819172902795,-1,-999,0,0,0,0,0,0,0,1
19,1,0,1,0,1,0,0,0,0,4.0836169753972325,-1,-999,0,0,0,1,1,0,0,0
19,1,0,0,0,1,0,0,0,0,3.7639657428240807,-1,-999,0,0,0,0,0,0,0,1
13,21,0,0,0,0,0,0,0,2,4.326724863203439,-1,-999,0,0,0,0,0,0,0,1
14,19,0,0,1,0,0,0,0,14,3.9873261452560085,-1,-999,0,0,0,0,0,0,0,1
27,0,0,0,0,1,0,0,0,0,4.035273502696889,-1,-999,0,0,0,1,1,0,0,0
5,6,0,0,0,0,0,0,0,2,3.3502090290998976,-1,-999,0,0,0,0,0,0,0,1
25,4,0,1,0,1,0,0,0,8,4.411891879025519,-1,-999,0,0,0,0,0,0,0,1
20,30,0,0,0,0,1,0,1,0,4.203173295049284,-1,-999,0,0,0,0,0,0,0,1
16,34,0,1,0,1,0,0,0,0,4.509868160214538,-1,-999,0,0,0,23,1,1,0,1
22,12,0,0,0,1,0,0,0,0,3.9763522367378235,-1,-999,0,0,0,0,0,0,0,1
18,34,0,0,0,1,0,0,0,0,4.409865880046908,-1,-999,0,0,0,24,0,0,0,0
42,69,0,0,0,3,2,0,0,19,4.857091707333781,-1,-999,0,0,0,0,0,0,0,1
13,35,0,1,0,1,0,0,0,0,4.289148671903071,-1,-999,0,0,0,15,0,0,0,0
16,107,0,1,0,1,0,0,0,6,5.253531930904297,-1,-999,0,0,0,13,0,0,0,1
20,12,0,0,0,0,0,0,0,0,3.9653011046221454,-1,-999,0,3,0,24,0,0,0,1
21,9,0,1,0,1,0,0,0,1,4.238334671954105,-1,-999,0,0,0,0,0,0,0,1
18,5,0,1,0,1,0,0,0,0,4.066784213473103,-1,-999,0,34,1,33,0,0,0,0
28,18,0,0,0,1,0,0,1,0,4.131143275636959,-1,-999,0,0,1,3,0,0,0,0
20,8,0,0,0,0,0,0,0,0,3.9188679318992445,-1,-999,0,0,0,0,0,0,0,1
27,41,0,0,0,1,0,0,0,3,4.559824984801548,-1,-999,0,0,0,0,0,0,0,0
31,1,0,1,0,3,0,0,0,10,4.046439344671016,-1,-999,0,0,0,0,0,0,0,1
21,29,0,0,0,1,0,0,0,3,4.216870120507641,-1,-999,0,7,0,10,0,0,0,0
21,1,0,1,0,1,0,0,0,0,4.123231428797621,-1,-999,1,4,1,22,0,0,0,0
31,26,0,1,0,3,0,1,0,10,4.543704213975305,-1,-999,0,0,0,0,0,0,0,1
15,12,0,0,0,1,0,0,0,0,4.0796786498829745,-1,-999,0,8,0,19,0,0,0,0
15,76,0,1,0,1,0,0,0,7,5.169140964776703,-1,-999,0,0,0,0,0,0,0,1
21,28,0,0,0,1,0,0,0,0,4.073829807421465,-1,-999,0,0,0,0,0,0,0,0
9,15,0,0,0,0,1,0,0,0,3.9101792788836405,-1,-999,0,0,0,23,0,0,0,1
16,53,0,1,0,1,0,0,0,4,4.517729490626398,-1,-999,0,4,0,5,0,0,0,0
17,60,0,0,0,1,0,0,0,8,4.887512327613188,-1,-999,0,0,0,0,0,0,0,0
12,27,0,0,0,0,0,0,0,11,4.596726085536066,-1,-999,0,0,0,1,0,0,0,1
16,37,0,1,0,1,0,0,0,10,4.583329883617666,-1,-999,0,1,0,9,0,0,0,0
27,50,0,0,0,1,1,0,0,5,4.444425649650407,-1,-999,0,0,0,1,1,0,0,0
29,0,0,0,0,1,0,0,0,0,4.127986806877675,-1,-999,0,2,0,4,1,0,0,1
13,1,0,1,0,1,0,0,0,0,3.6635327548042547,-1,-999,0,1,1,12,0,0,0,0
20,36,0,0,0,1,0,0,0,0,4.368418868955611,-1,-999,0,0,0,0,0,0,0,1
21,51,0,0,0,1,1,0,0,0,3.880425795021537,-1,-999,0,10,0,57,0,1,1,0
42,67,0,0,0,3,2,0,0,26,4.8003903368447025,-1,-999,0,0,0,0,0,0,0,1
19,7,0,0,0,1,1,0,0,1,4.066677073707229,-1,-999,0,0,0,0,0,0,0,1
16,8,0,0,0,1,0,0,0,0,3.6837421818302896,-1,-999,0,0,0,1,1,0,0,0
27,29,0,0,0,0,0,0,0,0,4.025001298412338,-1,-999,0,0,0,0,0,0,0,1
31,5,0,0,0,1,0,0,1,0,4.2374411389168944,-1,-999,0,0,0,0,0,0,0,0
13,1,0,1,0,1,0,0,0,0,3.6069367321753214,-1,-999,0,2,0,36,0,0,0,0
14,31,0,0,0,1,0,0,1,1,4.262093804305107,-1,-999,0,0,0,0,0,0,0,1
14,1,0,1,0,1,0,0,0,0,3.7622673906514943,-1,-999,0,0,0,61,0,0,0,0
19,1,0,1,0,1,0,0,0,0,3.838804369244613,-1,-999,1,14,0,64,0,0,0,0
18,1,0,1,0,1,0,0,0,0,3.8561962982193796,-1,-999,0,0,0,0,0,0,0,0
17,11,0,0,0,1,0,0,0,0,3.9900172174899033,-1,-999,0,0,0,0,1,0,0,1
18,10,0,1,0,1,0,0,0,0,4.2527152789797045,-1,-999,0,0,0,0,0,0,0,0
15,140,0,0,0,0,1,0,0,45,4.868573182927075,-1,-999,0,0,0,0,0,0,0,1
11,158,0,0,0,0,2,0,0,33,5.358158827544885,-1,-999,0,0,0,0,0,0,0,1
12,36,0,1,0,1,0,0,0,2,4.328890859209904,-1,-999,0,0,0,0,0,0,0,0
27,1,0,0,0,1,0,0,0,0,4.264578373902384,-1,-999,0,3,1,6,0,0,0,0
32,1,0,0,0,1,0,0,1,0,4.115311532225102,-1,-999,0,0,1,1,0,0,0,1
16,19,0,1,0,1,0,0,0,0,4.254023546409849,-1,-999,0,4,0,5,0,0,0,0
19,39,0,0,0,1,0,0,0,12,4.682466521800749,-1,-999,0,0,0,0,0,0,0,0
11,24,0,0,0,1,0,0,0,0,3.9104404952185816,-1,-999,0,0,0,19,0,0,0,0
30,47,0,0,0,1,0,0,0,8,4.563007792301505,-1,-999,0,0,0,18,0,0,1,0
22,1,0,0,0,1,0,0,0,0,3.923231428797621,-1,-999,0,11,0,8,0,0,0,0
28,1,0,1,0,1,0,0,0,0,4.080414513985238,-1,-999,0,15,0,28,0,0,0,0
26,0,0,0,0,1,0,0,0,4,3.942438726128142,-1,-999,0,2,0,4,1,0,0,1
17,53,0,0,0,0,0,0,0,0,4.1648604841651515,-1,-999,0,7,0,196,0,0,0,0
23,1,0,0,0,1,0,0,1,0,3.925992988421481,-1,-999,0,0,0,0,0,0,0,0
15,27,0,0,0,1,0,0,0,1,4.229519987361591,-1,-999,0,7,0,16,0,0,0,0
23,31,0,0,0,1,0,0,0,0,4.260025813001658,-1,-999,0,0,0,0,0,0,0,1
33,1,0,1,0,2,0,0,0,0,4.139241458895649,-1,-999,0,0,0,0,0,0,0,1
27,0,0,0,0,2,0,0,0,0,4.057476076289932,-1,-999,0,0,0,0,0,0,0,1
16,107,0,1,0,1,0,0,0,8,5.426039999179604,-1,-999,0,0,0,13,0,0,0,1
24,52,0,0,0,1,0,0,0,4,4.34860475742248,-1,-999,0,2,0,8,0,0,0,0
20,30,0,0,0,1,1,0,0,0,4.137360138478878,-1,-999,0,0,0,0,0,0,0,1
29,1,0,1,0,1,0,0,0,0,3.915580395467515,-1,-999,0,0,0,28,0,0,0,0
14,57,0,1,0,1,0,0,0,4,4.733694969562842,-1,-999,0,2,0,15,0,0,0,0
7,79,0,0,0,0,1,0,0,2,5.163438256246698,-1,-999,0,50,2,41,0,0,1,1
19,30,0,1,0,1,0,0,0,0,4.181782401209396,-1,-999,0,0,0,0,0,0,0,1
11,37,0,0,0,1,1,0,0,0,4.1859305142182155,-1,-999,0,0,0,0,0,0,0,0
20,0,0,0,0,0,0,0,0,0,3.6158175946759328,-1,-999,0,7,5,23,0,0,0,0
11,9,0,1,0,0,0,0,0,0,3.740415529881632,-1,-999,0,1,0,9,0,0,1,0
25,1,0,0,0,1,0,0,0,0,3.8966879684212654,-1,-999,0,6,10,24,0,0,1,0
12,12,0,0,0,0,0,0,0,0,3.9048632454520105,-1,-999,0,0,0,0,0,0,0,1
14,1,0,0,0,1,0,0,0,0,3.4474015047059154,-1,-999,0,1,0,17,0,0,0,0
11,31,0,1,0,1,0,0,0,0,4.145979129983103,-1,-999,0,1,0,23,0,0,1,0
19,19,0,0,0,1,0,0,0,0,3.9689792071523238,-1,-999,0,0,0,0,0,0,0,1
14,34,0,0,0,1,0,0,0,0,4.38328965916864,-1,-999,0,2,0,101,0,0,0,0
16,22,0,0,0,0,0,0,0,5,4.353127057360823,-1,-999,0,0,0,0,0,0,0,1
14,1,0,1,0,1,0,0,0,0,3.8820451081368623,-1,-999,0,0,0,0,0,0,0,1
22,64,0,0,0,0,0,0,1,28,4.808974709409903,-1,-999,0,15,0,12,0,0,0,1
6,95,0,1,0,0,0,0,0,16,4.944241270757764,-1,-999,0,0,0,7,0,0,0,1
16,49,0,0,0,1,0,0,0,9,4.607279525519326,-1,-999,0,3,1,17,0,0,0,1
26,14,0,0,0,1,1,0,1,0,4.155682341850947,-1,-999,0,0,0,0,0,0,0,1
40,1,0,1,0,1,0,0,0,0,3.608981784166353,-1,-999,0,0,0,1,0,0,0,1
16,30,0,1,0,1,0,0,0,0,4.1555443914856856,-1,-999,0,4,0,5,0,0,0,0
15,12,0,1,0,1,0,0,0,3,3.968449003142376,-1,-999,0,0,0,0,0,0,0,1
36,0,0,0,0,3,0,0,0,0,4.021465406874966,-1,-999,0,0,0,0,0,0,0,1
10,12,0,0,0,0,0,0,0,0,3.6335059949783672,-1,-999,0,0,0,0,0,0,0,1
16,6,0,0,0,0,0,0,0,0,4.0472990984266435,-1,-999,0,0,0,0,0,0,0,1
17,6,0,1,0,1,0,0,0,0,4.082597923010944,-1,-999,0,1,0,57,0,0,0,0
50,68,0,1,0,3,2,0,1,26,4.803722527119276,-1,-999,0,0,0,0,0,0,0,1
16,1,0,0,0,1,0,0,0,0,3.6572682296173893,-1,-999,0,0,0,5,0,0,0,0
19,4,0,0,0,0,0,0,1,0,3.948394345536403,-1,-999,0,0,0,1,0,0,0,1
17,38,0,0,0,1,0,0,0,6,4.4473708587326515,-1,-999,0,2,0,7,0,0,1,0
24,16,0,0,0,0,0,0,0,0,4.035778681778613,-1,-999,0,12,0,37,0,0,0,0
21,1,0,0,0,1,0,0,0,5,4.090234012145144,-1,-999,0,0,0,1,0,0,0,1
14,1,0,0,0,1,0,0,0,0,3.6635327548042547,-1,-999,0,0,0,0,0,0,0,0
18,40,0,0,0,1,0,0,0,0,4.32013392204239,-1,-999,0,0,0,0,0,0,0,0
50,68,0,0,0,3,2,0,1,21,4.8083302261544425,-1,-999,0,0,0,0,0,0,0,1
28,10,0,0,0,3,0,0,0,9,4.385754484978179,-1,-999,0,0,0,0,0,0,0,1
21,1,0,1,0,1,0,0,0,0,4.056564762130955,-1,-999,0,0,0,10,0,0,0,0
26,18,0,0,0,1,0,0,0,0,4.218720136335856,-1,-999,0,4,0,10,0,0,0,0
13,1,0,1,0,1,0,0,0,0,3.4474015047059154,-1,-999,0,0,0,17,0,0,0,0
14,1,0,1,0,1,0,0,0,0,3.642489673166126,-1,-999,0,0,0,0,0,0,0,1
10,30,0,0,0,0,0,0,0,4,4.219928086715924,-1,-999,0,0,0,1,0,0,0,0
20,9,0,0,0,0,0,0,0,0,4.114369445886757,-1,-999,0,0,0,3,0,0,0,1
22,2,0,0,0,1,0,0,0,0,4.030639062229566,-1,-999,1,9,0,1,0,0,0,1
26,61,0,0,0,1,0,0,0,7,4.9286081081493895,-1,-999,0,0,0,0,0,0,0,1
16,1,0,1,0,0,0,0,0,0,3.8634651896016474,-1,-999,0,0,0,0,0,0,0,0
15,37,0,0,0,0,0,0,0,0,4.338246176840422,-1,-999,0,0,0,0,0,0,0,0
19,210,0,1,0,1,3,0,0,37,4.834376030075721,-1,-999,0,0,0,23,1,1,0,1
18,41,0,0,0,1,0,0,0,0,4.248644030039947,-1,-999,0,2,0,6,0,0,0,0
16,20,0,1,0,1,0,0,0,0,4.183546039377806,-1,-999,0,0,7,12,0,0,1,0
10,1,0,0,0,1,0,0,0,0,3.3082708345352603,-1,-999,0,0,0,11,0,0,0,0
18,1,0,1,0,1,0,0,0,0,3.9582291686698783,-1,-999,0,0,0,0,0,0,0,0
18,1,0,1,0,1,0,0,0,0,3.602316558505552,-1,-999,0,70,0,21,0,0,0,0
19,42,0,0,0,0,0,0,0,1,4.188452783204625,-1,-999,0,0,0,0,0,0,0,1
18,1,0,0,0,0,0,0,1,0,3.6133373140453076,-1,-999,0,0,0,0,0,0,0,1
15,19,0,1,0,1,0,0,0,0,4.443365626644182,-1,-999,0,0,1,50,0,0,0,0
30,20,0,0,0,1,0,0,0,0,4.338880970374014,-1,-999,0,3,1,17,0,0,0,1
17,9,0,0,0,0,0,0,0,0,3.957294029027326,-1,-999,0,0,0,0,0,0,0,1
26,27,0,0,0,1,0,0,0,0,4.196137213706949,-1,-999,0,0,0,0,0,0,0,0
30,1,0,0,0,1,0,0,3,1,4.1787382902043575,-1,-999,0,0,0,0,0,0,0,1
16,21,0,1,0,1,0,0,0,0,4.063749485074333,-1,-999,0,4,0,5,0,0,0,0
42,19,0,1,0,3,2,0,0,6,4.357654892278536,-1,-999,0,0,0,0,0,0,0,1
12,40,0,0,0,1,0,0,0,2,4.173998982404643,-1,-999,0,3,0,8,0,0,0,0
12,16,0,1,0,0,0,0,0,0,3.905764584655453,-1,-999,0,0,0,0,0,0,0,0
10,24,0,1,0,0,0,0,0,0,3.7059145317475592,-1,-999,0,0,0,1,0,0,0,1
12,55,0,0,0,0,1,0,0,0,4.045196907271908,-1,-999,0,0,0,0,0,0,0,1
25,17,0,0,0,1,0,0,0,0,4.221226682125537,-1,-999,0,0,0,1,1,0,0,0
40,11,0,0,0,3,1,0,2,3,4.277830296994045,-1,-999,0,0,0,0,0,0,0,1
25,17,0,0,0,1,0,0,1,3,4.613660689688186,-1,-999,0,0,0,11,0,0,1,1
19,1,0,0,0,1,0,0,0,0,3.8841550945958043,-1,-999,0,0,0,0,0,0,0,0
19,1,0,1,0,1,0,0,0,0,4.012188403968661,-1,-999,0,1,2,87,0,0,0,0
30,1,0,0,0,1,0,0,0,0,3.6803582656726155,-1,-999,0,0,0,0,0,0,0,1
37,24,0,0,0,1,1,0,0,0,4.259230856620904,-1,-999,0,0,0,0,0,0,0,1
54,69,0,0,0,4,2,0,1,16,4.782207687300731,-1,-999,0,0,0,0,0,0,0,1
23,1,0,0,0,1,0,0,1,0,4.018081793978686,-1,-999,0,0,0,1,0,0,0,1
11,1,0,0,1,0,0,0,0,8,3.2210972500579573,-1,-999,0,0,0,0,0,0,0,1
7,20,0,0,0,0,0,0,0,1,4.02085512047121,-1,-999,0,0,0,1,0,0,0,0
27,1,0,1,0,1,0,0,0,0,4.141604167868594,-1,-999,0,0,1,24,0,0,0,0
23,2,1,1,0,1,0,0,0,3,3.930609649595924,-1,-999,0,2,0,4,1,0,0,1
23,1,0,0,0,1,0,0,0,0,3.929214455199219,-1,-999,0,0,0,4,0,0,0,0
7,6,0,1,0,0,0,0,0,3,3.880179922675738,-1,-999,0,2,0,13,0,0,0,1
22,9,0,1,0,0,0,0,0,0,4.111698692943855,-1,-999,0,0,0,0,0,0,0,1
12,32,0,0,1,0,0,0,0,9,4.843706469295213,-1,-999,0,0,0,0,0,0,0,1
7,32,0,1,0,0,0,0,0,7,4.86810667068848,-1,-999,0,0,0,11,0,0,1,1
42,1,0,0,0,1,0,0,5,4,4.271272380112911,-1,-999,0,0,0,5,0,0,0,1
19,1,0,1,0,1,0,0,0,0,4.110577243331642,-1,-999,0,0,0,16,0,0,0,0
30,7,0,1,0,1,0,0,0,3,4.068761984833947,-1,-999,0,0,0,0,0,0,0,1
15,63,0,0,0,0,0,1,0,2,4.526077512292084,-1,-999,0,0,0,0,0,0,0,1
11,0,0,0,0,0,0,0,0,0,3.683542362433231,-1,-999,0,3,0,1,0,0,0,0
50,67,0,1,0,3,2,0,1,28,4.826637143341985,-1,-999,0,0,0,0,0,0,0,1
15,19,0,1,0,1,0,0,0,3,4.487554801757906,-1,-999,0,0,1,50,0,0,0,0
18,9,0,1,0,1,1,0,1,0,4.150292659616669,-1,-999,0,0,0,10,0,0,0,1
46,69,0,1,0,4,2,0,0,24,4.8003294464618085,-1,-999,0,0,0,0,0,0,0,1
11,7,0,0,0,1,0,0,0,0,3.813660689688186,-1,-999,0,0,0,0,0,0,0,1
27,23,0,0,0,1,0,0,0,0,4.076519243314659,-1,-999,0,1,0,23,0,0,0,0
31,0,0,0,0,1,0,0,0,0,3.7904517769895287,-1,-999,0,5,0,21,0,0,0,0
17,1,0,1,0,1,0,0,0,0,3.7671834678914613,-1,-999,0,0,0,0,0,0,0,0
34,4,0,0,0,0,0,0,0,0,4.053429630702996,-1,-999,0,0,0,0,0,0,0,1
14,23,0,0,0,1,0,0,0,7,4.399677289476146,-1,-999,0,3,0,10,0,0,1,0
23,64,0,0,0,1,0,0,0,4,4.393157703517265,-1,-999,0,0,0,0,0,0,0,1
27,1,0,1,0,1,0,0,0,0,3.9993981823473783,-1,-999,0,0,1,63,0,0,1,0
14,1,0,0,0,1,0,0,0,1,3.629219686524097,-1,-999,0,0,0,26,0,0,1,0
17,1,0,1,0,1,0,0,0,0,3.690260390968384,-1,-999,0,16,1,79,0,1,0,0
22,4,0,0,0,0,0,0,0,0,3.9912157102019847,-1,-999,0,0,0,0,0,0,0,1
21,60,0,0,0,1,0,0,0,0,4.35319949001989,-1,-999,0,0,0,0,0,0,0,1
6,10,0,0,0,0,0,0,0,0,3.729446194905256,-1,-999,0,0,0,0,0,0,0,1
25,522,0,1,0,1,2,0,0,198,5.110777178288814,-1,-999,0,0,0,5,0,0,0,0
27,11,0,1,0,3,0,0,0,1,3.9304269013799633,-1,-999,0,0,0,0,0,0,0,1
9,9,0,0,0,0,0,0,1,0,3.5434651896016476,-1,-999,0,2,0,32,0,0,0,1
16,29,0,0,0,1,0,0,0,11,4.549010814661723,-1,-999,0,0,0,0,0,0,0,1
22,21,0,1,0,1,0,0,0,0,4.3583165182724,-1,-999,0,36,1,36,0,0,0,0
26,0,0,0,0,1,0,0,0,0,3.945464952495108,-1,-999,0,0,4,18,0,0,0,0
14,1,0,1,0,1,0,0,0,0,3.588354347173233,-1,-999,0,0,0,3,0,0,0,0
18,56,0,1,0,1,0,0,0,4,4.398659437751125,-1,-999,0,2,1,39,0,0,1,0
22,1,0,1,0,1,0,0,1,0,3.937751955408587,-1,-999,0,0,0,9,0,0,1,0
15,0,0,0,0,0,0,0,0,0,3.572623663895164,-1,-999,0,0,1,25,0,0,0,0
10,30,0,0,0,0,0,0,1,19,4.408327086125994,-1,-999,0,0,0,0,0,0,0,1
18,1,0,0,0,1,1,0,0,0,3.7962176025900565,-1,-999,0,12,0,2,0,0,0,0
12,1,0,0,0,1,0,0,1,0,3.3464393446710154,-1,-999,0,0,0,0,0,0,0,0
17,7,0,0,0,0,0,0,1,0,4.082597923010944,-1,-999,0,0,0,0,0,0,0,1
18,1,0,1,0,1,0,0,0,0,3.782122224145305,-1,-999,0,0,1,19,0,0,0,0
13,24,0,1,0,1,1,0,0,0,4.174426151548691,-1,-999,0,23,0,30,0,0,0,1
14,6,0,1,0,1,0,0,0,3,4.32316116739216,-1,-999,0,0,0,20,0,0,0,0
28,9,0,0,0,1,0,0,0,0,4.126950016748872,-1,-999,0,2,0,26,0,0,0,0
17,80,0,0,0,0,0,1,0,0,4.5330740951990816,-1,-999,0,0,0,0,0,0,0,1
15,24,0,1,0,0,0,0,0,0,3.8143665124899595,-1,-999,0,0,0,1,1,0,0,0
17,21,0,0,0,1,0,0,0,0,3.861095807768472,-1,-999,0,0,0,0,0,0,0,1
12,1,0,1,0,1,0,0,0,0,3.5225715891363603,-1,-999,1,15,1,23,0,0,0,0
18,17,0,1,0,1,0,0,0,0,4.373648947936903,-1,-999,0,0,0,1,0,0,1,0
14,71,0,1,0,1,0,0,0,6,4.398691298250991,-1,-999,0,2,1,7,0,0,1,0
17,9,0,1,0,0,0,0,0,0,3.8954238702803154,-1,-999,0,0,0,0,0,0,0,1
36,29,0,1,0,1,0,0,0,0,3.989242929408298,-1,-999,0,22,2,39,0,0,1,0
20,7,0,0,0,1,0,0,0,0,3.8221819586428727,-1,-999,0,0,0,0,0,0,0,1
24,45,0,1,0,2,0,1,0,16,4.668304440005379,-1,-999,0,0,0,23,1,1,0,1
24,1,0,0,0,1,0,0,0,0,4.077819531114783,-1,-999,0,2,0,14,0,0,0,0
24,14,0,0,0,1,0,0,0,0,4.305540252212916,-1,-999,0,0,0,0,0,0,0,1
30,1,0,0,0,1,0,0,0,0,3.9579393553211153,-1,-999,0,1,0,11,0,0,0,0
10,15,0,0,0,0,0,0,0,0,4.140319531114783,-1,-999,0,0,0,0,0,0,0,1
34,1,0,0,0,1,0,0,2,1,4.0799503875701,-1,-999,0,0,0,0,0,0,0,1
23,10,0,0,0,1,1,0,1,3,4.168453957701922,-1,-999,0,0,0,0,0,0,0,1
20,44,0,0,0,1,0,0,0,3,4.257201749228001,-1,-999,0,16,1,22,0,0,0,0
20,1,0,1,0,1,0,0,0,0,3.6764409086968683,-1,-999,0,1,1,6,0,0,0,0
20,75,0,0,0,0,0,0,0,2,4.363571785212347,-1,-999,0,0,0,0,0,0,0,1
17,38,0,0,0,1,0,0,0,21,4.784368487596862,-1,-999,0,49,0,15,0,0,0,0
20,20,0,1,0,1,0,0,0,0,3.9754128972590443,-1,-999,0,0,0,1,1,0,0,0
19,48,0,0,0,0,0,0,0,0,4.058795306465273,-1,-999,0,0,0,0,0,0,0,1
10,1,0,1,0,1,0,0,0,0,3.4316235658474312,-1,-999,1,13,0,4,0,0,0,0
32,1,0,0,0,1,0,0,0,0,4.177567157116929,-1,-999,0,0,0,0,0,0,0,0
20,18,0,1,0,1,0,0,0,0,3.953152587415111,-1,-999,0,0,0,1,1,0,0,0
33,10,0,0,0,3,0,0,0,0,4.044889451733241,-1,-999,0,0,0,0,0,0,0,1
21,0,0,0,0,1,0,0,0,0,3.9232517969803373,-1,-999,0,2,0,4,1,0,0,1
32,34,0,1,0,1,2,0,1,13,4.753391122901188,-1,-999,0,0,0,0,0,0,0,1
36,10,0,1,0,3,0,0,2,6,4.403151975132155,-1,-999,0,0,0,0,0,0,0,1
31,10,0,0,0,1,1,0,0,3,4.224874739988984,-1,-999,0,0,0,0,0,0,0,1
38,27,0,0,0,3,0,1,2,6,4.635154258886508,-1,-999,0,0,0,0,0,0,0,1
17,95,0,0,0,0,0,1,0,0,4.451269897163164,-1,-999,0,0,0,0,0,0,0,1
47,29,0,0,0,1,0,0,0,0,4.23889214283912,-1,-999,0,0,0,0,0,0,0,1
22,1,0,1,0,1,0,0,1,0,4.422000516883153,-1,-999,0,0,13,13,0,0,0,0
28,0,0,0,0,1,0,0,0,0,4.000432302535626,-1,-999,0,2,0,4,1,0,0,1
38,21,0,0,0,3,0,0,2,0,4.15407471306743,-1,-999,0,0,0,0,0,0,0,1
17,0,0,0,0,0,0,0,0,0,3.8239348962840563,-1,-999,0,0,0,0,0,0,0,0
15,93,0,1,0,0,0,0,0,6,4.407793308876763,-1,-999,0,0,0,1,1,0,0,0
19,44,0,1,0,0,0,0,0,0,4.235573487914059,-1,-999,0,0,1,14,0,0,1,0
10,0,0,0,0,0,0,0,0,0,3.7345216647797517,-1,-999,0,3,0,25,1,0,0,0
27,103,0,1,0,1,0,0,1,10,5.3896253360104645,-1,-999,0,0,0,0,0,0,0,1
28,67,0,1,0,1,0,0,1,3,5.411850598253161,-1,-999,0,0,0,0,0,0,0,1
31,1,0,1,0,1,0,0,0,4,4.177567157116929,-1,-999,0,0,0,1,0,0,0,1
22,20,0,0,0,1,0,0,0,0,4.311152640422816,-1,-999,0,1,1,21,0,0,0,0
13,4,0,1,0,0,0,0,0,0,3.653660689688186,-1,-999,0,4,0,4,0,0,0,0
25,17,0,1,0,1,0,0,0,0,4.2961746300696415,-1,-999,0,0,0,0,0,0,0,1
15,24,0,0,0,0,0,0,1,2,4.012131794419394,-1,-999,0,0,0,3,0,0,0,1
32,31,0,0,0,1,0,0,0,3,4.216234402684467,-1,-999,0,0,0,0,0,0,0,1
41,0,0,0,0,3,0,0,0,0,4.1394608760283615,-1,-999,0,0,0,0,0,0,0,1
41,11,0,1,0,3,0,0,2,7,4.52156700429579,-1,-999,0,0,0,0,0,0,0,1
28,19,0,1,0,1,0,0,1,0,4.267570968684999,-1,-999,0,0,1,0,0,0,0,0
17,1,0,1,0,1,0,0,0,0,3.7192945256669794,-1,-999,0,6,0,71,0,0,0,0
15,14,0,0,0,0,0,0,0,0,4.218128820706467,-1,-999,1,11,1,23,0,0,0,0
27,1,0,0,0,1,0,0,0,0,4.057575159678483,-1,-999,0,0,0,13,0,0,0,0
21,4,0,1,0,1,0,0,0,0,3.8997141947882312,-1,-999,0,0,0,96,0,0,0,1
19,24,0,1,0,0,0,0,0,7,4.459203714894492,-1,-999,0,0,0,1,1,0,0,0
16,0,0,0,0,1,0,0,0,0,3.7622673906514943,-1,-999,1,16,1,34,0,0,1,0
44,1,0,1,0,3,0,0,3,9,4.329072049140225,-1,-999,0,0,0,0,0,0,0,1
24,51,0,0,0,0,1,0,1,18,4.679931425927374,-1,-999,0,0,0,0,0,0,0,1
19,34,0,0,0,1,0,0,0,0,4.229085753935212,-1,-999,0,0,0,1,0,0,0,0
18,1,0,0,0,0,1,0,1,0,3.8150724101159432,-1,-999,0,0,0,0,0,0,0,1
20,13,0,0,0,1,0,0,0,4,4.246439344671016,-1,-999,0,1,0,46,0,0,0,0
17,0,0,1,0,1,0,0,0,0,3.813660689688186,-1,-999,0,0,0,2,1,0,0,0
21,0,0,0,0,1,0,0,0,0,4.137537511266052,-1,-999,0,0,0,6,0,0,0,1
25,1,0,0,0,1,0,0,0,0,4.066677073707229,-1,-999,0,0,0,0,0,0,0,1
10,21,0,0,0,0,0,0,0,5,4.109138039864114,-1,-999,0,0,1,36,0,0,0,0
21,26,0,0,0,1,0,0,1,0,4.508883566697834,-1,-999,0,0,0,0,0,0,0,0
16,24,0,0,0,0,1,0,0,0,4.20599144773606,-1,-999,0,0,0,0,0,0,0,1
17,51,0,1,0,0,1,0,0,5,4.840936541450475,-1,-999,0,0,0,23,0,0,1,1
13,1,0,1,0,1,0,0,0,0,3.6635327548042547,-1,-999,0,1,0,24,0,0,1,0
26,10,0,0,0,1,0,0,0,0,3.7395362660281255,-1,-999,0,0,0,0,0,0,0,1
24,11,0,0,0,3,0,0,0,2,4.061976875613826,-1,-999,0,0,0,0,0,0,0,1
9,56,0,0,0,0,0,0,0,0,4.177355251684975,-1,-999,0,0,0,0,0,0,0,1
31,7,0,1,0,3,0,0,0,10,4.354552444952288,-1,-999,0,0,0,0,0,0,0,1
16,65,0,0,0,1,0,0,0,22,4.717677148214742,-1,-999,0,0,0,0,0,0,0,1
25,1,0,0,0,1,0,0,0,0,3.945464952495108,-1,-999,0,2,0,24,0,0,0,0
21,1,0,0,0,1,0,0,0,0,3.9093680639438846,-1,-999,0,0,0,0,0,0,0,0
18,18,0,1,0,1,1,0,0,0,4.308768198567054,-1,-999,0,12,1,18,0,0,0,0
17,15,0,1,0,0,0,0,0,0,4.106198332810095,-1,-999,0,0,0,0,0,0,0,1
23,1,0,1,0,1,0,0,0,0,3.827819531114783,-1,-999,0,8,2,52,0,0,0,0
14,1,0,1,0,1,0,0,0,0,3.729446194905256,-1,-999,0,0,0,0,0,0,0,0
10,0,0,0,0,0,0,0,0,0,3.337175341123077,-1,-999,0,0,4,1,0,0,0,0
16,1,0,0,0,1,0,0,0,0,3.4906015629507228,-1,-999,0,0,0,0,0,0,0,0
16,392,0,0,0,1,0,0,0,51,5.49405351607532,-1,-999,0,0,0,0,0,0,0,1
37,138,0,1,0,1,0,0,2,39,4.714626081758796,-1,-999,0,0,0,0,0,0,0,1
25,3,0,1,0,3,0,0,0,0,3.6943856825877637,-1,-999,0,0,0,0,0,0,0,1
14,20,0,0,0,1,0,0,0,4,4.220254675762214,-1,-999,0,3,0,14,0,0,1,0
22,25,0,0,0,1,0,0,0,0,4.144371077890727,-1,-999,0,2,0,23,0,0,0,1
10,0,0,0,0,0,0,0,1,0,3.499227547132693,-1,-999,0,0,0,0,0,0,0,0
12,38,0,0,0,1,0,0,0,0,3.9211726999414425,-1,-999,0,0,0,19,0,0,0,0
18,1,0,1,0,1,0,0,0,0,3.8841550945958043,-1,-999,0,0,0,0,0,0,0,0
16,16,0,1,0,1,0,0,0,0,4.0964393446710154,-1,-999,0,4,0,5,0,0,0,0
18,57,0,1,0,1,0,0,0,0,4.338028365150461,-1,-999,0,0,0,31,0,0,0,0
11,1,0,1,0,0,0,0,0,0,3.746439344671016,-1,-999,0,4,1,48,0,0,0,0
16,52,0,1,0,1,0,0,0,0,4.423134053819876,-1,-999,0,4,0,4,0,0,0,0
16,38,0,0,0,1,0,0,0,0,4.136607265493639,-1,-999,0,3,0,9,0,0,0,0
27,40,0,0,0,1,0,0,0,0,4.2956302718075765,-1,-999,0,0,0,0,0,0,0,0
12,0,0,0,0,0,0,0,0,0,3.4713544870139295,-1,-999,0,0,1,2,0,1,0,0
18,1,0,0,0,1,1,0,0,0,3.4304570255005586,-1,-999,1,8,0,3,0,0,1,1
29,43,0,1,0,1,0,0,0,20,4.696762239033052,-1,-999,0,0,0,0,0,0,0,1
11,14,0,1,0,0,0,0,0,0,4.0895524525606675,-1,-999,0,0,0,1,1,0,0,1
20,1,0,1,0,1,0,0,0,0,3.745406425938248,-1,-999,0,2,1,29,0,0,1,0
18,1,0,0,0,1,0,0,1,0,3.6423714487439023,-1,-999,0,0,0,20,0,0,0,0
25,1,0,1,0,1,0,0,2,0,3.9620315910594455,-1,-999,0,10,1,81,0,0,1,0
15,41,0,1,0,0,0,0,0,2,4.247217726488666,-1,-999,0,3,0,7,0,0,0,0
15,40,0,1,0,1,0,0,0,0,4.2476309249169315,-1,-999,0,0,0,1,1,0,0,0
22,22,0,0,0,0,1,0,0,0,4.161924117664489,-1,-999,0,0,0,0,0,0,0,1
14,68,0,0,0,1,1,0,0,0,4.504632232401173,-1,-999,0,0,0,0,0,0,0,1
31,109,0,1,0,0,0,0,1,16,4.6761748616018295,-1,-999,0,0,0,0,0,0,0,1
10,0,0,0,0,0,0,0,0,0,3.1462863706621045,-1,-999,1,7,0,14,0,0,0,0
16,58,0,1,0,1,0,0,0,2,4.98467689621129,-1,-999,0,0,0,26,0,0,1,1
27,9,0,1,0,1,0,0,0,0,3.9934431308187084,-1,-999,1,21,0,20,0,0,0,1
17,23,0,0,0,1,1,0,0,0,4.147376820030454,-1,-999,0,0,0,17,0,0,0,1
18,13,0,0,0,0,0,0,3,2,4.0304363948517326,-1,-999,0,0,0,0,0,0,0,1
15,1,0,0,0,1,0,0,0,0,3.588354347173233,-1,-999,0,1,0,8,0,0,0,0
24,1,0,0,0,3,0,0,0,3,3.792837797403416,-1,-999,0,0,0,0,0,0,0,1
20,1,0,1,0,1,0,0,0,0,3.9523029776623857,-1,-999,0,0,0,11,0,0,0,0
10,10,0,0,0,0,0,0,0,0,4.032303242743953,-1,-999,0,0,0,15,0,0,0,1
25,1,0,1,0,3,0,1,0,3,4.4023643523184885,-1,-999,0,0,0,0,0,0,0,1
24,1,0,0,0,1,0,0,0,0,3.8042292966721747,-1,-999,0,8,0,4,0,0,0,0
19,25,0,0,0,1,0,0,0,0,4.061857391237817,-1,-999,0,0,0,0,0,0,0,1
16,1,0,0,0,1,0,0,0,4,4.053508854797679,-1,-999,0,0,0,0,0,0,0,1
15,19,0,1,0,1,0,0,0,4,4.711034812791319,-1,-999,0,0,1,50,0,0,0,0
19,0,0,1,0,1,0,0,0,0,3.838039816898155,-1,-999,0,0,0,0,0,0,0,0
16,119,0,0,0,1,0,0,0,8,4.507854780193615,-1,-999,0,6,0,26,0,0,0,0
8,7,0,0,0,0,0,0,0,0,3.8453509366224363,-1,-999,0,0,0,4,0,0,1,1
19,47,0,0,0,2,0,0,0,1,4.2866334217993485,-1,-999,0,2,0,14,0,0,0,0
38,1,0,0,0,1,0,0,0,3,4.075101293381128,-1,-999,0,0,0,0,0,0,0,1
25,9,0,0,0,1,1,0,0,0,4.07391321234758,-1,-999,0,0,0,1,1,0,0,0
25,38,0,0,0,0,1,0,0,0,4.359421368203099,-1,-999,0,0,0,1,0,0,0,1
22,22,0,1,0,1,0,0,0,0,4.089889603490046,-1,-999,0,0,1,46,0,0,0,0
29,10,0,0,0,2,1,0,0,2,4.102168956377575,-1,-999,0,0,0,0,0,0,0,1
17,21,0,0,0,0,0,0,0,0,4.2166513633240275,-1,-999,0,12,0,52,0,0,0,0
18,1,0,1,0,1,0,0,0,0,3.6800893536948065,-1,-999,0,0,0,8,0,0,0,0
21,75,0,0,0,1,0,0,0,0,4.330619678447487,-1,-999,0,10,0,14,0,0,0,0
18,26,0,0,0,1,0,0,0,0,4.098294460844164,-1,-999,0,13,0,5,0,0,0,0
14,78,0,0,0,0,1,0,0,0,4.473138655623395,-1,-999,0,0,0,1,0,0,0,1
19,1,0,0,0,1,0,0,0,0,3.782122224145305,-1,-999,0,0,0,0,0,0,0,0
13,1,0,0,0,1,0,0,0,0,3.6537567082870015,-1,-999,0,2,1,7,0,0,0,0
16,60,0,1,0,1,0,0,0,6,5.082706748249369,-1,-999,0,0,0,0,0,0,0,1
23,27,0,1,0,1,0,0,0,0,4.113545272890785,-1,-999,0,0,0,0,0,0,0,0
14,66,0,0,0,1,0,0,0,27,4.674386210067489,-1,-999,0,1,0,7,0,0,0,1
17,1,0,0,0,1,0,0,1,4,4.053660689688186,-1,-999,0,0,0,0,0,0,0,1
29,20,0,0,0,1,0,0,2,0,4.359879028736861,-1,-999,0,9,1,15,0,0,0,0
25,21,0,0,0,1,0,0,0,1,4.187378181134057,-1,-999,0,0,0,0,0,0,0,1
22,18,0,1,0,0,0,0,0,0,4.204986855772667,-1,-999,0,0,0,0,0,0,0,1
21,35,0,0,0,0,0,0,0,0,4.309127797630062,-1,-999,0,2,0,13,0,0,0,0
16,31,0,1,0,1,0,0,0,0,4.3171901678341,-1,-999,0,4,0,5,0,0,0,0
24,24,0,0,0,1,0,0,0,5,4.604067815178066,-1,-999,0,0,0,11,0,0,1,1
21,1,0,1,0,1,0,0,0,0,4.031401845392172,-1,-999,1,14,0,48,0,0,0,0
7,32,0,1,0,0,0,0,0,4,4.799061723926,-1,-999,0,0,0,10,0,1,0,1
17,26,0,0,0,0,0,0,0,0,4.16307418942857,-1,-999,0,0,0,0,0,0,0,1
17,29,0,1,0,1,0,0,0,10,5.0092456038951285,-1,-999,0,0,0,11,0,0,0,1
16,23,0,1,0,1,0,0,0,0,4.014086128402998,-1,-999,0,0,0,3,0,0,0,0
15,28,0,1,0,1,0,0,0,0,4.207149735045994,-1,-999,0,0,0,3,0,0,0,0
15,117,0,0,0,1,0,0,0,4,5.193933263817164,-1,-999,0,0,0,0,0,0,0,1
21,1,0,1,0,1,0,0,0,0,3.7898980954642876,-1,-999,0,3,0,21,0,0,0,0
16,24,0,1,0,1,0,0,0,0,3.9902679706381496,-1,-999,0,10,0,35,0,0,1,0
21,1,0,1,0,1,0,0,0,0,3.8062389286533898,-1,-999,0,14,0,10,0,0,0,0
20,41,0,0,0,1,0,0,0,10,4.8795368782000805,-1,-999,0,0,0,0,0,0,0,0
48,1,0,0,0,1,0,0,4,4,4.516914520155989,-1,-999,0,0,0,1,0,0,0,1
46,69,0,1,0,4,2,0,0,20,4.7611101499224935,-1,-999,0,0,0,0,0,0,0,1
13,0,0,0,0,0,0,0,0,0,3.484183719779189,-1,-999,0,0,0,0,0,0,0,0
41,10,0,1,0,3,0,0,2,5,4.551637540667252,-1,-999,0,0,0,0,0,0,0,1
14,0,0,0,0,1,0,0,0,0,3.6897037321995474,-1,-999,0,0,0,0,0,0,0,1
18,36,0,1,0,1,0,0,0,3,4.37105150525105,-1,-999,0,2,2,25,0,0,0,0
31,237,0,0,0,1,1,0,0,100,4.849446182375118,-1,-999,0,0,0,0,0,0,0,1
21,1,0,1,0,0,0,0,0,0,4.0062389286533895,-1,-999,0,1,0,26,0,0,0,0
25,1,0,1,0,1,0,0,1,0,4.175123135113461,-1,-999,0,0,0,0,0,0,0,1
13,12,0,0,0,1,0,0,0,4,4.077819531114783,-1,-999,0,0,0,1,0,0,0,1
19,1,0,0,0,1,0,0,0,0,3.7080481500712312,-1,-999,0,0,0,8,0,0,0,0
11,0,0,0,0,0,0,0,0,1,3.5032583347756456,-1,-999,0,0,0,1,0,0,0,0
6,131,0,1,0,0,0,0,0,27,4.943421313409032,-1,-999,0,0,0,7,0,0,0,1
38,18,0,0,0,3,0,0,2,0,3.9775036187871002,-1,-999,0,0,0,0,0,0,0,1
22,10,0,0,0,1,0,0,0,0,3.996564718695828,-1,-999,1,6,0,20,0,0,0,1
24,14,0,0,0,0,0,0,2,0,4.2837524746274465,-1,-999,0,0,0,0,0,0,0,1
21,1,0,0,0,1,0,0,0,0,3.9093680639438846,-1,-999,0,0,0,9,0,0,0,0
15,86,0,1,0,1,0,0,0,0,4.826687922577723,-1,-999,0,0,0,30,0,0,0,0
21,0,0,0,0,1,0,0,0,2,3.994680368408909,-1,-999,0,1,0,41,0,0,1,0
32,1,0,0,0,1,3,0,2,0,4.256198332810095,-1,-999,0,0,0,0,0,0,0,1
14,48,0,0,0,1,0,0,0,0,4.0347067922763244,-1,-999,0,2,0,0,0,0,0,0
17,14,0,1,0,0,1,0,0,0,3.90657048781565,-1,-999,0,0,0,0,0,0,0,1
17,20,0,1,0,1,0,0,0,1,4.01120441892766,-1,-999,0,0,1,17,0,0,0,0
7,32,0,1,0,0,0,0,0,2,4.884168106904724,-1,-999,0,0,0,10,0,1,0,1
12,1,0,0,0,0,0,0,0,0,3.6464393446710157,-1,-999,0,0,0,0,0,0,0,1
15,32,0,0,0,1,0,0,0,0,4.284811983918021,-1,-999,0,0,0,1,1,0,0,0
14,1,0,0,0,1,0,0,0,0,3.5039975273348483,-1,-999,0,4,4,16,0,1,0,0
22,28,0,0,0,1,0,0,0,0,4.0689367256737885,-1,-999,0,0,0,0,0,0,0,0
26,1,0,0,0,1,0,0,0,0,3.9590943713503317,-1,-999,0,0,0,0,0,0,0,1
16,16,0,0,0,1,0,0,0,0,3.897223616620771,-1,-999,0,0,0,0,0,0,0,1
25,14,0,0,0,3,0,0,0,0,4.004555369515117,-1,-999,0,4,0,10,0,0,0,0
20,22,0,0,0,1,0,0,0,0,4.18870366083098,-1,-999,0,0,0,0,0,0,0,0
14,22,0,0,0,1,0,0,0,6,4.277797824812466,-1,-999,0,3,0,14,0,0,1,0
19,48,0,1,0,1,0,0,0,4,4.683306650519415,-1,-999,0,16,0,59,0,0,0,0
23,105,0,1,0,1,0,0,1,6,5.290637266720949,-1,-999,0,0,0,0,0,0,0,1
13,34,0,0,0,0,0,0,0,0,4.0921013921297495,-1,-999,0,0,0,0,0,0,0,1
17,16,0,0,0,1,0,0,0,0,4.2439427079182686,-1,-999,0,1,1,19,0,0,0,0
13,10,0,1,0,1,0,0,0,0,3.929214455199219,-1,-999,0,0,0,0,0,0,0,1
12,1,0,0,0,0,0,0,0,0,3.746439344671016,-1,-999,0,0,0,0,0,0,0,1
18,24,0,0,0,0,0,0,0,2,4.474417946545265,-1,-999,0,0,0,0,0,0,0,1
12,0,0,0,0,1,0,0,0,0,3.576617644908666,-1,-999,0,0,0,6,0,0,0,0
18,31,0,1,0,1,0,0,0,2,4.2232653481672955,-1,-999,0,15,1,45,0,0,0,0
18,35,0,0,0,1,0,0,0,9,4.421300130445731,-1,-999,0,0,0,1,1,0,0,0
12,0,0,0,0,0,0,0,0,0,3.5110854081804277,-1,-999,0,9,0,29,0,0,1,0
21,23,0,0,0,1,0,0,0,0,4.328713086815009,-1,-999,0,0,0,1,0,0,0,0
16,280,0,1,0,1,1,0,0,90,5.133821768896278,-1,-999,0,0,0,3,0,0,0,1
15,14,0,0,0,0,0,0,0,0,3.9064821276822004,-1,-999,0,0,0,0,0,0,0,1
26,426,0,1,0,1,0,0,0,195,4.497525399286586,-1,-999,0,0,1,1,0,0,0,1
11,1,0,1,0,0,0,0,0,0,3.6464393446710157,-1,-999,0,0,0,0,0,0,0,1
19,1,0,1,0,1,0,0,0,0,3.770942421748537,-1,-999,0,0,0,0,0,0,0,0
18,1,0,0,0,1,0,0,0,0,3.738149333192866,-1,-999,0,0,0,0,0,0,0,1
24,0,0,0,0,1,1,0,0,0,3.8403471164197525,-1,-999,0,0,0,0,0,0,0,1
14,41,0,1,0,0,1,0,0,1,4.22064039174756,-1,-999,0,0,0,0,0,0,0,1
27,1,0,0,0,1,0,0,0,2,4.2290037311070545,-1,-999,0,0,0,0,0,0,0,1
23,27,0,0,0,1,0,0,0,0,4.248613478659511,-1,-999,0,0,0,4,0,0,0,0
11,30,0,0,0,1,1,0,0,1,4.082067386399956,-1,-999,0,0,2,11,0,0,0,0
14,20,0,0,0,0,0,0,0,0,4.006720834246031,-1,-999,0,2,1,17,0,0,1,0
19,47,0,0,0,0,0,0,1,4,4.544085305627721,-1,-999,0,0,0,0,0,0,0,1
23,18,0,0,0,1,0,0,1,0,4.198934896284056,-1,-999,0,0,0,0,0,0,0,1
16,20,0,1,0,1,0,0,0,0,4.189561096343497,-1,-999,0,4,0,5,0,0,0,0
17,29,0,1,0,1,0,0,0,0,4.307869622766846,-1,-999,0,0,0,0,0,0,0,0
14,49,0,0,0,1,0,0,0,0,4.3022785110602415,-1,-999,0,0,1,19,0,0,0,0
26,81,0,0,0,1,0,0,1,33,4.887040838757111,-1,-999,0,15,0,12,0,0,0,1
18,41,0,0,0,1,0,0,0,6,4.437498476202222,-1,-999,0,5,1,48,0,0,0,0
12,24,0,0,0,1,0,0,0,3,4.135940488298283,-1,-999,0,2,1,58,0,0,0,0
30,1,0,0,0,2,0,0,1,0,4.411758105264182,-1,-999,0,0,0,0,0,0,0,1
28,1,0,0,0,2,2,0,0,0,4.155221528859512,-1,-999,0,0,0,0,0,0,0,1
22,53,0,0,0,1,0,0,0,3,4.511242901525414,-1,-999,0,0,0,1,1,0,0,0
11,39,0,0,0,1,0,0,0,0,4.231412601618351,-1,-999,0,0,0,0,0,0,0,1
21,48,0,0,0,1,0,0,0,6,4.38128956787822,-1,-999,0,3,0,14,0,0,0,0
20,80,0,0,0,0,1,0,0,18,4.66666839434147,-1,-999,0,0,0,0,0,0,0,1
13,28,0,0,0,1,0,0,0,5,4.266541406655651,-1,-999,0,0,0,1,1,0,0,0
18,10,0,1,0,1,0,0,0,3,4.273684376262023,-1,-999,0,0,0,7,0,0,0,1
13,53,0,1,0,1,0,0,0,4,4.542233651206048,-1,-999,1,16,0,53,0,0,1,0
16,28,0,1,0,1,0,0,0,4,4.326864295733005,-1,-999,0,8,0,80,0,0,0,0
18,20,0,1,0,1,0,0,0,0,4.137161140604462,-1,-999,0,2,2,23,0,0,0,0
23,38,0,1,0,1,0,0,0,0,4.405291942681477,-1,-999,0,0,0,10,0,0,0,0
16,45,0,1,0,0,0,0,0,6,4.227543210703355,-1,-999,0,0,0,1,1,0,0,1
18,1,0,1,0,1,0,0,0,0,3.838039816898155,-1,-999,0,0,1,15,0,0,0,0
13,0,0,0,0,1,0,0,0,0,3.6219280948873624,-1,-999,0,0,0,0,0,0,0,1
13,66,0,0,0,0,1,0,0,7,4.345056622821498,-1,-999,0,0,2,19,0,0,0,0
19,8,0,0,0,1,0,0,0,1,4.101881223476018,-1,-999,0,0,0,0,0,0,0,1
7,33,0,1,0,0,0,0,0,3,4.985902344426084,-1,-999,0,0,0,10,0,1,0,1
29,1,0,1,0,1,0,0,0,0,4.1287347499440905,-1,-999,0,2,0,7,0,0,0,0
18,17,0,0,0,1,0,0,0,0,4.136248672727249,-1,-999,0,1,1,24,0,0,1,0
18,19,0,0,0,1,0,0,0,0,4.07035399411994,-1,-999,0,1,1,26,0,0,0,0
16,22,0,0,0,1,0,0,0,2,4.174426151548691,-1,-999,0,0,0,0,0,0,0,0
14,75,0,0,0,0,1,0,0,19,4.820814100343123,-1,-999,0,0,0,0,0,0,0,1
18,29,0,0,0,1,0,0,0,4,4.291265975503147,-1,-999,0,0,0,1,1,0,0,0
16,18,0,0,0,1,0,0,0,0,4.0220669435897065,-1,-999,0,0,0,17,0,0,1,1
19,161,0,1,0,1,3,0,0,9,4.916064331742576,-1,-999,0,0,0,23,1,1,0,0
50,69,0,0,0,3,2,0,1,19,4.787391551362213,-1,-999,0,0,0,0,0,0,0,1
22,100,0,1,0,0,0,1,0,50,4.880053012965234,-1,-999,0,0,1,20,0,0,0,1
18,1,0,1,0,1,0,0,0,0,3.8841550945958043,-1,-999,0,0,0,0,0,0,0,0
18,4,0,1,0,1,0,0,0,0,3.8817276788697366,-1,-999,0,0,0,1,1,0,0,0
16,13,0,0,0,0,1,0,0,0,4.0860486123130375,-1,-999,0,0,0,1,0,0,0,1
54,67,0,0,0,4,2,0,1,25,4.887516431170643,-1,-999,0,0,0,0,0,0,0,1
12,0,0,0,0,0,0,0,0,0,3.8268748818646383,-1,-999,0,0,0,0,0,0,0,0
11,114,0,1,0,1,0,0,0,0,4.692312345779362,-1,-999,0,0,0,0,0,0,0,0
42,69,0,0,0,3,2,0,0,21,4.661267051972605,-1,-999,0,0,0,0,0,0,0,1
16,1,0,0,0,1,0,0,0,0,3.542481250360578,-1,-999,0,0,0,4,0,0,0,0
10,27,0,0,0,0,0,0,0,3,4.120934959783182,-1,-999,0,0,0,1,0,0,0,1
23,1,0,1,0,1,0,0,0,0,4.007048827786958,-1,-999,1,6,0,17,0,0,1,0
14,34,0,0,0,1,1,0,0,0,4.353553804197736,-1,-999,0,0,0,5,1,0,0,0
15,33,0,1,0,1,0,0,0,3,4.965936788508252,-1,-999,0,0,1,41,0,0,0,0
17,1,0,1,0,1,0,0,0,0,3.5843031793467124,-1,-999,0,0,1,17,0,0,0,0
31,33,0,0,0,1,0,0,2,0,4.124361855182644,-1,-999,0,0,0,1,0,0,0,0
10,67,0,0,0,0,0,0,0,23,4.86638807153203,-1,-999,0,0,0,0,0,0,0,1
14,21,0,0,0,1,0,0,0,5,4.3297176493718394,-1,-999,0,3,0,14,0,0,1,0
27,59,0,0,0,2,1,0,0,0,4.370548430960165,-1,-999,0,0,0,0,0,0,0,1
16,20,0,1,0,1,0,0,0,0,3.842717347960769,-1,-999,0,0,0,23,1,1,0,1
26,16,0,0,0,0,0,0,0,1,3.959738743507028,-1,-999,0,0,0,0,0,0,0,1
19,1,0,1,0,1,1,0,0,0,3.9407598325400897,-1,-999,0,0,0,0,0,0,0,0
34,82,0,0,0,3,1,0,0,9,5.2499372469617755,-1,-999,0,0,0,0,0,0,0,1
15,24,0,1,0,1,0,0,0,0,4.044084203599106,-1,-999,0,0,1,41,0,0,0,0
19,29,0,0,0,0,1,0,0,0,4.126301966925147,-1,-999,0,2,0,8,0,0,0,0
21,19,0,0,0,1,0,0,0,0,3.9819048737862834,-1,-999,0,1,3,25,0,0,0,0
6,12,0,1,0,0,0,0,0,0,4.103909910282364,-1,-999,0,0,0,0,0,0,0,1
20,32,0,1,0,1,0,0,0,0,4.284253155003665,-1,-999,0,0,0,23,0,0,0,1
32,105,0,1,0,1,0,0,1,8,5.497945900998108,-1,-999,0,0,1,1,0,0,0,1
16,27,0,0,0,0,0,0,0,4,4.048047190938307,-1,-999,0,3,1,17,0,0,0,1
34,1,0,0,0,1,0,0,0,0,4.118275160770976,-1,-999,0,0,2,7,0,0,0,0
22,0,0,0,0,1,0,0,0,2,3.978333581185264,-1,-999,0,0,0,1,0,0,0,1
33,96,0,1,0,1,3,0,0,0,4.644944437027651,-1,-999,0,0,0,0,0,0,0,1
15,33,0,1,0,1,0,0,0,4,4.664959056860513,-1,-999,0,0,1,41,0,0,0,0
16,16,0,0,0,1,0,0,0,2,3.9485056679028223,-1,-999,0,0,0,11,0,0,0,0
26,29,0,1,0,1,0,1,0,0,4.220506696105124,-1,-999,0,0,0,7,0,0,0,1
16,45,0,0,0,0,1,0,0,25,4.488270659129691,-1,-999,0,0,0,0,0,0,0,1
13,60,0,0,1,0,0,0,0,46,4.443742552530725,-1,-999,0,0,0,0,0,0,0,1
24,1,0,1,0,1,0,0,0,0,4.12728313431329,-1,-999,0,0,0,7,0,0,0,0
11,64,0,1,0,0,1,0,0,1,4.285688794632935,-1,-999,1,20,4,56,0,0,0,0
16,18,0,1,0,1,0,0,0,0,4.195539744052798,-1,-999,0,3,0,15,0,0,1,0
11,46,0,0,0,1,0,0,0,2,4.286488235582062,-1,-999,0,9,1,21,0,0,0,0
15,22,0,1,0,1,0,0,0,0,4.3390908078646255,-1,-999,0,0,1,41,0,0,0,0
33,1,0,1,0,1,0,0,0,0,4.121267946939375,-1,-999,0,0,0,4,0,0,0,1
14,19,0,0,0,1,0,0,0,0,4.165311532225102,-1,-999,0,1,0,11,0,0,0,0
27,19,0,1,0,1,0,0,0,0,4.0206515671311625,-1,-999,0,1,0,29,0,1,0,1
19,1,0,0,0,1,0,0,0,0,3.7080481500712312,-1,-999,0,0,0,0,0,0,0,0
21,23,0,0,0,1,0,0,0,0,4.349210764415338,-1,-999,0,2,0,13,0,0,0,1
16,24,0,1,0,1,0,0,0,0,4.1373803454010725,-1,-999,0,0,0,23,1,1,0,1
15,87,0,0,0,1,0,0,0,11,4.576798968879437,-1,-999,0,7,0,36,0,0,0,0
20,25,0,0,0,1,1,0,0,0,4.250745910732359,-1,-999,0,0,0,0,0,0,0,1
13,53,0,1,0,1,2,0,0,0,4.427188886584733,-1,-999,0,24,0,48,0,0,0,1
17,66,0,0,0,1,0,0,1,13,4.759481951904842,-1,-999,0,0,0,0,0,0,0,0
18,1,0,1,0,1,0,0,0,0,3.8100810205217304,-1,-999,0,0,1,13,0,0,0,0
15,1,0,1,0,1,0,0,0,0,3.8239348962840563,-1,-999,0,0,0,2,0,0,0,0
16,1,0,1,0,1,0,0,0,0,3.8332696895151086,-1,-999,0,0,0,0,0,0,0,0
20,1,0,0,0,0,0,0,1,0,3.6820058147602137,-1,-999,0,0,0,0,0,0,0,1
50,68,0,1,0,3,2,0,1,18,4.819243149603373,-1,-999,0,0,0,0,0,0,0,1
23,14,0,0,0,1,0,0,0,0,3.988316710610012,-1,-999,0,0,0,0,0,0,0,1
25,1,0,1,0,1,0,0,0,2,4.02085512047121,-1,-999,0,3,0,2,1,0,0,1
16,4,0,1,0,1,0,0,0,0,3.8248629576173565,-1,-999,0,16,0,63,0,0,0,0
19,38,0,0,0,0,0,0,0,5,4.364918704467279,-1,-999,0,0,0,0,0,0,0,1
17,40,0,1,0,1,0,0,0,0,4.262311997737562,-1,-999,0,0,2,38,0,0,1,0
11,1,0,1,0,1,0,0,0,0,3.065957320949175,-1,-999,0,3,1,56,0,0,0,0
13,77,0,1,0,1,0,0,0,0,4.341474198745708,-1,-999,0,0,0,1,1,0,0,0
14,41,0,1,0,1,0,0,0,2,4.500524964140276,-1,-999,0,2,3,48,0,0,1,0
27,0,0,1,0,1,0,0,0,4,4.193429088311724,-1,-999,0,0,0,1,0,0,0,1
13,117,0,0,0,1,0,0,0,44,4.81977339085631,-1,-999,0,0,0,49,0,0,0,1
14,1,0,1,0,1,0,0,0,3,3.8164027166443866,-1,-999,0,6,1,8,0,0,0,0
37,1,0,0,0,4,0,0,0,3,4.233426641149882,-1,-999,0,0,0,0,0,0,0,1
19,109,0,0,0,1,0,0,0,0,4.241521206659104,-1,-999,0,0,0,0,0,0,0,0
19,44,0,0,0,0,3,0,0,0,4.072779488684946,-1,-999,0,27,0,103,0,0,0,1
14,71,0,0,0,1,0,0,0,25,4.751892897573128,-1,-999,0,0,0,0,0,0,0,0
18,33,0,1,0,1,0,0,0,5,4.448687813190184,-1,-999,0,15,1,45,0,0,0,0
6,16,0,0,0,0,0,0,0,12,4.0062389286533895,-1,-999,0,0,0,0,0,0,0,1
30,11,0,1,0,1,0,0,0,0,4.236632549516628,-1,-999,0,0,2,50,0,0,1,1
21,0,0,1,0,1,0,0,0,0,3.879893823520666,-1,-999,0,0,1,5,0,0,0,0
28,24,0,0,0,3,0,0,0,9,4.469353591984652,-1,-999,0,0,0,0,0,0,0,1
14,19,0,0,0,1,0,0,0,0,4.037326145256008,-1,-999,0,0,0,3,0,0,1,1
24,18,0,0,0,1,0,0,0,0,3.9766555072480574,-1,-999,0,0,0,0,0,0,0,1
25,85,0,1,0,1,0,0,1,11,5.309018313893113,-1,-999,0,5,0,34,0,0,0,1
30,80,0,0,0,2,0,0,1,12,4.896721781012445,-1,-999,0,0,0,0,0,0,0,0
11,30,0,0,0,1,0,0,0,2,4.321854365656767,-1,-999,0,0,1,8,0,0,0,0
26,34,0,0,0,1,0,0,1,21,4.990878742438254,-1,-999,0,0,0,0,0,0,0,1
23,72,0,0,0,1,0,0,1,25,4.7449699508705585,-1,-999,0,0,0,0,0,0,0,1
37,4,0,1,0,1,1,0,2,1,4.361076880026372,-1,-999,0,0,0,1,0,0,0,1
32,1,0,0,0,1,0,0,0,0,4.146439344671016,-1,-999,0,0,1,1,0,0,0,1
15,1,0,1,0,0,0,0,0,0,3.9387218755408675,-1,-999,0,0,0,0,0,0,0,0
16,23,0,1,0,1,0,0,0,0,4.125625884470613,-1,-999,0,4,0,5,0,0,0,0
16,4,0,0,0,1,0,0,0,0,3.912113890972229,-1,-999,0,3,1,17,0,0,0,1
25,21,0,0,0,1,0,0,0,0,4.3148288887220465,-1,-999,0,0,0,0,0,0,0,0
19,33,0,0,0,1,0,0,0,4,4.522662863641036,-1,-999,0,0,0,0,0,0,0,0
27,47,0,0,0,1,0,0,0,15,4.747972776196167,-1,-999,0,0,0,0,0,0,0,1
21,29,0,0,0,1,0,1,0,2,4.494298513579282,-1,-999,0,0,0,0,0,0,0,1
22,1,0,0,0,1,0,0,0,0,3.8817276788697366,-1,-999,0,5,0,23,0,1,0,0
16,13,0,0,0,1,0,0,0,0,4.0724312513221195,-1,-999,0,0,0,1,1,0,0,0
13,58,0,1,0,1,1,0,0,13,4.864386108210765,-1,-999,0,0,0,0,0,0,0,1
19,208,0,0,0,0,2,0,0,52,5.01680830931417,-1,-999,0,0,0,0,0,0,0,1
12,60,0,0,0,1,1,0,0,5,4.481597165701879,-1,-999,0,0,0,0,0,0,0,1
35,10,0,0,0,1,1,0,0,0,4.21228437227082,-1,-999,0,0,0,0,0,0,0,1
12,24,0,0,0,1,0,0,0,2,4.135940488298283,-1,-999,0,0,0,0,0,0,0,0
17,12,0,1,0,0,0,0,0,0,3.9563580149100233,-1,-999,0,4,0,4,0,0,0,0
6,7,0,1,0,0,0,0,0,0,3.844232898763192,-1,-999,0,0,0,0,0,0,1,1
18,28,0,0,0,1,0,0,0,5,4.278061465832831,-1,-999,0,2,2,14,0,0,0,0
12,60,0,1,0,1,0,0,0,0,4.471039033895928,-1,-999,0,0,0,7,0,0,0,0
10,15,0,1,0,0,0,0,0,0,3.8589572866686432,-1,-999,0,0,0,0,0,0,0,1
26,1,0,0,0,1,0,0,0,0,3.833663121159437,-1,-999,0,0,0,18,0,0,0,0
22,32,0,0,0,1,0,0,0,0,4.5711542787440615,-1,-999,0,0,0,1,0,0,0,1
12,224,0,0,0,0,1,0,0,26,4.330812668000051,-1,-999,0,0,0,0,0,0,0,1
22,52,0,0,0,1,0,0,0,1,4.334271850216822,-1,-999,0,0,0,0,0,0,0,0
29,1,0,0,0,1,0,0,0,0,4.000559961488395,-1,-999,0,0,0,6,0,0,0,1
20,25,0,0,0,1,0,0,0,0,4.058934978981645,-1,-999,0,0,0,4,0,0,0,0
29,20,0,0,0,1,0,0,0,0,4.095775075058241,-1,-999,0,0,0,0,0,0,0,1
16,25,0,0,0,1,0,0,0,0,4.311641344913578,-1,-999,0,2,1,34,0,0,0,0
30,44,0,0,0,1,0,0,1,3,4.857943627657986,-1,-999,0,0,1,1,0,0,0,1
13,11,0,0,0,1,0,0,0,2,4.014860327200948,-1,-999,0,0,0,15,0,0,0,0
13,1,0,1,0,0,0,0,0,0,3.8453509366224363,-1,-999,0,0,0,2,1,0,0,0
35,15,0,0,0,1,0,0,0,0,4.102272419180633,-1,-999,0,0,0,0,0,0,0,0
22,22,0,1,0,1,0,0,0,6,4.226801439620117,-1,-999,0,0,0,1,0,0,0,1
31,1,0,0,0,1,0,0,0,0,4.060416641661804,-1,-999,0,0,0,0,0,0,0,0
13,47,0,1,0,0,0,0,0,0,4.120336100178899,-1,-999,0,42,0,34,0,0,1,0
18,15,0,0,0,1,0,0,0,0,4.0841837197791895,-1,-999,0,1,1,26,0,0,0,0
21,20,0,0,0,1,0,0,0,6,4.5199746782469115,-1,-999,0,0,0,3,0,0,0,1
15,49,0,1,0,1,1,0,0,13,4.761590412327623,-1,-999,0,3,0,13,0,0,0,0
21,35,0,0,0,1,1,0,0,3,4.552698876486354,-1,-999,0,0,0,0,0,0,0,1
14,414,0,0,0,1,0,0,0,201,4.188691541455742,-1,-999,0,0,0,0,0,0,0,1
13,34,0,0,1,0,0,0,0,10,4.267133864614628,-1,-999,0,0,0,0,0,0,0,1
16,1,0,1,0,1,0,0,0,0,3.5132696895151088,-1,-999,0,0,0,0,0,0,0,0
20,27,0,0,0,0,0,0,0,0,4.5401840315884705,-1,-999,0,0,0,0,0,0,0,1
22,43,0,0,0,1,1,0,0,1,4.3239546483786375,-1,-999,0,0,0,0,0,0,0,1
31,46,0,1,0,1,0,0,3,0,4.140930909015925,-1,-999,0,0,0,4,0,0,0,1
15,19,0,1,0,1,0,0,0,0,4.580578057571858,-1,-999,0,0,1,50,0,0,0,0
15,16,0,0,1,0,0,0,0,12,4.1433441331531355,-1,-999,0,0,0,1,0,0,0,1
23,1,0,1,0,1,0,0,1,0,4.116729296672175,-1,-999,0,0,0,22,0,0,0,0
19,45,0,0,0,0,0,0,0,0,4.206715471924381,-1,-999,0,0,0,0,0,0,0,1
32,1,0,0,0,1,1,0,0,0,4.056198332810095,-1,-999,0,0,0,0,0,0,0,1
10,56,0,0,0,0,0,0,0,2,4.133758150355113,-1,-999,0,0,0,0,0,0,0,1
16,16,0,1,0,1,0,0,0,0,3.825070520364182,-1,-999,0,4,0,4,0,0,0,0
14,34,0,0,0,1,0,0,0,5,4.481661512101756,-1,-999,0,0,0,0,0,0,0,0
15,97,0,0,0,1,0,0,0,14,4.639349536819911,-1,-999,0,0,0,0,0,0,0,0
18,37,0,0,0,1,0,0,0,0,4.100811384248414,-1,-999,0,0,0,1,1,0,0,0
10,44,0,1,0,0,0,1,0,3,4.780707257067311,-1,-999,0,0,0,0,0,0,0,1
10,6,0,1,0,0,0,0,0,2,3.886842188131012,-1,-999,0,0,0,0,0,0,0,1
26,1,0,0,0,1,0,0,0,0,3.917626443873359,-1,-999,0,16,1,71,0,0,0,0
14,1,0,1,0,0,0,0,0,0,3.290321609248305,-1,-999,0,2,0,6,0,0,0,0
25,33,0,0,0,1,0,0,0,1,4.329855990438534,-1,-999,0,0,0,7,0,0,0,0
19,1,0,0,0,1,0,0,1,0,3.9582291686698783,-1,-999,0,0,0,0,0,0,0,0
15,30,0,0,0,1,0,0,0,1,4.322579324069081,-1,-999,0,4,0,37,0,0,0,1
14,51,0,1,0,1,0,0,0,8,4.521816087744977,-1,-999,0,9,0,13,0,0,0,0
25,1,0,0,0,1,0,0,0,0,4.043801694853791,-1,-999,0,0,0,4,0,0,0,0
11,8,0,1,0,0,0,0,0,1,3.926571651178273,-1,-999,0,1,0,9,0,0,1,0
20,35,0,0,0,1,1,0,0,0,4.366366117259868,-1,-999,0,0,0,6,0,0,0,1
14,48,0,0,0,0,0,0,0,21,4.911306145999519,-1,-999,0,0,0,1,0,0,0,1
21,1,0,1,0,1,0,0,0,0,3.923231428797621,-1,-999,0,0,0,19,0,0,0,0
20,30,0,0,0,1,0,0,0,0,4.273348733645776,-1,-999,0,23,1,39,0,0,0,1
23,47,0,0,0,1,0,0,0,0,4.3308417045801235,-1,-999,0,1,0,20,0,0,0,0
17,49,0,0,0,0,0,0,0,7,4.365515957139264,-1,-999,0,0,0,0,0,0,0,1
13,20,0,1,0,1,0,0,0,2,4.177929371042468,-1,-999,0,2,0,40,0,0,0,0
17,64,0,0,0,1,0,0,0,6,4.517933392155012,-1,-999,0,2,1,112,0,0,0,0
23,31,0,1,0,1,0,0,0,0,4.592226257370053,-1,-999,0,0,0,0,0,0,0,1
21,1,0,0,0,1,0,0,1,0,4.1162646156680225,-1,-999,0,0,0,0,0,0,0,0
16,107,0,1,0,1,0,0,0,6,5.383375841222497,-1,-999,0,0,0,13,0,0,0,1
22,32,0,0,0,1,0,0,0,0,4.28207463214832,-1,-999,0,0,0,0,0,0,0,0
31,1,0,0,0,1,1,0,1,0,4.31426624499232,-1,-999,0,0,0,0,0,0,0,1
25,1,0,0,0,1,0,0,0,0,4.028946391954607,-1,-999,0,0,0,46,0,0,1,0
19,21,0,1,0,2,0,0,0,0,3.8355006579912168,-1,-999,0,7,0,25,0,0,0,0
50,76,0,0,0,3,2,0,1,20,4.831700936808023,-1,-999,0,0,0,0,0,0,0,1
12,1,0,1,0,1,0,0,0,0,3.499227541723357,-1,-999,0,0,0,4,0,0,0,0
27,15,0,0,0,1,2,0,1,6,4.410229231693701,-1,-999,0,2,0,7,0,0,1,1
31,10,0,1,0,3,0,0,0,10,4.216152190789069,-1,-999,0,0,0,0,0,0,0,1
23,1,0,1,0,1,0,0,0,0,3.8820488277869583,-1,-999,0,0,0,3,0,0,0,0
28,0,0,0,0,1,0,0,0,0,4.104302931775617,-1,-999,0,0,0,1,0,0,0,1
24,1,0,0,0,1,0,0,0,0,3.8195488277869583,-1,-999,0,0,0,0,0,0,0,0
25,15,0,0,0,1,1,0,0,0,4.248544639225421,-1,-999,0,0,0,1,1,0,0,0
20,36,0,0,0,1,0,0,0,0,4.2016531955163,-1,-999,0,0,0,0,0,0,0,0
18,621,0,1,0,1,2,0,1,132,5.827074088117942,-1,-999,0,0,0,5,0,0,0,1
17,84,0,0,0,1,0,0,0,8,4.550698905074093,-1,-999,0,6,1,33,0,0,0,0
46,18,0,0,0,1,0,0,1,20,4.673775464300863,-1,-999,0,0,0,0,0,0,0,1
22,1,0,1,0,1,0,0,0,0,4.002268084440845,-1,-999,0,0,0,1,1,0,0,0
18,20,0,0,0,1,0,0,0,0,4.038873585546249,-1,-999,0,0,1,52,0,0,0,0
21,8,0,0,0,1,1,0,0,3,4.350209029099897,-1,-999,0,0,0,0,0,0,0,1
24,1,0,0,0,1,0,0,0,2,3.8431390622295662,-1,-999,0,0,0,0,0,0,0,1
29,1,0,0,0,1,0,0,0,0,4.100816878908575,-1,-999,0,0,0,0,0,0,0,1
10,1,0,1,0,0,0,0,0,0,3.576617644908666,-1,-999,0,3,1,38,0,0,0,0
20,1,0,0,0,1,0,0,0,0,3.8423709931771084,-1,-999,0,1,0,26,0,0,0,0
13,34,0,1,0,1,0,0,0,1,4.288393641916392,-1,-999,0,0,0,0,0,0,0,0
22,26,0,0,0,1,0,0,0,0,4.024174205995674,-1,-999,0,0,0,0,0,0,0,0
13,16,0,1,0,0,0,0,0,5,4.418722908066561,-1,-999,0,0,0,11,0,0,0,0
19,20,0,0,0,1,0,0,0,0,4.0480336303846824,-1,-999,0,0,0,0,0,0,0,1
9,1,0,1,0,0,0,0,0,0,3.57243125132212,-1,-999,0,0,1,30,0,0,0,0
14,1,0,1,0,1,0,0,0,0,3.5555331514269954,-1,-999,0,4,0,6,0,0,0,0
23,39,0,0,0,1,0,0,1,8,4.4498944281712935,-1,-999,0,0,0,0,0,0,0,1
21,87,0,0,0,1,0,1,0,0,4.521247890248743,-1,-999,0,0,0,0,0,0,0,1
24,0,0,0,0,1,0,0,0,1,4.131300342505361,-1,-999,0,0,0,0,0,0,0,0
19,28,0,1,0,0,0,0,0,0,4.208568923269789,-1,-999,0,0,0,0,0,0,0,0
24,1,0,0,0,1,1,0,0,0,3.8011085007312415,-1,-999,0,2,0,5,0,0,0,1
29,0,0,0,0,1,0,0,0,0,4.0724312513221195,-1,-999,0,2,0,4,1,0,0,1
7,5,0,0,0,0,0,0,0,0,3.747413039531642,-1,-999,0,0,0,0,0,0,1,1
13,43,0,1,0,0,0,0,0,6,4.574087797403416,-1,-999,0,53,1,62,0,1,0,0
27,14,0,0,0,1,1,0,1,2,4.327368167875317,-1,-999,0,0,0,0,0,0,0,1
13,22,0,0,0,0,1,0,0,0,4.111973672521204,-1,-999,0,0,0,0,0,0,0,1
23,18,0,0,0,1,0,0,1,4,4.448934896284056,-1,-999,1,4,0,20,0,0,0,0
15,1,0,1,0,0,0,0,0,0,3.6572682296173893,-1,-999,0,1,0,30,0,0,0,0
25,46,0,0,0,1,0,0,0,11,4.596856104724884,-1,-999,0,2,0,2,0,0,0,1
29,1,0,1,0,1,0,0,0,0,4.188331131693838,-1,-999,0,0,0,0,0,0,0,1
14,8,0,0,0,1,0,0,0,0,3.745406425938248,-1,-999,0,0,0,0,0,0,0,1
68,80,0,0,0,3,2,0,3,27,5.16625784598804,-1,-999,0,0,0,0,0,0,0,1
24,17,0,1,0,0,1,0,1,0,4.170732548152689,-1,-999,0,0,0,0,0,0,0,1
24,44,0,0,0,1,1,0,2,0,4.226752318250266,-1,-999,0,7,0,29,0,0,1,0
15,1,0,1,0,0,0,0,0,0,3.7720552088742005,-1,-999,0,0,0,0,0,0,0,1
50,69,0,1,0,3,2,0,1,19,4.848354570922314,-1,-999,0,0,0,0,0,0,0,1
32,11,0,0,0,4,1,0,0,0,4.040240000427044,-1,-999,0,0,0,0,0,0,0,1
18,1,0,0,0,1,0,0,0,0,3.6612262562697895,-1,-999,0,0,0,0,0,0,0,0
10,26,0,0,0,0,0,0,0,2,4.100228707989217,-1,-999,0,0,0,0,0,0,0,1
14,85,0,0,0,1,1,0,0,1,4.472671301142115,-1,-999,0,0,0,0,0,0,0,1
14,28,0,0,0,1,2,0,0,0,4.091665140378663,-1,-999,0,0,0,3,0,0,0,1
10,20,0,0,0,0,0,0,0,1,4.131769501279566,-1,-999,0,0,0,0,0,0,0,1
22,50,0,0,0,1,0,0,0,25,4.943942707918269,-1,-999,0,0,0,0,0,0,0,1
18,41,0,0,0,1,0,0,0,0,4.132321060291976,-1,-999,0,2,1,43,0,0,0,0
10,0,0,0,0,1,0,0,0,0,3.499227547132693,-1,-999,0,2,0,38,0,0,0,0
28,1,0,0,0,1,2,0,0,1,3.85370061296303,-1,-999,0,0,0,0,0,0,0,1
15,6,0,1,0,0,0,0,0,0,3.7419627890379075,-1,-999,0,0,0,0,0,0,0,1
29,1,0,1,0,1,0,0,0,0,4.0933405928928694,-1,-999,0,0,0,2,1,0,0,1
9,171,0,1,0,0,1,0,0,88,4.716558702250595,-1,-999,0,0,0,4,0,0,0,1
16,37,0,0,0,0,0,0,0,3,4.391295646116061,-1,-999,0,0,0,6,0,0,0,1
13,38,0,0,0,1,0,0,0,5,4.344628624251411,-1,-999,0,0,0,1,1,0,0,0
9,9,0,1,0,1,1,0,0,3,3.8441065448145384,-1,-999,0,0,0,0,0,0,0,1
16,24,0,0,0,1,0,0,0,0,4.365773894636633,-1,-999,0,0,0,1,1,0,0,0
18,43,0,0,0,0,2,0,0,7,4.383193496957241,-1,-999,0,0,0,0,0,0,0,1
18,16,0,0,0,1,0,0,0,0,4.070847431394585,-1,-999,0,1,1,26,0,0,0,0
20,17,0,0,0,1,0,0,0,0,3.9441808353859997,-1,-999,0,0,0,30,0,0,1,0
14,404,0,0,1,0,1,1,0,18,4.7238465531845195,-1,-999,0,0,0,0,0,0,0,1
16,32,0,1,0,1,0,0,0,0,4.331833663430984,-1,-999,0,4,0,5,0,0,0,0
13,19,0,0,1,0,1,1,0,10,4.453055907333276,-1,-999,0,0,0,0,0,0,0,1
18,14,0,1,0,1,0,0,0,0,4.177567157116929,-1,-999,0,0,0,3,0,0,0,0
14,43,0,1,0,0,0,0,0,0,4.002364352318488,-1,-999,0,0,0,0,0,0,0,1
22,1,0,0,0,1,0,0,0,0,3.7647351787255054,-1,-999,0,11,0,16,0,0,0,0
14,22,0,0,0,1,0,0,0,6,4.295353348118594,-1,-999,0,3,0,10,0,0,1,0
20,12,0,0,0,0,0,0,0,0,3.9872178475009488,-1,-999,0,0,0,1,0,0,0,1
14,1,0,1,0,0,0,0,0,0,3.4144413036949723,-1,-999,0,0,0,0,0,0,0,0
18,1,0,1,0,1,0,0,0,0,3.902311575917029,-1,-999,0,19,1,80,0,0,0,0
18,17,0,1,0,2,0,0,0,0,4.045239685277583,-1,-999,0,4,0,5,0,0,0,0
23,1,0,1,0,1,0,0,0,0,4.241729296672175,-1,-999,1,15,0,15,0,0,1,0
14,52,0,0,0,0,0,0,0,15,4.923527480546903,-1,-999,0,0,0,1,0,0,0,1
14,19,0,0,0,1,0,0,0,1,4.015311532225103,-1,-999,0,3,0,11,0,0,0,0
59,37,0,0,0,7,0,0,0,4,4.5082528246854965,-1,-999,0,0,0,0,0,0,0,1
43,1,0,1,0,1,0,0,0,0,3.8391529419070443,-1,-999,0,0,0,1,0,0,0,1
15,4,0,1,0,1,0,0,0,0,3.7639657428240807,-1,-999,0,2,1,91,0,0,0,0
16,24,0,1,0,1,0,0,0,0,4.221922459779061,-1,-999,0,4,0,5,0,0,0,0
15,20,0,1,0,1,0,0,0,0,4.164295859202321,-1,-999,0,0,0,1,1,0,0,0
17,0,0,0,0,1,0,0,0,0,3.7406015629507228,-1,-999,0,0,0,26,0,0,0,0
16,24,0,1,0,0,1,0,0,0,4.2644608760283615,-1,-999,0,0,0,0,0,0,0,1
17,35,0,1,0,1,0,0,0,2,4.414794138353011,-1,-999,0,0,0,25,0,0,0,0
21,8,0,0,0,1,0,0,0,0,4.2527152789797045,-1,-999,0,2,1,7,0,0,0,0
14,36,0,0,0,0,0,0,0,1,4.323432119124255,-1,-999,0,0,0,0,0,0,0,1
16,31,0,0,0,1,0,0,0,0,4.210737909843948,-1,-999,0,0,0,0,0,0,0,1
25,1,0,1,0,1,0,0,0,1,4.101881223476018,-1,-999,0,2,0,4,1,0,0,1
15,1,0,0,0,1,0,0,0,0,3.8492239123906247,-1,-999,0,0,0,6,0,0,0,1
14,48,0,1,0,0,0,0,0,0,4.163241460619514,-1,-999,0,0,0,0,0,0,0,0
22,4,0,0,0,0,0,0,0,0,3.76062054430996,-1,-999,0,3,0,18,0,0,0,0
14,63,0,1,0,1,0,0,0,29,4.964071662122395,-1,-999,0,0,0,1,0,0,0,1
16,44,0,0,0,2,0,0,0,9,4.302821048854525,-1,-999,0,0,0,0,0,0,0,0
50,68,0,1,0,3,2,0,1,22,4.745478853900612,-1,-999,0,0,0,0,0,0,0,1
36,12,0,0,0,3,0,0,2,9,4.497192613832102,-1,-999,0,0,0,0,0,0,0,1
22,41,0,0,0,1,0,0,0,0,4.298497618110379,-1,-999,0,2,0,3,0,0,0,0
16,14,0,0,0,0,0,0,0,0,3.7329887579778505,-1,-999,0,0,0,0,0,0,0,1
15,1,0,1,0,1,0,0,0,0,3.653107168362811,-1,-999,0,1,0,19,0,0,0,0
14,41,0,0,0,1,0,0,1,0,4.43395690089444,-1,-999,0,0,0,7,0,0,0,0
35,0,0,0,0,1,0,0,0,0,4.032331339951052,-1,-999,0,2,0,11,0,0,0,0
30,19,0,0,0,1,0,0,2,2,4.1685256807930084,-1,-999,0,0,0,0,0,0,0,1
19,38,0,0,0,0,2,0,0,3,4.5421839852164405,-1,-999,0,0,2,21,0,0,0,1
13,11,0,0,1,0,0,0,0,10,4.103727665980415,-1,-999,0,0,0,1,0,0,0,1
15,55,0,0,0,0,0,0,0,39,4.355393399269789,-1,-999,0,0,0,0,0,0,0,1
11,9,0,1,0,0,0,0,0,1,4.137537511266052,-1,-999,0,0,0,16,0,0,0,1
17,3,0,0,0,1,0,0,0,0,3.763965742824081,-1,-999,0,0,0,2,0,0,0,1
21,67,0,1,0,1,0,0,0,7,4.325993711212549,-1,-999,0,1,0,2,0,0,0,0
43,1,0,0,0,0,0,0,2,0,3.939473569273382,-1,-999,0,0,0,0,0,0,0,1
19,44,0,0,0,0,0,0,0,0,4.484775296848843,-1,-999,0,0,0,0,0,0,0,1
40,14,0,0,0,1,1,0,1,0,4.184515929447781,-1,-999,0,0,0,1,1,0,0,0
15,1,0,0,0,1,0,0,1,6,3.7622673906514943,-1,-999,0,0,0,0,0,0,0,0
50,19,0,0,0,3,2,0,1,11,4.488840875657915,-1,-999,0,0,0,0,0,0,0,1
15,17,0,0,0,1,0,0,0,4,4.1949067057088945,-1,-999,0,2,0,6,0,0,0,0
14,133,0,1,0,1,0,1,0,62,4.94236225147163,-1,-999,0,7,0,18,0,0,0,1
24,81,0,0,0,1,0,0,0,19,5.130939724613226,-1,-999,0,0,0,0,1,0,0,1
17,1,0,1,0,1,0,0,1,0,3.8919954870390203,-1,-999,0,2,0,23,0,0,0,0
33,1,0,0,0,1,0,0,0,0,3.9668312726996966,-1,-999,0,0,0,2,0,0,0,1
20,20,0,0,0,1,0,0,0,0,4.177374895226562,-1,-999,0,13,0,69,0,0,0,0
14,42,0,0,0,0,0,0,0,0,4.101804083524978,-1,-999,0,0,0,0,0,0,0,0
17,21,0,0,0,0,0,0,0,0,4.007542262563648,-1,-999,0,0,0,0,0,0,0,0
16,38,0,0,0,0,0,0,0,0,4.272401017955157,-1,-999,0,2,0,104,0,0,0,1
7,32,0,1,0,0,0,0,0,5,4.570234330262948,-1,-999,0,5,0,34,0,0,0,1
14,1,0,1,0,1,0,0,0,0,3.729446194905256,-1,-999,0,0,0,4,0,0,0,0
122,1,0,0,0,7,3,0,1,48,4.740379571625078,-1,-999,0,0,0,0,0,0,0,1
15,25,0,1,0,1,0,0,0,0,4.2699746782469115,-1,-999,0,0,0,4,0,0,0,0
19,80,0,0,0,1,0,0,0,20,4.6931962531127125,-1,-999,0,0,0,0,0,0,0,1
16,57,0,1,0,1,0,0,0,1,4.4196147448145595,-1,-999,0,0,0,25,0,0,1,0
25,11,0,1,0,3,0,0,0,3,4.10752381283357,-1,-999,0,0,0,0,0,0,0,1
12,3,0,1,0,1,0,0,0,0,3.675310868912364,-1,-999,0,10,1,16,0,0,1,0
26,11,0,0,0,1,1,0,0,0,4.036040925839782,-1,-999,0,0,0,8,0,0,0,1
14,55,0,1,0,1,0,0,0,2,4.387859360756269,-1,-999,0,2,0,17,0,0,1,0
16,66,0,0,0,1,1,0,0,0,4.7367653863539445,-1,-999,0,31,0,34,0,0,0,0
11,11,0,1,0,0,0,0,0,0,3.764735178725505,-1,-999,0,1,0,9,0,0,1,0
26,1,0,1,0,1,0,0,1,0,3.964857659740296,-1,-999,0,0,0,0,0,0,0,1
20,29,0,0,0,1,0,0,0,10,4.789148671903071,-1,-999,0,0,0,0,0,0,0,1
15,19,0,1,0,1,0,0,0,2,4.553944405764263,-1,-999,0,0,1,50,0,0,0,0
14,89,0,1,0,1,1,0,0,7,4.48799796881778,-1,-999,0,0,1,116,0,0,1,0
11,71,0,0,0,1,0,0,0,0,4.274279325019898,-1,-999,0,10,0,9,0,0,0,0
33,42,0,1,0,2,0,0,0,6,4.6717351076445786,-1,-999,0,0,0,0,0,0,0,0
32,1,0,0,0,1,0,0,0,3,4.146439344671016,-1,-999,0,0,0,0,0,0,0,1
20,58,0,0,0,1,0,0,1,4,4.450337925608038,-1,-999,1,17,0,27,0,1,0,0
20,235,0,0,0,1,1,0,0,72,4.802249521592266,-1,-999,0,0,0,0,0,0,0,1
16,45,0,0,0,1,1,0,0,0,4.668293819720665,-1,-999,0,31,0,34,0,0,0,0
14,40,0,0,0,1,0,0,0,0,4.332639903868394,-1,-999,0,2,0,19,0,0,0,0
13,1,0,1,0,0,0,0,0,0,3.8453509366224363,-1,-999,0,0,0,1,0,0,0,1
26,27,0,0,0,1,1,0,1,5,4.322964554947562,-1,-999,0,2,0,7,0,0,1,1
12,1,0,1,0,0,0,0,0,0,3.748994803525097,-1,-999,0,2,0,8,0,0,1,0
25,1,0,0,0,1,1,0,1,0,3.7030407100708658,-1,-999,0,0,0,0,0,0,0,1
40,23,0,0,0,3,1,0,2,3,4.319736009796418,-1,-999,0,0,0,0,0,0,0,1
50,77,0,1,0,3,2,0,1,18,4.724210223554934,-1,-999,0,0,0,0,0,0,0,1
14,16,0,0,0,1,0,0,0,0,4.080414513985238,-1,-999,0,0,0,0,0,0,0,0
20,32,0,0,0,1,0,0,0,0,4.343761904964024,-1,-999,0,0,5,20,0,0,0,0
63,1,0,0,0,3,0,0,1,8,4.677277578040115,-1,-999,0,0,0,0,0,0,0,1
28,36,0,1,0,1,1,0,1,3,4.504200565443741,-1,-999,0,0,0,0,0,0,0,1
16,6,0,1,0,1,0,0,0,0,3.5077516472406156,-1,-999,0,46,2,10,0,0,0,0
31,13,0,0,0,0,0,0,2,1,4.43674789082142,-1,-999,0,0,0,0,0,0,0,1
21,1,0,1,0,1,0,0,0,0,3.9898980954642878,-1,-999,0,1,0,64,0,0,0,0
49,1,0,0,0,4,1,0,2,0,4.159204217388291,-1,-999,0,0,0,0,0,0,0,1
16,57,0,0,0,1,0,0,0,0,4.352401301262619,-1,-999,0,2,0,1,1,0,0,0
24,40,0,0,0,1,0,0,0,0,4.36941433085809,-1,-999,0,1,2,25,0,0,0,0
21,25,0,0,0,1,0,0,0,2,4.194743455201286,-1,-999,0,0,0,0,0,0,0,1
15,76,0,1,0,1,0,0,0,9,5.220619024296496,-1,-999,0,0,0,5,0,0,1,1
18,62,0,1,0,1,0,0,0,5,4.273615711628108,-1,-999,0,15,1,45,0,0,0,0
24,10,0,0,0,1,1,0,0,1,4.031587907627833,-1,-999,0,0,0,0,0,0,0,1
28,1,0,1,0,1,0,0,1,0,4.208924987016683,-1,-999,0,0,0,1,1,0,0,1
16,97,0,1,0,1,0,0,0,30,4.085863728199875,-1,-999,0,0,0,23,1,1,0,1
37,52,0,0,0,1,2,0,0,0,4.453707814343077,-1,-999,0,16,0,7,0,0,0,1
23,28,0,1,0,1,0,0,1,2,4.232065456391432,-1,-999,0,6,2,22,0,0,0,0
32,1,0,1,0,1,0,0,0,3,4.320251394545381,-1,-999,0,0,0,0,0,0,0,1
18,23,0,1,0,1,0,0,0,0,4.19614300729221,-1,-999,0,4,2,25,0,0,0,0
18,40,0,1,0,1,0,0,0,0,4.266238870323738,-1,-999,0,2,1,40,0,0,1,0
19,33,0,0,0,1,0,0,0,0,4.21478494777018,-1,-999,0,0,0,0,0,0,0,0
15,12,0,0,0,1,0,0,0,1,3.9620315910594455,-1,-999,0,0,0,0,0,0,0,1
14,10,0,1,0,1,0,0,0,4,3.9886085007312415,-1,-999,0,0,1,5,0,0,0,0
25,14,0,0,0,1,1,0,0,0,4.199782543240032,-1,-999,0,0,0,1,1,0,0,0
16,140,0,1,0,1,1,0,0,43,5.481432384858771,-1,-999,0,17,0,28,0,0,0,1
17,124,0,0,0,1,3,0,0,11,5.4913887188946084,-1,-999,0,0,0,0,0,0,0,1
14,21,0,0,0,0,0,0,0,4,4.268719696310997,-1,-999,0,1,0,29,0,0,1,1
14,1,0,0,0,1,0,0,0,0,3.6635327548042547,-1,-999,0,0,0,1,1,0,0,0
24,15,0,0,0,1,0,0,0,0,4.245431792590248,-1,-999,0,0,2,12,0,0,0,0
12,148,0,1,0,1,0,0,0,24,5.457423974110028,-1,-999,0,0,0,0,0,0,0,1
14,98,0,0,0,0,0,0,1,52,4.724316337083527,-1,-999,0,0,0,0,0,0,0,1
50,19,0,0,0,3,2,0,1,11,4.576406955027041,-1,-999,0,0,0,0,0,0,0,1
32,138,0,0,0,1,2,0,0,14,4.793531316426103,-1,-999,0,0,0,0,0,0,0,1
12,15,0,0,0,0,1,0,0,0,4.013070929103845,-1,-999,0,0,0,0,0,0,0,1
25,70,0,0,0,1,0,0,0,0,4.153018865722233,-1,-999,0,0,0,0,0,0,0,0
50,1,0,0,0,1,0,0,5,0,4.310591237164565,-1,-999,0,0,0,0,0,0,0,1
20,61,0,0,0,0,0,0,1,0,4.041429704983754,-1,-999,0,0,0,0,0,0,0,0
19,1,0,0,0,1,0,0,0,0,3.8561962982193796,-1,-999,0,13,0,18,0,0,0,0
17,1,0,1,0,1,0,0,0,0,3.8441065448145384,-1,-999,0,10,0,7,0,0,0,0
18,0,0,0,0,1,0,0,0,0,3.8936606896881862,-1,-999,0,0,0,0,0,0,0,1
21,1,0,0,0,0,0,0,0,0,3.483005030268013,-1,-999,0,0,0,0,0,0,0,0
54,69,0,0,0,4,2,0,1,23,4.829379021835715,-1,-999,0,0,0,0,0,0,0,1
42,69,0,0,0,3,2,0,0,26,4.7698243620166645,-1,-999,0,0,0,0,0,0,0,1
26,1,0,1,0,1,0,0,0,0,4.050013373778757,-1,-999,0,0,0,1,1,0,0,0
23,1,0,0,0,1,0,0,0,0,4.002268084440845,-1,-999,0,0,0,9,0,0,0,1
9,28,0,0,0,0,0,0,0,0,4.2544418457133455,-1,-999,0,0,0,0,0,0,0,1
23,49,0,0,0,1,1,0,1,22,4.690591705186925,-1,-999,0,0,0,0,0,0,0,1
25,230,0,0,0,1,0,0,0,28,5.806253283335527,-1,-999,0,0,1,1,0,0,0,1
16,24,0,0,0,1,0,0,0,2,4.224177681188684,-1,-999,0,0,0,0,0,0,0,1
19,37,0,0,0,1,1,0,0,0,4.334677646430646,-1,-999,0,0,0,0,0,0,0,1
15,9,0,1,0,1,0,0,0,1,4.093139062229566,-1,-999,0,4,1,16,0,0,0,0
8,0,0,0,0,0,0,0,0,0,3.323231428797621,-1,-999,0,2,0,34,0,0,0,0
6,6,0,0,0,0,0,0,0,1,3.6421498816369047,-1,-999,0,0,0,0,0,0,0,1
16,1,0,0,0,1,0,0,1,0,3.7406015629507228,-1,-999,1,2,0,4,0,0,0,0
50,67,0,1,0,3,2,0,1,21,4.853827000208815,-1,-999,0,0,0,0,0,0,0,1
22,77,0,0,0,0,0,0,0,16,4.777587914315608,-1,-999,0,0,0,0,0,0,0,1
14,41,0,1,0,1,0,0,0,13,4.802668898701708,-1,-999,0,2,3,65,0,0,1,0
22,1,0,1,0,1,0,0,0,0,3.929214455199219,-1,-999,0,0,0,2,0,0,0,0
16,9,0,1,0,1,0,0,0,5,4.017900089633387,-1,-999,0,0,0,1,1,0,0,0
18,0,0,1,0,0,0,0,0,0,3.6423714487439023,-1,-999,0,0,0,7,0,0,0,0
9,90,0,0,0,0,1,0,0,27,4.952170718273127,-1,-999,0,0,0,0,0,0,0,1
23,33,0,0,0,1,0,0,0,0,4.344044161760534,-1,-999,1,8,1,24,0,0,0,0
31,1,0,1,0,1,0,0,1,0,4.125070520364182,-1,-999,0,0,0,3,1,0,1,1
25,0,0,0,0,1,0,0,0,0,4.077819531114783,-1,-999,0,0,0,1,0,0,0,1
28,1,0,1,0,1,0,0,0,0,4.060012149061901,-1,-999,0,0,0,4,0,0,0,0
10,42,0,0,0,0,0,0,0,0,4.386360423302623,-1,-999,0,0,0,0,0,0,0,1
21,1,0,1,0,1,0,0,0,0,4.031401845392172,-1,-999,0,0,0,0,0,0,0,1
29,1,0,0,0,1,1,0,0,2,3.9492049741940667,-1,-999,0,0,0,11,0,0,1,1
20,69,0,0,0,1,0,0,0,0,4.201503285538248,-1,-999,0,0,0,0,0,0,0,1
31,84,0,0,0,1,0,0,0,34,5.000965900855799,-1,-999,0,0,0,0,0,0,0,1
33,1,0,1,0,1,1,0,0,2,4.234479554133744,-1,-999,0,0,0,11,0,0,0,0
17,34,0,0,0,1,0,0,0,0,4.082227228581176,-1,-999,0,7,1,8,0,0,0,0
17,1,0,1,0,1,0,0,0,0,3.8441065448145384,-1,-999,0,0,0,0,0,0,0,0
24,0,0,0,0,1,0,0,0,0,3.873235826376329,-1,-999,0,3,1,9,0,0,0,0
37,24,0,0,0,2,0,0,0,0,4.307907975210715,-1,-999,0,0,0,0,0,0,0,1
18,42,0,0,0,1,0,0,0,2,4.32848261695163,-1,-999,0,0,0,0,0,0,0,0
28,63,0,0,0,1,0,0,0,0,4.313730378460796,-1,-999,0,0,0,0,0,0,0,0
12,93,0,0,0,0,0,0,1,1,4.641653083554665,-1,-999,0,6,0,31,0,0,0,1
15,17,0,1,0,0,0,0,0,0,3.8373261452560086,-1,-999,0,0,0,1,1,0,0,0
11,1,0,0,0,0,0,0,0,0,3.4713544870139295,-1,-999,0,0,1,4,0,0,0,0
16,46,0,0,0,1,1,0,0,2,4.421849958117245,-1,-999,0,9,0,17,0,0,0,0
25,516,0,1,0,1,2,0,0,194,5.1186811008485895,-1,-999,0,0,0,5,0,0,0,0
27,30,0,0,0,1,0,0,1,3,4.913909765557392,-1,-999,0,0,0,1,0,0,0,0
15,45,0,0,0,1,0,0,0,5,4.76372529544014,-1,-999,0,3,0,90,0,0,0,0
13,22,0,0,0,1,0,0,0,0,4.0260298517012805,-1,-999,0,0,0,0,0,0,0,1
21,12,0,1,0,1,0,0,1,0,4.338663284842051,-1,-999,0,7,0,42,0,0,0,0
25,1,0,1,0,1,0,0,2,6,4.395998870534842,-1,-999,0,0,0,0,0,0,0,1
23,10,0,0,0,1,0,0,0,0,4.168453957701922,-1,-999,0,0,0,2,0,0,0,0
17,31,0,0,0,1,0,0,0,6,4.178833068298885,-1,-999,0,0,0,0,0,0,0,0
18,31,0,1,0,0,0,0,0,4,4.247266498241868,-1,-999,0,0,1,27,0,0,0,0
23,1,0,0,0,1,0,0,1,0,3.993730584231477,-1,-999,0,4,0,46,0,0,0,0
20,60,0,1,0,1,0,1,0,7,5.117665774330239,-1,-999,0,0,0,0,0,0,0,1
10,1,0,1,0,1,0,0,0,0,3.391892644680933,-1,-999,0,0,0,20,0,0,0,0
16,20,0,1,0,1,0,0,0,0,4.146376220664176,-1,-999,0,4,0,5,0,0,0,0
12,70,0,1,0,1,1,0,0,1,4.772145593858686,-1,-999,0,0,0,2,0,0,0,0
27,47,0,0,0,1,0,0,0,17,4.741404023410494,-1,-999,0,0,0,0,0,0,0,1
18,17,0,0,0,1,0,0,0,0,4.08232813685843,-1,-999,0,1,1,26,0,0,0,0
15,38,0,0,0,0,0,0,0,7,4.3202179376745535,-1,-999,0,0,0,0,0,0,0,0
21,33,0,0,0,1,0,0,0,8,4.458762748352709,-1,-999,0,4,0,39,0,0,0,0
55,1,0,0,0,1,2,0,0,0,4.178863654513443,-1,-999,0,0,0,1,0,0,0,1
15,98,0,0,0,0,0,0,0,23,4.648435453375631,-1,-999,0,0,0,0,0,0,0,1
14,23,0,0,0,1,0,0,0,7,4.291611664426975,-1,-999,0,3,0,10,0,0,1,0
14,18,0,0,0,1,0,0,0,0,3.8265854755396562,-1,-999,0,21,1,16,0,0,0,0
12,107,0,1,0,0,0,0,0,38,5.108873553897707,-1,-999,0,0,0,0,0,0,0,1
22,1,0,0,0,1,0,0,0,0,3.8062389286533898,-1,-999,0,0,0,0,0,0,0,0
20,58,0,0,0,2,0,0,0,5,4.417927484406115,-1,-999,0,0,0,0,0,0,0,0
16,1,0,0,0,1,0,0,0,0,3.5535088547976783,-1,-999,0,0,1,28,0,0,0,0
22,54,0,0,0,1,0,0,0,25,5.032331339951051,-1,-999,0,0,0,0,0,0,0,1
27,32,0,0,0,2,0,0,0,21,4.534564717968385,-1,-999,0,0,0,0,0,0,0,1
14,74,0,1,0,1,0,0,0,13,4.95036073774586,-1,-999,0,1,1,28,0,1,1,0
15,41,0,0,0,1,0,0,0,7,4.798533547037795,-1,-999,0,0,0,0,0,0,0,0
39,122,0,1,0,1,0,0,1,19,5.338983398502584,-1,-999,0,5,0,34,0,0,0,1
33,1,0,0,0,2,0,0,3,1,4.338663284842051,-1,-999,0,0,0,0,0,0,0,1
20,1,0,0,0,1,0,0,1,0,3.9407598325400897,-1,-999,0,1,0,28,0,0,0,0
19,14,0,0,0,1,0,0,0,0,4.027567157116929,-1,-999,0,0,0,100,0,0,0,0
25,9,0,0,0,1,1,0,0,0,4.0828041386061225,-1,-999,0,0,0,1,1,0,0,0
50,66,0,1,0,3,2,0,1,15,4.732186682898378,-1,-999,0,0,0,0,0,0,0,1
15,19,0,1,0,1,0,0,0,2,4.553944405764263,-1,-999,0,0,1,50,0,0,0,0
16,15,0,1,0,1,0,0,0,0,4.214262795507958,-1,-999,0,0,0,1,0,0,0,0
23,58,0,1,0,1,0,0,0,10,4.846410611969831,-1,-999,0,0,0,0,0,0,0,1
15,1,0,0,0,1,0,0,0,0,3.3816201079487347,-1,-999,0,0,0,3,0,0,0,0
25,29,0,0,0,1,0,0,0,10,4.772881755872875,-1,-999,0,0,0,0,0,0,0,1
42,19,0,0,0,3,2,0,0,10,4.561132695047092,-1,-999,0,0,0,0,0,0,0,1
18,27,0,0,0,1,0,0,0,2,4.3668078981968295,-1,-999,0,1,0,5,0,0,0,0
18,40,0,0,0,0,0,0,0,8,4.456607235938957,-1,-999,0,0,0,0,0,0,0,1
30,11,0,0,0,1,0,0,0,0,4.297995052579129,-1,-999,0,0,0,0,0,0,0,1
5,15,0,0,0,0,0,0,0,0,4.060262039120377,-1,-999,0,0,0,0,0,0,0,1
23,1,0,0,0,1,0,0,0,0,4.002268084440845,-1,-999,0,0,0,14,0,0,0,0
6,12,0,0,0,0,0,0,0,4,3.813660689688186,-1,-999,0,0,0,0,0,0,0,1
20,23,0,1,0,1,0,0,0,4,4.522833371714816,-1,-999,0,0,0,7,0,0,1,0
17,0,0,0,0,1,0,0,1,0,3.855388542207534,-1,-999,0,2,0,15,0,0,0,0
21,17,0,0,0,1,0,0,0,0,4.364540741814107,-1,-999,0,0,0,12,0,0,0,0
13,12,0,0,0,0,0,0,0,0,3.9139097655573916,-1,-999,0,0,0,0,0,0,0,1
18,1,0,0,0,1,0,0,0,0,3.8441065448145384,-1,-999,0,0,0,1,0,0,0,0
16,4,0,0,0,1,0,0,0,1,3.8841550945958043,-1,-999,0,0,0,0,0,0,0,1
35,4,0,1,0,1,1,0,3,1,4.305255793112394,-1,-999,0,0,0,1,0,0,0,1
17,64,0,1,0,1,0,0,0,16,4.953392158497698,-1,-999,1,5,0,6,0,0,0,0
17,1,0,1,0,1,0,0,0,0,3.6133373140453076,-1,-999,0,28,1,33,0,0,0,0
25,6,0,1,0,1,0,0,0,0,3.797220167136409,-1,-999,0,30,1,37,0,0,0,0
28,31,0,0,0,1,0,0,0,0,4.283836211807127,-1,-999,0,0,0,19,0,0,0,0
11,0,0,0,0,0,0,0,1,0,3.683542362433231,-1,-999,0,2,0,15,0,0,0,0
20,1,0,0,0,0,1,0,1,0,4.182005814760213,-1,-999,0,0,0,0,0,0,0,1
15,19,0,1,0,1,0,0,0,0,4.507432777857286,-1,-999,0,0,1,50,0,0,0,0
21,38,0,0,0,1,0,0,0,0,4.322834892952671,-1,-999,0,13,0,2,0,0,0,0
23,0,0,0,0,1,0,0,0,1,3.923231428797621,-1,-999,0,2,0,4,1,0,0,1
14,35,0,0,0,1,0,0,0,6,4.372216663880858,-1,-999,0,0,0,2,0,0,0,1
27,1,0,1,0,1,0,0,0,2,4.027719015921097,-1,-999,0,0,0,1,0,0,0,1
11,14,0,1,0,0,0,0,0,0,3.8576892872757216,-1,-999,0,1,0,9,0,0,1,0
16,1,0,0,0,1,0,0,0,0,3.5739348962840563,-1,-999,0,0,0,32,0,0,0,0
15,76,0,0,0,0,0,0,0,47,4.67774581550472,-1,-999,0,0,0,0,0,0,0,1
27,47,0,0,0,1,0,0,0,15,4.659440941916048,-1,-999,0,0,0,0,0,0,0,1
28,0,0,0,0,1,2,0,0,1,3.8541632888566615,-1,-999,0,0,0,0,0,0,0,1
19,43,0,0,0,2,0,0,0,4,4.446665174163699,-1,-999,0,0,0,0,0,0,0,0
20,1,0,1,0,1,0,0,0,0,3.9262723741395074,-1,-999,0,0,0,0,0,0,0,1
20,21,0,0,0,1,1,0,0,0,4.3061275426950285,-1,-999,0,0,0,0,0,0,0,1
16,17,0,0,0,0,0,0,0,0,4.165311532225102,-1,-999,0,0,0,0,0,0,0,1
13,155,0,0,0,0,1,0,0,43,5.444672863805119,-1,-999,0,0,0,0,0,0,0,1
10,9,0,0,0,0,0,0,0,1,3.6423714487439023,-1,-999,0,0,0,0,0,0,0,1
22,24,0,0,0,1,0,0,0,0,4.002954831873351,-1,-999,0,0,0,0,0,0,0,1
21,16,0,0,0,1,0,0,0,6,4.215002357224492,-1,-999,0,1,0,8,0,0,0,0
37,46,0,0,0,1,0,0,0,0,4.183822269519769,-1,-999,0,1,3,27,0,0,0,0
11,8,0,0,0,0,0,0,0,2,3.9790978911348054,-1,-999,0,0,0,5,0,0,0,1
17,13,0,1,0,1,0,0,0,0,3.9976702764876135,-1,-999,0,4,0,4,0,0,0,0
19,1,0,1,0,0,0,0,0,0,4.0836169753972325,-1,-999,0,14,1,6,0,0,0,0
19,1,0,1,0,1,0,0,1,0,3.8248629576173565,-1,-999,0,0,0,14,0,0,0,0
21,39,0,0,0,1,0,0,0,0,4.147157473587794,-1,-999,0,0,0,1,1,0,0,0
28,1,0,0,0,1,0,0,0,0,3.9193819456463714,-1,-999,0,2,0,7,0,0,0,0
10,46,0,0,0,0,0,0,0,23,4.603798574087523,-1,-999,0,0,0,0,0,0,0,1
29,1,0,0,0,1,0,0,1,0,4.134468568039292,-1,-999,0,0,0,0,0,0,0,1
18,25,0,1,0,1,0,0,0,0,3.9499062942859213,-1,-999,0,0,1,11,0,0,0,0
14,29,0,1,0,1,0,0,0,1,4.657385276650179,-1,-999,0,0,0,0,0,0,0,1
18,34,0,0,0,1,0,0,1,0,4.227970966218785,-1,-999,0,0,0,0,0,0,0,1
13,25,0,0,0,0,0,0,0,1,4.266977196801592,-1,-999,0,0,0,4,0,0,0,1
25,26,0,1,0,3,0,1,0,3,4.346992897935947,-1,-999,0,0,0,0,0,0,0,1
48,1,0,0,0,3,0,0,3,9,4.277913127562166,-1,-999,0,0,0,0,0,0,0,1
19,14,0,0,0,0,1,0,1,0,4.081687083026442,-1,-999,0,0,0,0,0,0,0,1
50,69,0,1,0,3,2,0,1,19,4.739181379898587,-1,-999,0,0,0,0,0,0,0,1
13,18,0,1,0,1,0,0,0,0,4.2849009365890725,-1,-999,0,0,0,5,1,0,0,0
18,28,0,0,0,1,0,0,0,0,4.208986615619465,-1,-999,0,0,0,0,0,0,0,1
14,4,0,0,0,1,0,0,1,0,3.653660689688186,-1,-999,0,0,0,0,0,0,0,1
18,37,0,1,0,1,0,0,0,2,4.376200218093278,-1,-999,0,0,0,0,0,0,0,1
26,26,0,1,0,3,0,1,0,2,4.515491538019118,-1,-999,0,0,0,0,0,0,0,1
16,0,0,0,0,1,0,0,0,0,3.795088586397732,-1,-999,0,0,0,0,0,0,0,1
21,23,0,0,0,1,0,0,0,5,4.434789744348677,-1,-999,1,14,0,31,0,0,0,0
37,0,0,0,0,1,0,0,0,4,4.243300368538958,-1,-999,0,0,0,1,0,0,0,1
26,40,0,0,0,1,0,0,0,0,4.2262721621203525,-1,-999,0,0,0,0,0,0,0,0
28,1,0,0,0,1,0,0,0,0,3.953968403919608,-1,-999,0,0,0,7,0,0,0,0
16,95,0,1,0,1,0,0,0,16,4.579846423827761,-1,-999,0,2,0,41,0,0,0,0
11,44,0,1,0,1,0,0,0,8,4.689464015923012,-1,-999,0,0,0,0,0,0,0,1
25,49,0,0,0,1,1,0,0,6,4.441840288762464,-1,-999,0,9,1,69,0,0,0,0
18,25,0,0,0,1,0,0,0,0,4.391272380112911,-1,-999,0,0,0,7,0,0,0,0
13,34,0,1,0,0,0,0,0,0,4.017837559712097,-1,-999,0,8,0,17,0,0,0,0
35,10,0,1,0,3,0,0,0,14,4.4961428599378355,-1,-999,0,0,0,0,0,0,0,1
44,1,0,1,0,3,0,0,3,9,4.29821408643457,-1,-999,0,0,0,0,0,0,0,1
14,40,0,0,0,0,1,0,0,4,4.536974222666921,-1,-999,0,0,0,0,0,0,0,1
68,39,0,0,0,5,1,0,0,57,4.6400552489520335,-1,-999,0,0,0,0,0,0,0,1
20,0,0,0,0,1,0,0,1,0,3.9302703722934536,-1,-999,0,0,0,0,0,0,0,0
17,1,0,1,0,1,0,0,0,0,3.4885252948977485,-1,-999,0,0,0,28,0,0,0,0
25,39,0,0,0,1,0,0,0,0,4.113082417322228,-1,-999,0,0,0,0,0,0,0,1
39,111,0,0,0,1,0,0,1,9,5.338078951721772,-1,-999,0,0,0,0,0,0,0,1
13,18,0,0,0,1,0,0,0,0,4.0304363948517326,-1,-999,0,1,1,10,0,0,0,0
15,1,0,0,0,1,0,0,0,0,3.7622673906514943,-1,-999,0,1,0,7,0,0,0,0
16,16,0,0,0,1,0,0,0,4,4.025930027099076,-1,-999,0,4,0,9,0,0,0,0
19,43,0,0,0,1,1,0,0,0,4.2287187045649155,-1,-999,0,0,0,0,0,0,0,1
13,1,0,0,1,0,0,0,0,10,3.427333493898265,-1,-999,0,0,0,0,0,0,0,1
10,1,0,1,0,0,0,0,0,0,3.536886723742168,-1,-999,0,0,0,0,0,0,0,1
16,1,0,1,0,1,0,0,0,0,3.5932696895151084,-1,-999,0,0,0,13,0,0,0,0
14,67,0,0,0,1,0,0,0,0,4.257116636703596,-1,-999,0,0,0,0,0,0,0,0
23,60,1,0,0,2,0,0,0,21,4.497697993460441,-1,-999,0,0,0,0,0,0,0,1
22,27,0,0,0,0,1,0,0,0,4.4032622348595565,-1,-999,0,0,0,0,0,0,0,1
20,15,0,0,0,1,0,0,0,0,4.034709089239382,-1,-999,0,0,0,0,0,0,0,0
12,148,0,1,0,1,0,0,0,20,5.514183536927229,-1,-999,0,0,0,0,0,0,0,1
27,42,0,0,0,1,0,0,0,12,4.517875625873006,-1,-999,0,10,0,23,0,0,0,0
22,37,0,0,0,1,0,0,0,0,4.3029441652744005,-1,-999,0,4,0,8,0,0,0,0
20,1,0,1,0,1,0,0,1,0,3.7623107361338706,-1,-999,0,1,0,17,0,0,0,0
18,1,0,1,0,1,0,0,0,0,3.8561962982193796,-1,-999,0,4,0,7,0,0,0,0
24,1,0,1,0,1,0,0,0,0,3.98319563424773,-1,-999,0,0,0,1,1,0,0,0
27,1,0,0,0,1,0,0,0,0,4.250571945454582,-1,-999,0,1,0,23,0,1,0,0
29,1,0,0,0,3,0,0,0,3,4.121219243831912,-1,-999,0,0,0,0,0,0,0,1
14,15,0,1,0,1,0,0,0,0,3.8614992310092955,-1,-999,0,22,3,64,0,0,0,0
72,1,0,0,0,1,0,0,2,0,4.050918527965468,-1,-999,0,0,0,0,0,0,0,1
17,1,0,0,0,1,0,0,0,0,3.6732696895151085,-1,-999,0,12,0,32,0,0,0,0
28,1,0,1,0,1,0,0,0,0,4.222690418935625,-1,-999,0,0,12,13,0,0,0,0
24,0,0,0,0,1,0,0,0,0,4.002268084440845,-1,-999,0,2,0,4,1,0,0,1
25,40,0,0,0,0,1,1,0,0,4.372547636344432,-1,-999,0,0,0,0,0,0,0,1
11,13,0,0,0,0,0,0,0,0,3.913400745661378,-1,-999,0,0,0,0,0,0,0,0
23,1,0,0,0,1,0,0,0,0,3.796960730356965,-1,-999,0,8,0,61,0,0,0,0
12,21,0,1,0,1,0,0,0,0,3.7617978103444116,-1,-999,0,0,0,59,0,0,0,0
40,1,0,0,0,3,0,0,2,9,4.42091452195184,-1,-999,0,0,0,0,0,0,0,1
16,9,0,0,0,1,0,0,1,0,3.8820488277869583,-1,-999,0,0,0,0,0,0,0,0
27,20,0,0,0,1,2,0,1,6,4.453690048339572,-1,-999,0,2,0,7,0,0,1,1
20,7,0,1,0,1,0,0,0,0,4.182336834024969,-1,-999,0,3,0,2,1,0,0,1
11,1,0,0,0,1,0,0,0,3,3.576617644908666,-1,-999,0,0,0,0,0,0,0,1
18,26,0,0,0,1,0,0,0,6,4.483617685440306,-1,-999,0,2,0,13,0,0,0,0
61,57,0,0,0,1,1,0,4,36,4.800502441574518,-1,-999,0,0,0,0,0,0,0,1
12,1,0,0,0,1,0,0,0,4,3.4464393446710155,-1,-999,0,0,0,0,0,0,0,1
8,1,0,1,0,0,0,0,0,0,3.5280643115840493,-1,-999,0,15,1,17,0,0,0,0
11,148,0,0,0,1,0,0,0,24,5.457134952789971,-1,-999,0,0,0,0,0,0,0,1
21,93,0,0,0,1,1,0,0,45,5.024436335248555,-1,-999,0,0,0,0,0,0,0,1
46,68,0,1,0,4,2,0,0,14,4.796486535491716,-1,-999,0,0,0,0,0,0,0,1
12,37,0,0,0,1,0,0,0,6,4.493161453171754,-1,-999,0,0,0,1,0,0,0,0
25,13,0,0,0,2,0,0,0,6,4.427979696753515,-1,-999,0,0,0,3,0,0,0,1
42,1,0,1,0,3,1,0,2,3,4.235479998537294,-1,-999,0,0,0,0,0,0,0,1
19,33,0,0,0,1,1,0,0,0,4.143165244563694,-1,-999,0,0,0,0,0,0,0,1
17,42,0,0,0,1,0,0,0,4,4.182123431167778,-1,-999,0,0,0,1,0,0,0,0
11,35,0,1,0,1,0,0,0,11,4.712949307598832,-1,-999,0,0,0,10,0,0,1,1
23,88,0,1,0,1,0,0,1,10,5.314468304875446,-1,-999,0,0,0,0,0,0,0,1
17,1,0,1,0,1,0,0,1,4,3.9790978911348054,-1,-999,0,0,0,0,0,0,0,1
50,67,0,1,0,3,2,0,1,18,4.688711708929338,-1,-999,0,0,0,0,0,0,0,1
17,87,0,0,0,1,0,0,0,7,4.795599199895725,-1,-999,0,2,1,112,0,0,0,0
50,68,0,1,0,3,2,0,1,26,4.882941605546922,-1,-999,0,0,0,0,0,0,0,1
20,1,0,1,0,1,0,0,0,0,4.021268494903765,-1,-999,0,0,0,1,1,0,0,0
14,0,0,0,0,1,0,0,0,0,3.558518613048906,-1,-999,0,0,0,2,0,0,0,0
23,267,0,1,0,1,0,0,0,126,4.845974786030138,-1,-999,0,0,1,1,0,0,0,1
29,10,0,1,0,3,0,0,0,1,4.293222627951163,-1,-999,0,0,0,0,0,0,0,1
22,46,0,0,0,1,0,0,0,0,4.050961024316474,-1,-999,0,0,0,0,0,0,0,1
18,28,0,0,0,1,0,0,0,0,4.2208581341683455,-1,-999,0,1,1,24,0,0,1,0
23,1,0,0,0,1,0,0,0,0,3.8371256496420143,-1,-999,0,0,0,53,0,0,1,0
24,19,0,0,0,1,0,0,0,3,4.307976439385301,-1,-999,0,0,0,0,0,0,0,1
9,25,0,0,0,0,0,0,0,0,4.061956505136041,-1,-999,0,0,0,0,0,0,0,0
20,27,0,0,0,1,0,0,0,0,4.047239364967829,-1,-999,0,2,2,6,0,0,0,0
27,1,0,1,0,1,0,0,0,1,4.0860486123130375,-1,-999,0,0,0,4,1,0,0,1
9,22,0,0,0,0,0,0,0,2,4.31682689807206,-1,-999,0,0,0,0,0,0,0,1
18,41,0,0,0,1,0,0,0,0,4.322443505847173,-1,-999,0,0,0,0,0,0,0,0
20,1,0,1,0,1,0,0,0,0,3.745406425938248,-1,-999,0,190,0,71,0,0,0,0
21,1,0,1,0,1,0,0,0,0,4.056564762130955,-1,-999,0,0,0,0,0,0,0,0
17,58,0,1,0,1,0,0,0,2,4.260584120416877,-1,-999,0,0,0,26,0,0,0,0
12,60,0,0,1,0,1,0,0,10,4.926318838740555,-1,-999,0,0,0,0,0,0,0,1
19,25,0,1,0,0,1,0,0,1,4.428536535690753,-1,-999,0,0,0,0,0,0,0,1
16,392,0,0,0,1,0,0,0,52,5.510583930742237,-1,-999,0,0,0,0,0,0,0,1
26,1,0,1,0,1,0,0,0,0,3.932874360347046,-1,-999,0,1,0,10,0,0,0,0
21,41,0,0,0,1,0,0,0,0,4.120487820153894,-1,-999,0,0,0,0,0,0,0,1
24,13,0,1,0,0,0,0,1,0,4.041092818215358,-1,-999,0,0,0,0,0,0,0,1
24,1,0,1,0,1,0,0,0,0,3.98319563424773,-1,-999,0,0,0,2,1,0,0,0
17,68,0,0,0,1,0,0,0,7,4.439444707753806,-1,-999,0,0,0,0,0,0,0,1
12,42,0,0,0,0,0,0,0,21,4.487473402852924,-1,-999,1,35,0,18,0,0,0,1
26,37,0,0,0,1,0,0,0,3,4.539877574570947,-1,-999,0,0,0,0,0,0,0,1
26,52,0,1,0,1,0,0,0,2,4.274265702442721,-1,-999,0,0,0,0,0,0,0,1
24,11,0,1,0,1,0,0,1,0,4.217859107657963,-1,-999,0,0,0,0,0,0,0,1
22,1,0,0,0,1,0,0,1,0,4.056564762130955,-1,-999,0,0,0,0,0,0,0,1
13,1,0,1,0,0,0,0,0,0,3.6635327548042547,-1,-999,0,9,0,9,0,0,0,0
24,35,0,1,0,2,1,1,0,1,4.3997624631049455,-1,-999,0,0,0,23,1,1,0,1
12,14,0,0,0,0,0,0,0,0,3.907734270742486,-1,-999,0,0,0,0,0,0,0,1
20,30,0,0,0,1,0,0,0,0,3.9794033388709775,-1,-999,0,2,0,36,0,0,1,0
29,8,0,0,0,1,0,0,0,22,4.394429141101805,-1,-999,0,0,0,0,0,0,0,1
14,45,0,0,0,1,0,0,0,3,4.493215385344134,-1,-999,0,0,0,0,0,0,0,0
14,13,0,1,0,0,0,0,0,0,3.914159445145515,-1,-999,0,0,0,0,0,0,0,1
34,48,0,1,0,2,0,0,0,10,4.637299036100957,-1,-999,0,0,0,0,0,0,0,0
27,5,0,1,0,1,0,0,0,0,3.8586949695628423,-1,-999,0,0,3,20,0,0,0,1
16,23,0,1,0,1,0,0,0,0,4.309284064167407,-1,-999,0,4,0,5,0,0,0,0
10,46,0,0,0,1,0,0,0,0,4.307432947689791,-1,-999,0,0,0,0,0,0,0,0
29,1,0,0,0,1,0,0,0,3,4.005958095007847,-1,-999,0,0,0,0,0,0,0,1
10,55,0,0,0,0,0,0,0,14,4.685288154364797,-1,-999,0,0,0,0,0,0,0,0
23,1,0,1,0,1,0,0,0,0,4.054229296672175,-1,-999,0,0,0,27,0,0,0,0
17,1,0,1,0,1,0,0,1,0,3.9021748142117283,-1,-999,0,0,0,23,0,0,0,0
15,176,0,0,0,1,0,0,0,28,5.602125845084115,-1,-999,0,8,0,12,0,0,1,1
21,93,0,0,0,1,0,0,0,9,4.625246129433109,-1,-999,0,0,0,4,0,0,0,0
22,62,0,0,0,0,0,0,0,25,4.673190624397682,-1,-999,0,0,0,0,0,0,0,1
11,9,0,0,0,0,0,0,0,0,4.014146761422728,-1,-999,0,0,0,0,0,0,0,1
26,20,0,0,0,1,0,0,1,3,4.191582304276018,-1,-999,0,0,0,0,0,0,0,1
24,0,0,0,0,0,0,0,0,0,3.934530488630849,-1,-999,0,12,0,130,0,0,0,0
34,1,0,1,0,1,0,0,2,5,4.257319115016275,-1,-999,0,0,0,0,0,0,0,1
27,21,0,0,0,1,0,0,0,1,4.2652855683382205,-1,-999,0,17,0,21,0,0,0,0
16,9,0,1,0,1,0,0,0,0,4.086526226193702,-1,-999,0,4,0,5,0,0,0,0
50,69,0,0,0,3,2,0,1,17,4.74594376481498,-1,-999,0,0,0,0,0,0,0,1
17,1,0,1,0,1,0,0,0,0,3.690260390968384,-1,-999,0,1,0,16,0,0,1,0
22,72,0,1,0,1,1,0,0,31,4.87403156668417,-1,-999,0,0,0,0,0,0,0,1
21,52,0,0,0,1,0,0,0,6,4.552890051478966,-1,-999,0,0,0,5,0,0,0,0
21,28,0,0,0,1,0,0,0,1,4.300147279309247,-1,-999,0,0,0,0,0,0,1,0
13,1,0,0,1,0,0,0,0,10,3.463280517810811,-1,-999,0,0,0,0,0,0,0,1
27,1,0,1,0,1,0,0,0,0,3.9885548621928453,-1,-999,0,18,1,32,0,0,0,0
31,26,0,1,0,3,0,1,0,3,4.562462382419515,-1,-999,0,0,0,0,0,0,0,1
20,9,0,0,0,1,0,0,0,0,3.953968403919608,-1,-999,0,0,0,0,0,0,0,1
30,30,0,0,0,1,0,0,0,0,4.132284900119889,-1,-999,0,0,0,0,0,0,0,1
26,37,0,1,0,1,0,0,0,2,4.103039550812411,-1,-999,0,0,0,0,0,0,0,1
28,1,0,0,0,1,0,0,2,0,4.197159723424149,-1,-999,0,0,0,0,0,0,0,1
21,25,0,0,0,1,0,0,0,1,4.17812865291381,-1,-999,0,0,0,0,0,0,0,1
22,0,0,1,0,1,0,0,1,1,4.173557262275185,-1,-999,0,0,0,0,0,0,0,1
42,67,0,0,0,3,2,0,0,15,4.667553029618143,-1,-999,0,0,0,0,0,0,0,1
23,1,0,1,0,1,0,0,0,0,3.792837797403416,-1,-999,0,0,0,1,0,0,0,0
26,1,0,1,0,1,0,0,0,0,3.914159445145515,-1,-999,1,12,0,87,0,0,0,0
19,1,0,0,0,1,0,0,0,0,3.9582291686698783,-1,-999,0,23,2,36,0,0,1,0
24,1,0,1,0,1,0,0,2,0,4.043801694853791,-1,-999,0,0,0,0,0,0,0,1
15,19,0,1,0,1,0,0,0,1,4.423487650544802,-1,-999,0,0,1,50,0,0,0,0
23,1,0,1,0,1,0,0,0,0,3.9292292966721747,-1,-999,0,22,0,33,0,0,1,0
17,29,0,0,0,1,0,0,0,10,4.510386020356014,-1,-999,0,0,0,0,0,0,0,1
31,45,0,0,0,1,0,0,1,0,4.322068915219126,-1,-999,0,1,0,54,0,0,0,0
27,171,0,1,0,1,2,0,1,60,4.6262819567951,-1,-999,0,0,0,0,0,0,0,1
17,1,0,1,0,1,0,0,1,0,3.9790978911348054,-1,-999,0,0,0,0,0,0,0,0
22,17,0,1,0,0,0,0,0,0,4.228233608536417,-1,-999,0,0,0,0,0,0,0,1
28,0,0,1,0,1,0,0,1,0,3.926733681937771,-1,-999,0,0,0,1,0,0,0,1
8,51,0,0,0,0,0,0,0,10,4.40631633241217,-1,-999,0,0,0,0,0,0,0,0
15,38,0,0,0,0,0,0,0,0,3.961139455871784,-1,-999,0,0,0,0,0,0,0,1
20,64,0,0,0,0,0,0,2,32,4.575808865614218,-1,-999,0,0,0,0,0,0,0,1
28,0,0,0,0,1,0,0,0,0,3.7602502466337198,-1,-999,1,3,1,23,0,0,0,0
7,8,0,1,0,0,0,0,0,1,4.0559581516151235,-1,-999,0,0,0,15,0,0,1,1
22,1,0,1,0,0,0,0,0,2,4.018081793978686,-1,-999,0,0,0,0,0,0,0,1
19,50,0,0,0,1,0,0,0,0,4.327554659468925,-1,-999,0,0,0,0,0,0,0,0
22,41,0,1,0,1,0,0,0,0,4.376644085533827,-1,-999,0,3,0,20,0,0,0,0
28,1,0,1,0,1,0,0,0,0,4.331385059672761,-1,-999,0,0,0,1,0,0,0,1
12,198,0,0,1,0,1,0,0,36,4.9958168442217525,-1,-999,0,0,0,0,0,0,0,1
14,1,0,0,0,1,0,0,0,0,3.6635327548042547,-1,-999,0,0,0,10,0,0,0,0
18,14,0,0,0,1,0,0,0,0,4.162980744225907,-1,-999,1,14,2,8,0,0,0,0
16,0,0,1,0,1,0,0,0,0,3.886842188131012,-1,-999,1,7,6,56,0,0,0,0
14,80,0,1,0,1,0,0,0,13,4.771382912138807,-1,-999,0,0,0,3,0,0,0,0
14,1,0,1,0,1,0,0,0,0,3.675310868912364,-1,-999,0,0,0,0,0,0,0,1
18,17,0,1,0,0,1,0,0,4,4.251164173004869,-1,-999,0,0,0,0,0,0,0,1
32,1,0,0,0,2,2,0,0,0,4.189822782008756,-1,-999,0,0,0,0,0,0,0,1
58,9,0,0,0,3,0,0,0,4,4.394886730833879,-1,-999,0,0,0,0,1,0,0,1
25,1,0,0,0,1,0,0,0,0,3.8997141947882312,-1,-999,0,4,1,87,0,0,0,0
27,1,0,1,0,1,0,0,0,0,4.107017709595357,-1,-999,0,0,0,0,0,0,0,0
53,55,0,0,0,3,0,0,1,4,4.401787435038229,-1,-999,0,0,0,0,0,0,0,1
16,1,0,1,0,1,0,0,0,0,3.9434651896016475,-1,-999,0,4,2,12,0,0,1,0
10,32,0,0,0,1,0,0,0,0,4.099631661308525,-1,-999,0,0,0,0,0,0,0,0
17,69,0,0,0,0,1,0,0,8,4.549806866046801,-1,-999,0,0,0,1,1,0,0,0
37,11,0,1,0,1,1,0,1,0,4.14675280670598,-1,-999,0,0,0,0,0,0,0,1
17,7,0,1,0,1,0,0,0,0,3.8514097655573916,-1,-999,0,0,0,0,0,0,0,0
24,0,0,0,0,1,0,0,0,0,3.937751955408587,-1,-999,0,0,0,1,0,0,0,1
26,64,0,0,0,1,0,0,1,25,4.884677827290787,-1,-999,0,15,0,12,0,0,0,1
13,100,0,0,0,1,0,0,0,12,4.598871979723209,-1,-999,0,0,0,34,0,0,0,0
22,8,0,0,0,1,0,0,0,0,4.046762824854521,-1,-999,0,0,0,6,0,0,0,0
12,1,0,0,0,1,0,0,0,0,3.8841837197791893,-1,-999,1,11,1,10,1,0,0,1
34,39,0,0,0,1,0,0,0,6,4.876318838740556,-1,-999,0,0,0,1,0,0,0,1
16,9,0,1,0,1,0,0,0,0,4.025920165587641,-1,-999,0,4,0,5,0,0,0,0
15,104,0,1,0,1,0,0,0,13,5.527747238711731,-1,-999,0,0,0,1,0,0,0,1
20,33,0,0,0,1,0,0,0,17,4.872905595320057,-1,-999,0,0,0,1,0,0,0,1
22,13,0,1,0,1,0,0,0,0,4.071873337085179,-1,-999,0,0,0,0,0,0,0,1
14,45,0,0,0,1,0,0,0,0,4.376892415596162,-1,-999,1,23,0,16,0,0,0,0
39,10,0,0,0,3,0,0,2,4,4.532639243749494,-1,-999,0,0,0,0,0,0,0,1
20,24,0,0,0,1,0,0,0,0,4.24313410688167,-1,-999,0,0,0,0,0,0,0,1
11,77,0,1,0,0,1,1,0,5,4.701242838584812,-1,-999,0,0,0,0,0,0,0,1
22,32,0,0,0,1,0,0,0,0,4.386261937422484,-1,-999,0,0,0,21,0,0,1,0
16,26,0,1,0,1,0,0,0,0,4.37082650068666,-1,-999,0,4,0,5,0,0,0,0
25,1,0,0,0,1,0,0,0,0,4.020926316000352,-1,-999,0,0,0,0,0,0,0,0
20,92,0,0,0,1,0,0,0,14,4.51876772497638,-1,-999,0,0,0,1,0,0,0,0
20,1,0,1,0,1,0,0,0,0,3.745406425938248,-1,-999,0,12,2,14,0,0,0,0
24,1,0,1,0,1,0,0,1,0,3.836081907815205,-1,-999,0,4,2,16,0,0,0,0
15,23,0,1,0,1,0,0,0,0,4.230432750505621,-1,-999,0,0,1,41,0,0,0,0
20,0,0,0,0,1,0,0,1,0,3.940072687348654,-1,-999,0,0,0,8,0,0,0,0
18,60,0,0,0,1,0,0,0,14,4.480809578146661,-1,-999,0,16,1,13,0,0,0,0
18,73,0,0,0,0,0,0,2,30,4.526298392603337,-1,-999,0,0,0,0,0,0,0,1
17,26,0,0,0,0,0,0,0,0,4.130881379939834,-1,-999,0,0,0,0,0,0,0,1
35,1,0,1,0,1,0,0,0,0,4.061482186720776,-1,-999,0,20,0,34,0,0,1,0
54,76,0,1,0,4,2,0,1,21,4.785458701478423,-1,-999,0,0,0,0,0,0,0,1
9,5,0,0,0,0,0,0,0,0,3.844232898763192,-1,-999,0,0,0,0,0,0,0,1
29,26,1,0,0,2,0,0,0,1,4.100811384248414,-1,-999,0,0,0,0,0,0,0,1
12,18,0,1,0,0,0,0,0,0,4.366091329119192,-1,-999,0,0,0,0,0,0,0,1
20,55,0,1,0,1,0,0,0,6,4.540676787661717,-1,-999,0,0,0,0,0,0,0,0
23,47,0,0,0,0,0,0,0,23,4.793304567884498,-1,-999,0,0,0,0,0,0,0,1
16,22,0,0,0,1,0,0,0,8,4.32453476270788,-1,-999,0,0,0,1,1,0,0,0
14,11,0,1,0,1,0,0,0,2,4.248495255525411,-1,-999,0,0,0,0,0,0,0,1
14,23,0,0,0,1,0,0,0,0,4.172404562203418,-1,-999,0,0,0,0,0,0,0,0
21,1,0,1,0,1,0,0,0,1,3.8565647621309544,-1,-999,0,2,0,4,1,0,0,1
11,97,0,0,0,0,0,0,0,12,4.761333343195742,-1,-999,0,1,1,11,0,0,0,0
19,1,0,0,0,1,0,0,0,0,3.602316558505552,-1,-999,0,19,0,5,0,0,1,0
8,39,0,0,0,0,1,0,0,4,4.310562386441367,-1,-999,0,0,0,0,0,0,0,1
11,4,0,0,0,0,0,0,0,0,3.629219686524097,-1,-999,0,0,0,43,0,0,0,1
17,1,0,0,0,1,0,0,0,0,3.8332696895151086,-1,-999,0,0,0,0,0,0,0,0
20,1,0,0,0,1,0,0,0,0,4.039148671903071,-1,-999,0,0,0,0,0,0,0,0
20,29,0,0,0,1,0,0,0,0,4.578890859209904,-1,-999,0,0,0,1,0,0,0,0
29,1,0,1,0,1,0,0,1,4,4.5567521843254175,-1,-999,0,0,0,0,0,0,0,1
10,48,0,0,0,0,0,0,0,6,4.333283967769672,-1,-999,0,3,1,17,0,0,0,1
24,1,0,1,0,1,0,0,0,0,3.98319563424773,-1,-999,0,4,0,27,0,0,0,0
18,10,0,0,0,0,0,0,0,0,3.978864088188098,-1,-999,0,0,1,13,0,0,0,0
34,4,0,0,0,3,0,0,0,8,4.261095807768472,-1,-999,0,0,0,0,0,0,0,1
23,51,0,1,0,1,0,0,0,0,4.219582572734027,-1,-999,0,1,0,45,0,0,0,0
14,1,0,1,0,0,1,0,0,0,3.7081320646586016,-1,-999,0,0,0,16,0,0,0,0
20,25,0,1,0,1,0,0,0,0,4.22511403019066,-1,-999,0,0,0,4,0,0,0,0
20,1,0,1,0,1,0,0,0,0,3.978333581185264,-1,-999,0,1,0,71,0,1,0,0
16,39,0,0,0,1,1,0,0,0,4.208150449281536,-1,-999,0,0,0,0,0,0,0,1
45,0,0,1,0,1,1,0,0,0,4.18549392698104,-1,-999,0,0,0,1,0,0,0,1
15,14,0,0,0,0,0,0,0,0,3.9613201402110083,-1,-999,0,0,0,0,0,0,0,1
17,52,0,0,0,1,1,0,0,5,4.642489770439048,-1,-999,0,1,1,15,0,0,0,0
34,1,0,0,0,1,0,0,0,0,4.175188482808195,-1,-999,0,2,0,36,0,0,1,0
30,69,0,1,0,0,0,0,0,6,4.702313230023719,-1,-999,0,18,2,59,0,0,0,1
20,143,0,0,0,1,2,0,0,26,5.416697384557744,-1,-999,0,0,0,0,0,0,0,1
14,40,0,0,0,0,0,0,0,4,4.522961878859162,-1,-999,0,39,0,36,0,0,0,0
21,51,0,0,0,1,0,0,0,8,5.024115128812536,-1,-999,0,0,0,2,0,0,0,0
28,0,0,0,0,1,0,0,0,1,4.193429088311724,-1,-999,0,0,0,1,0,0,0,1
14,414,0,0,0,1,0,0,0,190,4.478045520168719,-1,-999,0,0,0,0,0,0,0,1
18,21,0,1,0,2,0,0,0,0,4.13907129820996,-1,-999,0,4,0,5,0,0,0,0
18,64,0,1,0,1,0,0,0,8,4.684648180386232,-1,-999,0,0,0,0,0,0,0,1
50,19,0,0,0,3,2,0,1,10,4.541472454605284,-1,-999,0,0,0,0,0,0,0,1
15,36,0,0,0,1,0,0,0,4,4.458093936508422,-1,-999,0,0,0,0,0,0,0,0
16,1,0,1,0,1,0,0,0,0,3.8634651896016474,-1,-999,0,7,1,39,0,0,0,0
20,1,0,1,0,1,0,0,0,0,4.021268494903765,-1,-999,0,10,1,19,0,0,1,0
14,26,0,0,0,1,0,0,0,0,4.0462090008354865,-1,-999,0,0,0,0,0,0,0,1
15,1,0,1,0,1,0,0,0,0,3.7406015629507228,-1,-999,0,2,0,11,0,0,0,0
22,4,0,1,0,1,0,0,0,0,3.6679139440006217,-1,-999,0,0,0,9,0,0,0,0
19,18,0,0,0,0,0,0,1,0,4.174674231978643,-1,-999,0,0,0,0,0,0,0,1
27,47,0,0,0,1,0,0,0,23,4.784449547089786,-1,-999,0,0,0,0,0,0,0,1
13,71,0,0,0,1,0,0,0,24,4.373916682237504,-1,-999,0,0,0,1,0,0,0,1
22,44,0,0,0,1,0,0,0,0,4.227956450564381,-1,-999,0,7,0,193,0,0,1,0
21,37,0,0,0,1,0,0,0,0,4.3782444062497134,-1,-999,0,0,0,0,0,0,0,0
19,1,0,1,0,1,0,0,0,0,4.039148671903071,-1,-999,0,0,0,1,1,0,0,0
18,45,0,0,0,1,0,0,0,2,4.648586724205758,-1,-999,0,5,1,29,0,0,0,0
33,0,0,0,0,1,0,0,0,0,4.327567157116929,-1,-999,0,2,0,7,0,0,0,0
17,15,0,1,0,1,0,0,0,6,4.393942707918269,-1,-999,0,6,0,12,0,0,0,0
17,74,0,0,0,1,0,0,0,6,4.600688478930298,-1,-999,0,4,0,13,0,0,0,0
26,1,0,0,0,1,0,0,0,0,3.8588029144615943,-1,-999,0,0,0,0,0,0,0,0
18,11,0,0,0,0,0,0,0,6,4.204511459715549,-1,-999,0,0,0,16,0,0,0,0
18,0,0,0,0,1,0,0,0,2,4.053660689688186,-1,-999,0,4,2,11,0,0,0,0
13,42,0,0,1,0,0,0,0,16,4.461787842435572,-1,-999,0,0,0,0,0,0,0,1
14,1,0,1,0,1,0,0,0,0,3.729446194905256,-1,-999,0,0,0,6,0,0,0,0
15,44,0,0,0,1,0,0,0,9,4.342929159229705,-1,-999,0,0,0,0,0,0,0,0
21,1,0,1,0,0,1,0,1,0,4.0980685120588385,-1,-999,0,0,0,0,0,0,0,1
17,10,0,1,0,1,0,0,0,0,3.940436146246772,-1,-999,0,0,0,1,1,0,0,0
36,1,0,1,0,1,1,0,0,0,3.946835597766776,-1,-999,0,0,0,0,0,0,0,1
19,19,0,1,0,1,1,0,0,0,4.363038521594966,-1,-999,0,0,0,0,0,0,0,0
17,33,0,1,0,1,0,0,0,3,4.710923667317558,-1,-999,0,0,0,0,0,0,0,1
19,21,0,0,0,1,0,0,0,4,4.272361989837416,-1,-999,0,0,0,0,0,0,0,1
35,31,0,0,0,1,0,0,0,2,4.355394380822004,-1,-999,0,0,0,0,0,0,0,1
20,40,0,0,0,1,1,0,0,0,4.25231242220894,-1,-999,0,0,0,0,0,0,0,1
17,1,0,1,0,1,0,0,1,0,3.738149333192866,-1,-999,1,66,1,21,0,0,0,0
30,10,0,0,0,3,1,0,0,4,4.6053885422075345,-1,-999,0,0,0,0,0,0,0,1
16,25,0,0,0,1,1,0,0,0,4.097794209361695,-1,-999,0,0,0,0,0,0,0,1
14,12,0,1,0,1,0,0,0,3,4.160704752887783,-1,-999,0,0,0,0,0,0,0,1
22,1,0,0,0,1,0,0,0,0,4.047742678581274,-1,-999,0,2,0,12,0,0,0,0
19,1,0,0,0,1,0,0,0,0,3.7541634277688805,-1,-999,0,8,1,83,0,0,0,0
18,37,0,1,0,1,0,0,0,8,4.7369788840170965,-1,-999,0,0,0,5,0,0,0,0
19,132,0,0,0,0,3,0,0,5,4.765829444151729,-1,-999,0,0,0,0,0,0,0,1
17,23,0,0,0,1,0,0,0,0,4.0462090008354865,-1,-999,0,0,0,0,0,0,0,1
16,80,0,0,0,1,0,0,0,7,4.410243568376558,-1,-999,0,9,0,42,0,0,0,0
10,52,0,1,0,0,0,1,0,0,4.382731458851145,-1,-999,0,0,0,1,0,0,0,1
16,1,0,0,0,1,0,0,0,0,3.605388542207534,-1,-999,0,12,0,77,0,0,0,0
20,37,0,0,0,1,0,0,0,0,4.310732282211645,-1,-999,0,0,0,6,0,0,0,0
30,0,0,0,0,1,0,0,0,1,4.107969919624532,-1,-999,0,2,0,5,0,0,0,1
18,19,0,1,0,1,0,0,0,0,4.197082818407666,-1,-999,0,4,2,25,0,0,0,0
17,16,0,0,0,1,0,0,0,0,4.293942707918269,-1,-999,0,1,1,19,0,0,0,0
16,29,0,0,0,0,1,0,0,3,4.067060930265178,-1,-999,0,0,0,0,0,0,0,1
22,24,0,0,0,1,0,0,0,0,4.048793691172803,-1,-999,0,1,1,13,0,0,0,0
29,0,0,0,0,1,0,0,0,0,3.9193819456463714,-1,-999,0,0,0,7,0,0,0,0
61,57,0,1,0,1,1,0,4,38,4.814005483482643,-1,-999,0,0,0,0,0,0,0,1
25,0,0,0,0,1,0,0,0,0,4.077819531114783,-1,-999,0,2,0,4,1,0,0,1
31,10,0,0,0,3,0,0,0,3,4.183208073322318,-1,-999,0,0,0,0,0,0,0,1
17,9,0,1,0,1,0,0,0,0,4.02085512047121,-1,-999,0,0,0,87,0,0,0,0
27,17,0,0,0,1,0,0,2,0,4.2406694594488705,-1,-999,0,24,0,17,0,1,0,0
24,1,0,0,0,1,0,0,0,0,3.9681390622295662,-1,-999,0,4,1,31,0,0,0,0
17,28,0,0,0,0,0,0,0,4,4.272769892034795,-1,-999,0,31,2,54,0,0,0,0
17,26,0,0,0,1,0,0,0,0,4.343465189601647,-1,-999,0,1,1,27,0,0,0,0
31,1,0,0,0,0,0,0,2,1,4.2849009365890725,-1,-999,0,0,0,0,0,0,0,1
43,1,0,0,0,1,0,0,3,5,4.618024606465274,-1,-999,0,0,0,0,0,0,0,1
42,24,0,0,0,3,0,0,2,1,4.254558895904882,-1,-999,0,0,0,0,0,0,0,1
14,22,0,0,0,1,0,0,0,6,4.277797824812466,-1,-999,0,3,0,10,0,0,1,0
24,19,0,0,0,1,0,0,1,0,4.078242691024847,-1,-999,0,0,0,0,0,0,0,0
18,65,0,1,0,0,1,0,1,25,4.936287163672792,-1,-999,0,0,0,0,0,0,0,1
42,67,0,0,0,3,2,0,0,19,4.719554700442298,-1,-999,0,0,0,0,0,0,0,1
12,17,0,0,0,0,0,0,0,4,4.432294243948856,-1,-999,0,0,0,0,0,0,0,1
11,1,0,1,0,1,0,0,0,1,3.5464393446710156,-1,-999,0,0,1,23,0,0,0,0
16,1,0,0,0,1,0,0,0,0,3.709147917027245,-1,-999,0,0,0,62,0,0,1,0
27,67,0,0,0,1,0,0,0,0,4.172850397241253,-1,-999,0,0,0,0,0,0,0,0
14,149,0,1,0,1,0,0,0,20,5.394771683568447,-1,-999,0,0,0,1,0,0,0,1
20,29,0,1,0,0,2,0,0,0,4.231865786687876,-1,-999,0,5,0,4,0,0,0,1
14,20,0,0,0,0,0,0,0,0,4.076348955520991,-1,-999,1,14,0,73,0,0,1,0
42,69,0,0,0,3,2,0,0,19,4.827720890387358,-1,-999,0,0,0,0,0,0,0,1
15,42,0,1,0,1,0,0,0,6,4.805778877512174,-1,-999,0,0,0,92,0,0,1,1
18,10,0,0,0,1,0,0,0,0,4.07914337402601,-1,-999,0,0,0,0,0,0,0,1
22,6,0,0,0,1,0,0,0,0,4.011585431837431,-1,-999,0,0,0,0,0,0,0,0
15,45,0,1,0,1,0,0,0,6,4.94799308455381,-1,-999,0,0,0,32,0,0,1,1
12,45,0,0,0,1,0,0,0,4,4.6093144063828495,-1,-999,0,0,0,0,0,0,0,0
19,45,0,0,0,1,0,0,0,0,4.333525860341991,-1,-999,0,1,0,11,0,0,0,0
15,1,0,1,0,1,0,0,0,0,3.855388542207534,-1,-999,0,0,0,0,0,0,0,0
34,1,0,1,0,0,0,0,0,0,3.957398255661862,-1,-999,0,11,1,79,0,0,0,0
10,68,0,1,0,0,0,0,0,15,4.823563662588293,-1,-999,0,0,0,0,0,0,0,1
15,1,0,0,0,1,0,0,0,0,3.642489673166126,-1,-999,0,0,0,0,0,0,0,0
13,31,0,0,1,0,1,0,0,10,4.177546303588604,-1,-999,0,0,0,0,0,0,0,1
13,20,0,1,0,0,0,0,0,2,4.490548304185255,-1,-999,0,0,0,0,0,0,0,1
17,4,0,1,0,1,0,0,0,0,3.7024715122197467,-1,-999,0,3,1,54,0,0,0,0
24,32,0,0,0,1,0,0,1,0,4.6499433125951875,-1,-999,0,11,0,19,0,0,0,0
13,73,0,0,0,1,0,0,0,11,4.63683928114772,-1,-999,0,0,0,0,0,0,0,0
13,8,0,0,0,1,0,0,0,1,3.7439821538141276,-1,-999,0,0,0,0,0,0,0,0
18,0,0,0,0,1,0,0,0,0,3.6732696895151085,-1,-999,0,2,1,9,0,0,0,0
13,1,0,0,0,1,0,0,0,0,3.463280517810811,-1,-999,0,0,0,2,0,0,0,0
18,1,0,0,0,1,0,0,0,0,3.921029621737615,-1,-999,0,0,0,0,1,0,0,0
18,67,0,0,0,1,1,0,0,21,4.737932271547934,-1,-999,0,0,0,0,0,0,0,1
16,72,0,0,0,1,0,0,0,23,4.997862713978784,-1,-999,0,0,0,1,0,0,0,0
15,64,0,0,0,1,0,0,0,8,4.393135685309279,-1,-999,0,0,0,0,0,0,0,0
4,4,0,0,0,0,0,0,0,2,3.323231428797621,-1,-999,0,0,0,0,0,0,0,1
21,1,0,0,0,1,0,0,1,0,3.995237891380887,-1,-999,0,38,0,20,0,0,0,0
19,13,0,0,0,1,0,0,0,0,4.067202859776943,-1,-999,0,0,0,3,0,0,0,0
34,38,0,0,0,0,0,0,1,0,4.076383921176119,-1,-999,0,0,0,0,0,0,0,1
22,21,0,1,0,1,1,1,0,0,4.261590412327623,-1,-999,0,0,0,0,0,0,0,1
13,0,0,0,0,1,0,0,0,0,3.584183719779189,-1,-999,0,0,0,0,0,0,0,1
31,72,0,0,0,1,1,0,0,16,4.631944687561796,-1,-999,0,0,0,0,0,0,0,1
30,38,0,0,0,1,2,0,0,0,4.280645772372132,-1,-999,0,0,0,1,1,0,0,0
16,1,0,1,0,1,0,0,0,0,3.7034651896016473,-1,-999,0,2,1,15,0,0,0,0
16,12,0,0,0,1,0,0,0,0,3.818588646061332,-1,-999,0,2,1,41,0,0,0,0
16,58,0,1,0,1,0,0,0,6,5.10045569710812,-1,-999,0,0,0,26,0,0,1,1
18,92,0,0,0,1,0,0,0,0,4.205412200566033,-1,-999,0,0,0,0,0,0,0,0
14,1,0,0,0,0,1,0,0,0,3.572623663895164,-1,-999,0,0,0,0,0,0,0,1
14,1,0,1,0,1,0,0,0,2,3.588354347173233,-1,-999,0,2,3,26,0,0,1,0
29,190,0,1,0,1,0,0,0,39,4.950478185627181,-1,-999,0,0,0,0,0,0,0,0
12,34,0,0,0,0,1,0,0,2,4.147758077924436,-1,-999,0,0,0,0,0,0,0,1
30,1,0,1,0,2,0,0,0,0,3.8433809122589793,-1,-999,0,0,0,0,0,0,0,1
20,1,0,1,0,1,0,0,2,0,3.98319563424773,-1,-999,0,0,0,5,0,0,0,0
20,42,0,0,0,1,2,0,0,0,4.349102856542551,-1,-999,0,0,0,0,0,0,0,1
15,0,0,1,0,1,0,0,0,0,3.675310868912364,-1,-999,0,0,0,11,0,0,0,0
19,1,0,0,0,0,0,0,1,0,3.6521305573183818,-1,-999,0,0,0,0,0,0,0,1
19,39,0,0,0,0,0,0,0,4,4.54306046043736,-1,-999,0,2,2,13,0,0,0,1
11,1,0,1,0,1,0,0,0,0,3.3841837197791893,-1,-999,0,0,0,0,0,0,0,0
33,20,0,0,0,1,0,0,0,6,4.363501280039722,-1,-999,0,0,0,6,0,0,1,0
13,16,0,0,1,0,0,0,0,10,4.107017709595357,-1,-999,0,0,0,0,0,0,0,1
14,4,0,1,0,1,0,0,0,0,3.5364142371222305,-1,-999,0,0,1,29,0,0,0,0
20,58,0,1,0,1,0,0,0,7,4.621691681205154,-1,-999,0,0,0,2,1,0,0,0
23,1,0,0,0,1,0,0,0,2,4.15565155225257,-1,-999,0,0,0,0,0,0,0,1
27,47,0,0,0,0,1,0,0,2,4.352109423526158,-1,-999,0,10,0,38,0,0,0,0
44,20,0,0,0,3,2,0,3,0,4.205672740640621,-1,-999,0,0,0,0,0,0,0,1
21,99,0,0,0,1,0,0,0,0,4.061993209256638,-1,-999,0,0,0,1,1,0,0,0
12,24,0,1,0,1,0,0,0,4,4.473429846245158,-1,-999,0,0,1,1,0,0,0,0
15,69,0,0,0,1,0,0,0,3,4.895241624577318,-1,-999,0,0,0,0,0,0,0,0
15,1,0,1,0,1,0,0,0,0,3.7406015629507228,-1,-999,0,0,0,0,0,0,0,0
31,115,0,1,0,3,0,0,0,27,5.022609458182806,-1,-999,0,0,0,0,0,0,0,1
25,19,0,0,0,2,0,0,0,6,4.591652489446717,-1,-999,0,0,0,3,0,0,0,1
21,59,0,1,0,1,0,0,0,0,4.6253396820889146,-1,-999,0,9,0,5,0,0,0,0
10,181,0,0,0,0,2,0,0,20,5.296408396396372,-1,-999,0,0,0,0,0,0,0,1
18,26,0,0,0,0,0,0,0,0,4.123528901585399,-1,-999,0,0,0,0,0,0,0,1
20,1,0,1,0,1,0,0,0,0,4.1162646156680225,-1,-999,0,16,0,38,0,0,0,0
35,1,0,0,0,1,1,0,3,0,4.061822092770537,-1,-999,0,0,0,1,0,0,0,1
33,11,0,0,0,3,0,0,1,3,4.069511499582193,-1,-999,0,0,0,0,0,0,0,1
16,1,0,0,0,1,0,0,0,1,3.7406015629507228,-1,-999,0,1,0,3,0,0,0,0
20,60,0,1,0,0,0,0,0,0,4.464669619731897,-1,-999,0,0,0,3,0,0,0,1
36,1,0,1,0,2,0,0,1,2,4.26331504043758,-1,-999,0,0,0,0,0,0,0,1
22,1,0,0,0,1,0,0,0,0,3.7525842461721624,-1,-999,0,1,0,41,0,0,1,0
37,10,0,0,0,3,0,0,2,6,4.424360253423389,-1,-999,0,0,0,0,0,0,0,1
19,30,0,0,0,1,0,0,0,0,4.304873395496575,-1,-999,0,0,0,0,0,0,0,0
21,43,0,0,0,1,0,0,0,4,4.500316184845466,-1,-999,0,5,1,19,0,0,0,0
22,19,0,0,0,1,0,0,0,0,4.214661719245795,-1,-999,0,0,0,7,0,0,0,0
27,1,0,1,0,1,0,0,0,0,3.927451224964519,-1,-999,0,0,0,1,0,0,0,1
28,69,0,0,0,2,1,0,1,24,4.800803723045135,-1,-999,0,0,0,0,0,0,0,1
21,35,0,1,0,1,0,0,0,0,4.005598979118065,-1,-999,0,1,0,4,0,0,1,0
21,15,0,0,0,1,0,0,0,4,4.109306836490687,-1,-999,0,0,0,0,0,0,0,1
25,11,0,1,0,1,1,0,0,3,4.183546039377806,-1,-999,0,0,0,0,0,0,0,1
16,56,0,1,0,1,0,0,0,1,4.131521227172132,-1,-999,0,0,0,12,0,0,1,0
16,34,0,1,0,1,0,0,0,1,4.3359003927569875,-1,-999,0,4,0,5,0,0,0,0
31,43,0,0,0,1,1,0,0,0,4.243990516553045,-1,-999,0,14,0,35,0,0,0,0
15,73,0,0,0,1,0,0,0,10,4.9723621932762185,-1,-999,0,0,0,0,0,0,0,0
28,14,0,1,0,0,0,0,1,0,4.258688570451097,-1,-999,0,0,0,0,0,0,0,1
27,42,0,0,0,2,0,0,0,21,4.629378422776553,-1,-999,0,0,0,0,0,0,0,1
16,34,0,0,0,0,1,0,0,2,4.152638487876113,-1,-999,0,3,1,17,0,0,0,1
28,37,0,1,0,2,0,0,0,6,4.602859196798314,-1,-999,0,0,0,1,0,0,0,0
7,33,0,0,0,0,0,0,0,0,4.032763587096138,-1,-999,0,0,0,0,0,0,0,1
41,1,0,1,0,1,0,0,2,5,4.374177320667444,-1,-999,0,0,0,0,0,0,0,1
19,10,0,0,0,1,0,0,1,0,4.016875695766564,-1,-999,0,0,0,0,0,0,0,1
16,75,0,0,0,1,0,0,0,7,4.5292238097706,-1,-999,0,0,0,1,0,0,0,0
14,65,0,0,0,0,0,0,0,7,4.480727110781734,-1,-999,0,4,1,38,0,0,0,0
12,1,0,0,0,0,0,0,0,0,3.584183719779189,-1,-999,0,0,0,0,0,0,0,1
6,144,0,1,0,0,1,0,0,12,5.065342377774808,-1,-999,0,0,0,0,0,0,0,1
31,39,0,1,0,0,0,0,0,0,4.283564578635094,-1,-999,0,2,27,26,0,0,0,1
13,201,0,0,0,1,0,0,0,46,4.656884302561957,-1,-999,1,14,0,17,0,0,0,0
18,25,0,0,0,1,0,0,0,1,4.401954998452452,-1,-999,0,0,0,0,0,0,0,0
26,82,0,0,0,1,0,0,1,3,4.7927816088528195,-1,-999,0,0,0,0,0,0,0,0
15,20,0,0,0,0,0,0,0,0,4.052682601195655,-1,-999,0,1,0,21,0,0,0,1
14,11,0,1,0,1,0,0,0,4,4.369707376737533,-1,-999,0,0,0,0,0,0,0,1
50,68,0,1,0,3,2,0,1,23,4.764550050280537,-1,-999,0,0,0,0,0,0,0,1
34,1,0,0,0,1,0,0,2,1,3.89876847151208,-1,-999,0,0,0,0,0,0,0,1
29,26,0,1,0,3,0,1,0,1,4.4636569641937065,-1,-999,0,0,0,0,0,0,0,1
31,50,0,0,0,1,0,0,1,7,4.712218524052875,-1,-999,0,0,0,6,0,0,1,0
25,67,0,1,0,1,0,0,0,10,4.684632787035348,-1,-999,0,0,0,1,1,0,0,0
21,1,0,1,0,1,0,0,0,0,4.0062389286533895,-1,-999,0,0,0,0,0,0,0,0
35,29,0,1,0,1,2,0,0,0,4.214589329199093,-1,-999,0,0,0,0,0,0,0,1
38,27,0,0,0,2,2,0,1,0,4.19613147451933,-1,-999,0,0,0,0,0,0,0,1
16,53,0,1,0,1,0,0,0,13,4.6106431189718915,-1,-999,0,0,1,19,0,0,0,0
16,0,0,0,0,1,0,0,0,0,3.795088586397732,-1,-999,0,0,0,0,0,0,0,1
18,1,0,1,0,0,0,0,1,0,3.630275354881977,-1,-999,1,15,1,52,0,0,0,0
21,80,0,1,0,1,1,0,0,6,4.625170287863602,-1,-999,0,1,0,4,0,0,1,0
15,18,0,1,0,1,0,0,0,0,4.043544614839371,-1,-999,0,0,0,6,0,0,0,0
22,62,0,1,0,1,0,0,2,8,4.534325750723378,-1,-999,0,18,0,12,0,0,0,0
26,1,0,0,0,1,0,0,0,0,3.9620315910594455,-1,-999,0,15,0,44,0,0,0,0
14,0,0,1,0,1,0,0,0,0,3.4474015047059154,-1,-999,0,1,0,27,0,0,0,0
10,45,0,0,0,0,0,0,0,20,4.3776058916472875,-1,-999,0,0,0,0,0,0,0,1
14,67,0,0,0,0,1,0,0,19,4.714454602995127,-1,-999,0,0,0,0,0,0,0,1
27,39,0,1,0,1,0,0,0,8,4.487830522166009,-1,-999,0,2,0,40,0,0,0,0
38,23,0,0,0,1,1,0,1,0,4.177075667089542,-1,-999,0,0,0,1,1,0,0,0
18,1,0,0,0,1,0,0,1,0,3.921029621737615,-1,-999,0,0,0,3,0,0,0,0
23,1,0,0,0,1,0,0,0,0,3.8245334068819115,-1,-999,0,2,0,8,0,1,0,0
21,31,0,1,0,1,0,0,0,6,4.7621436897736364,-1,-999,1,41,1,80,0,0,0,0
13,76,0,1,0,1,1,0,0,10,4.9296824568998145,-1,-999,0,0,0,0,0,0,0,1
23,1,0,0,0,1,0,0,0,0,4.082597923010944,-1,-999,0,2,1,17,0,0,1,0
25,31,0,0,0,1,0,0,0,8,5.008715637648267,-1,-999,0,0,0,0,0,0,0,1
13,17,0,1,0,1,0,0,0,0,3.9450386975402454,-1,-999,0,2,4,41,0,0,1,0
21,15,0,0,0,1,0,0,0,0,4.03383910398286,-1,-999,0,0,0,0,0,0,0,1
17,36,0,0,0,1,0,0,0,2,4.348824871352452,-1,-999,0,1,0,49,0,0,0,0
16,1,0,1,0,1,0,0,0,0,3.8634651896016474,-1,-999,0,0,0,0,0,0,0,0
20,30,0,0,0,1,1,0,0,0,4.241152190424381,-1,-999,0,0,0,6,0,0,0,1
24,49,0,0,0,2,0,0,0,4,4.515795177172515,-1,-999,0,0,0,0,0,0,0,0
21,1,0,1,0,0,0,0,1,0,4.0980685120588385,-1,-999,0,4,0,11,0,0,0,0
15,81,0,0,0,0,0,0,0,20,4.574382485838057,-1,-999,0,0,0,0,0,0,0,1
25,0,0,0,0,0,0,0,0,0,4.054229296672175,-1,-999,0,0,0,0,0,0,0,0
23,31,0,0,0,1,0,0,0,0,4.2068272474633535,-1,-999,0,1,0,70,0,0,0,0
15,61,0,0,0,1,0,0,0,11,4.517750540763537,-1,-999,0,10,0,42,0,0,0,0
14,0,0,0,0,1,0,0,0,0,3.6897037321995474,-1,-999,0,0,0,0,0,0,0,0
14,1,0,1,0,1,0,0,0,0,3.642489673166126,-1,-999,0,0,0,3,0,0,0,0
21,1,0,0,0,1,0,0,0,0,3.995237891380887,-1,-999,0,0,0,0,0,0,0,0
20,0,0,0,0,1,0,0,0,0,3.736006946447656,-1,-999,0,1,17,24,0,0,0,0
37,30,0,1,0,2,0,0,0,8,4.579181698323994,-1,-999,0,0,0,0,0,0,0,0
50,20,0,1,0,3,2,0,1,12,4.599505348524203,-1,-999,0,0,0,0,0,0,0,1
21,41,0,1,0,1,1,0,0,0,4.5183093602234194,-1,-999,0,0,0,1,1,0,0,0
15,27,0,1,0,0,1,0,0,0,4.298171939471839,-1,-999,0,0,0,0,0,0,0,1
33,1,0,0,0,1,2,0,1,0,4.024112139665472,-1,-999,0,0,0,0,0,0,0,1
26,16,0,0,0,1,0,0,0,0,4.012597732604639,-1,-999,0,0,1,46,0,0,0,0
14,60,0,0,0,1,0,0,0,0,4.4021745781864645,-1,-999,0,1,1,9,0,0,0,0
16,136,0,1,0,1,0,0,0,0,4.924784193291846,-1,-999,0,0,0,39,0,0,0,0
14,1,0,1,0,1,0,0,0,0,3.5555331514269954,-1,-999,0,1,1,22,0,0,0,0
15,12,0,0,0,0,0,0,0,0,3.9032080616476805,-1,-999,0,0,0,26,0,0,0,0
21,32,0,0,0,1,0,0,0,0,4.131832371208221,-1,-999,0,4,0,12,0,0,0,0
24,1,0,0,0,1,0,0,0,0,3.840018266288633,-1,-999,0,0,0,4,0,0,0,0
6,115,0,1,0,0,0,0,0,16,4.959234379150964,-1,-999,0,0,0,7,0,0,0,1
20,1,0,0,0,0,0,0,0,0,3.6280852788913944,-1,-999,0,0,0,0,0,0,0,1
21,1,0,1,0,1,0,0,0,1,4.0062389286533895,-1,-999,0,82,0,88,0,0,0,0
17,21,0,1,0,0,0,0,0,4,4.724385660004151,-1,-999,0,0,0,0,0,0,0,1
23,0,0,0,0,1,0,0,0,3,3.8980685120588388,-1,-999,0,2,0,4,1,0,0,1
27,26,0,1,0,1,1,0,0,8,4.4470735102839045,-1,-999,0,2,1,8,1,0,0,1
15,19,0,1,0,1,0,0,0,3,4.272804327334621,-1,-999,0,0,1,41,0,0,0,0
9,47,0,0,0,0,0,0,0,0,4.30267744911313,-1,-999,0,1,1,43,0,0,0,0
15,76,0,1,0,1,0,0,0,6,5.2688813989274825,-1,-999,0,0,0,0,0,0,0,1
17,11,0,1,0,1,0,0,0,0,4.044110417748401,-1,-999,0,0,0,87,0,0,0,1
13,66,0,0,0,1,0,0,0,7,4.526750261256851,-1,-999,0,0,0,0,0,0,0,0
17,52,0,0,0,1,0,0,0,17,4.820575548015794,-1,-999,0,0,0,0,0,0,0,1
22,1,0,1,0,1,0,0,0,0,3.977916874693636,-1,-999,0,2,0,30,0,1,0,0
20,29,0,0,0,1,0,0,0,0,3.9430044221663896,-1,-999,0,2,2,6,0,0,0,0
19,80,0,0,0,1,0,0,0,6,4.418332168311385,-1,-999,0,1,0,18,0,0,0,0
22,1,0,0,0,1,0,0,0,0,3.961406329721843,-1,-999,0,0,0,0,0,0,0,0
17,23,0,0,0,0,0,0,0,0,4.179499692462942,-1,-999,0,0,0,0,0,0,0,1
22,49,0,0,0,1,0,0,0,5,4.602602462885565,-1,-999,0,0,0,1,1,0,0,0
25,0,0,0,0,1,0,0,0,0,3.8431390622295662,-1,-999,0,0,1,18,0,0,0,1
4,8,0,1,0,0,0,0,0,1,3.8841837197791893,-1,-999,0,0,0,0,0,0,0,1
61,57,0,0,0,1,1,0,4,38,4.743009661401063,-1,-999,0,0,0,0,0,0,0,1
19,0,0,0,0,1,0,0,0,0,3.8441065448145384,-1,-999,0,0,0,0,0,0,0,1
13,1,0,1,0,1,0,0,0,0,3.629219686524097,-1,-999,0,0,0,9,0,0,0,0
18,58,0,1,0,1,0,0,0,7,4.532140715772439,-1,-999,0,5,0,9,0,0,0,0
18,31,0,0,0,1,0,0,0,6,4.351537289283846,-1,-999,0,0,0,1,1,0,0,0
33,1,0,0,0,1,0,0,2,5,4.320251394545381,-1,-999,0,0,0,0,0,0,0,1
24,120,0,0,0,0,2,0,3,19,5.022289024569215,-1,-999,0,0,0,0,0,0,0,1
24,19,0,0,0,0,0,0,0,0,4.176174630069641,-1,-999,0,2,0,42,0,1,0,0
20,44,0,0,0,1,0,0,0,0,4.238975951578653,-1,-999,0,8,0,33,0,0,0,0
17,4,0,0,0,1,0,0,0,0,3.597558387024489,-1,-999,0,1,0,34,0,0,0,0
23,1,0,1,0,1,0,0,0,0,3.855337797403416,-1,-999,0,0,0,1,1,0,0,0
25,0,0,0,0,1,0,0,0,0,3.965018266288633,-1,-999,0,0,0,0,0,0,0,1
28,0,0,0,0,1,0,0,0,0,4.036006945330955,-1,-999,0,2,0,4,1,0,0,1
14,133,0,0,0,0,0,0,0,1,4.485390676726997,-1,-999,0,0,0,0,0,0,0,0
16,26,0,1,0,1,0,0,0,4,4.458171939471839,-1,-999,0,4,0,5,0,0,0,0
16,16,0,1,0,1,0,0,0,0,4.3464393446710154,-1,-999,0,0,0,1,0,0,0,0
19,35,0,0,0,1,0,0,0,2,4.578221051267511,-1,-999,0,0,0,0,0,0,0,0
18,11,0,0,0,1,0,0,0,0,3.5996659733039564,-1,-999,0,1,1,11,0,0,0,0
32,102,0,0,0,1,0,0,1,9,5.304653568298964,-1,-999,0,0,0,0,0,0,0,1
18,37,0,1,0,1,0,0,0,8,4.729607559466142,-1,-999,0,0,0,7,0,0,1,0
27,0,0,0,0,1,2,0,2,0,3.8810054880546376,-1,-999,0,0,0,0,0,0,0,1
23,42,0,0,0,1,0,0,0,14,4.873282689827156,-1,-999,0,0,0,0,0,0,0,1
12,32,0,0,0,0,0,0,0,1,4.280391646683437,-1,-999,0,0,0,0,0,0,0,1
26,1,0,0,0,1,0,0,1,0,4.2339466645252255,-1,-999,0,13,1,18,0,0,0,0
29,0,0,0,0,1,0,0,0,0,3.8956388075276673,-1,-999,0,2,0,4,1,0,0,1
28,0,0,0,0,1,0,0,0,2,4.010389889552676,-1,-999,0,0,0,0,0,0,0,1
11,1,0,0,0,1,0,0,0,4,3.576617644908666,-1,-999,0,0,0,0,0,0,0,1
21,15,0,0,0,1,0,0,0,3,4.031516651189607,-1,-999,0,0,0,0,0,0,0,1
16,21,0,1,0,1,0,0,0,0,4.358085318359589,-1,-999,0,0,0,1,0,0,0,0
25,1,0,0,0,1,0,0,0,0,3.876838815934793,-1,-999,0,0,0,0,0,0,0,0
25,1,0,1,0,1,0,0,0,0,3.917626443873359,-1,-999,0,0,0,1,1,0,0,0
9,1,0,1,0,0,0,0,0,0,3.3082708345352603,-1,-999,1,21,0,18,0,0,0,0
18,36,0,0,0,0,1,0,0,6,4.356325861869317,-1,-999,0,0,0,0,0,0,0,1
18,40,0,1,0,0,0,0,0,0,4.253288067713536,-1,-999,0,0,0,8,0,0,0,1
24,1,0,0,0,1,0,0,0,0,3.98345859334435,-1,-999,0,3,1,8,0,0,0,0
7,6,0,0,0,0,0,0,1,1,3.746439344671016,-1,-999,0,0,0,0,0,0,0,1
13,35,0,1,0,1,0,0,0,0,4.17123154807936,-1,-999,0,0,0,1,1,0,0,0
6,8,0,0,0,0,0,0,0,2,3.689703732199548,-1,-999,0,0,0,1,0,0,0,1
25,1,0,1,0,1,1,0,3,0,4.0796786498829745,-1,-999,0,0,0,0,0,0,0,1
19,1,0,1,0,1,0,0,0,0,4.110577243331642,-1,-999,0,0,0,23,0,0,0,0
27,10,0,0,0,1,0,0,0,2,4.271598379853424,-1,-999,0,2,2,13,0,0,1,0
22,1,0,0,0,1,0,0,0,0,3.7647351787255054,-1,-999,0,0,0,6,0,0,0,0
22,8,0,0,0,1,0,0,0,0,4.057313082302175,-1,-999,0,1,1,21,0,0,0,0
16,39,0,1,0,0,0,0,0,10,4.435081264832115,-1,-999,0,0,0,0,0,0,0,1
27,95,0,1,0,1,1,0,1,4,5.234776101815251,-1,-999,0,5,0,34,0,0,0,1
18,60,0,0,0,1,0,0,0,0,4.234606552606122,-1,-999,0,17,0,11,0,0,1,1
15,56,0,0,0,1,0,0,0,4,4.537059638225782,-1,-999,0,1,0,80,0,0,0,0
15,1,0,0,0,1,0,0,0,0,3.675310868912364,-1,-999,0,5,2,22,0,0,1,0
22,0,0,0,0,1,0,0,0,0,3.9093680639438846,-1,-999,0,1,0,39,0,0,0,0
15,38,0,0,0,1,0,0,0,0,4.240002787802771,-1,-999,0,1,2,21,0,0,0,0
14,135,0,1,0,1,0,0,0,18,4.568293039888332,-1,-999,0,1,1,23,0,0,1,0
29,0,0,0,0,1,0,0,0,0,4.371178126382216,-1,-999,0,0,12,14,0,0,0,0
18,41,0,0,0,1,1,0,0,0,4.179097204800812,-1,-999,0,0,0,0,0,0,0,0
25,34,0,0,0,1,0,0,1,0,4.3268449309297985,-1,-999,0,0,0,0,0,0,0,1
12,1,0,1,0,0,0,0,0,0,3.844232898763192,-1,-999,0,16,2,19,0,0,0,0
18,42,0,1,0,1,0,0,0,0,4.391018040716645,-1,-999,0,0,0,1,1,0,0,0
17,35,0,0,0,1,0,0,0,0,4.50155926198279,-1,-999,0,1,1,19,0,0,0,0
14,1,0,1,0,1,0,0,0,0,3.588354347173233,-1,-999,0,0,0,4,0,0,0,0
11,15,0,1,0,1,0,0,0,0,3.939829017466402,-1,-999,0,0,0,0,0,0,0,0
21,1,0,0,0,1,0,0,0,0,3.995237891380887,-1,-999,0,0,0,0,0,0,0,1
22,1,0,1,0,1,0,0,0,0,3.7726095206097563,-1,-999,0,0,0,23,0,0,0,0
23,6,0,0,0,1,0,0,0,0,4.009523959475164,-1,-999,0,0,0,0,0,0,0,0
22,26,0,0,0,1,0,0,0,0,4.222294150581852,-1,-999,0,0,0,1,0,0,0,0
24,11,0,1,0,3,0,0,0,2,3.929042884757824,-1,-999,0,0,0,0,0,0,0,1
13,240,0,0,0,0,0,0,0,41,5.84999166139533,-1,-999,0,0,0,0,0,0,0,1
17,44,0,0,0,0,1,0,0,0,4.152345561265892,-1,-999,0,3,1,17,0,0,0,1
14,29,0,0,0,1,0,0,0,1,4.233269689515109,-1,-999,0,0,0,17,0,0,0,0
19,40,0,0,0,1,0,0,0,0,4.350599423270259,-1,-999,0,115,0,2,0,0,0,0
31,1,0,1,0,1,0,0,0,3,3.9282129458410013,-1,-999,0,0,0,0,0,0,0,1
13,19,0,1,0,0,0,0,0,0,3.9275717489329454,-1,-999,0,0,0,0,0,0,0,1
16,13,0,1,0,1,0,0,0,6,4.260279974311011,-1,-999,0,0,0,1,0,0,0,0
12,1,0,1,0,0,0,0,0,0,3.880179922675738,-1,-999,0,10,1,17,0,0,1,0
40,6,0,0,0,3,1,0,2,0,4.13728342581229,-1,-999,0,0,0,0,0,0,0,1
17,98,0,0,0,0,2,0,0,6,4.652970358470492,-1,-999,0,0,0,0,0,0,0,1
16,18,0,0,0,1,0,0,0,4,4.348184248880178,-1,-999,0,0,0,0,0,0,0,1
13,7,0,0,0,1,0,0,0,3,3.912113890972229,-1,-999,0,0,0,0,0,0,0,1
20,1,0,0,0,1,0,0,0,0,3.8423709931771084,-1,-999,0,2,7,33,0,0,0,0
15,22,0,0,0,1,0,0,0,0,4.129219686524097,-1,-999,0,0,0,0,0,0,0,1
15,50,0,1,0,1,1,0,0,0,4.5502275113223325,-1,-999,0,0,2,40,0,0,0,0
25,0,0,1,0,1,0,0,1,0,4.12728313431329,-1,-999,0,0,0,6,0,0,0,0
25,4,0,0,0,1,0,0,0,8,4.4057645846554525,-1,-999,0,0,0,0,0,0,0,1
19,9,0,1,0,1,0,0,0,0,4.009523959475164,-1,-999,0,0,0,0,0,0,0,1
41,10,0,1,0,3,0,0,0,0,4.130808364000973,-1,-999,0,0,0,0,0,0,0,1
15,1,0,0,0,0,0,0,0,0,3.6753108689123635,-1,-999,0,0,0,0,0,0,0,1
14,190,0,1,0,1,1,0,0,25,5.424592210942519,-1,-999,0,0,0,1,0,0,0,1
30,1,0,1,0,1,0,0,0,0,4.0478467699778795,-1,-999,0,0,1,1,0,0,0,1
18,102,0,1,0,0,1,0,0,11,4.841432031545149,-1,-999,0,0,0,0,0,0,0,1
13,14,0,0,1,0,0,0,0,10,4.043057694064253,-1,-999,0,0,0,0,0,0,0,1
23,3,0,0,0,1,1,0,2,2,4.165013816065912,-1,-999,0,0,0,2,0,0,0,1
14,29,0,0,0,1,2,0,0,0,4.178688570451097,-1,-999,0,0,0,3,0,0,0,1
17,0,0,0,0,0,0,0,0,0,3.8239348962840563,-1,-999,0,0,0,0,0,0,0,0
26,1,0,0,0,1,0,0,0,0,3.998652546878167,-1,-999,0,6,1,41,0,0,0,0
18,1,0,0,0,1,0,0,0,0,3.95006375643621,-1,-999,0,0,0,3,0,0,0,0
17,99,0,0,0,1,0,0,0,20,4.615296409886076,-1,-999,0,4,2,37,0,0,0,0
15,22,0,0,0,1,0,0,0,6,4.261043983337284,-1,-999,0,3,0,14,0,0,0,0
32,7,0,0,0,3,0,0,0,5,4.44726249944121,-1,-999,0,0,0,0,0,0,0,1
5,12,0,0,0,0,0,0,0,3,3.9387218755408675,-1,-999,0,0,0,0,0,0,0,1
15,1,0,0,0,0,0,0,0,0,3.9690016298759927,-1,-999,0,0,2,12,0,0,1,1
16,32,0,0,0,0,0,0,0,19,4.447103750156402,-1,-999,1,17,1,18,0,0,0,0
13,1,0,0,0,1,0,0,0,2,3.6537567082870015,-1,-999,0,2,0,9,0,0,0,0
28,25,0,0,0,1,0,0,0,0,4.122964554947562,-1,-999,0,0,0,0,0,0,0,1
14,8,0,0,0,1,0,0,0,0,3.9523029776623857,-1,-999,0,0,0,6,0,0,0,1
12,5,0,1,0,1,0,0,0,0,3.8634651896016474,-1,-999,0,2,0,10,0,0,0,1
50,68,0,1,0,3,2,0,1,22,4.7487583539590705,-1,-999,0,0,0,0,0,0,0,1
20,76,0,0,0,1,0,1,0,6,5.117339151300366,-1,-999,0,0,0,0,0,0,0,1
14,17,0,0,0,1,0,0,1,0,3.895714934884266,-1,-999,0,0,0,0,0,0,0,1
48,1,0,0,0,1,0,0,3,3,4.36979253877157,-1,-999,0,0,0,0,0,0,0,1
14,1,0,1,0,1,0,0,0,0,3.588354347173233,-1,-999,0,1,0,15,0,0,0,0
16,79,0,0,0,1,2,0,1,5,4.596487136873239,-1,-999,0,2,0,8,0,0,0,1
42,67,0,0,0,3,2,0,0,26,4.7257595683330855,-1,-999,0,0,0,0,0,0,0,1
18,121,0,0,0,0,1,0,0,8,4.876529211547576,-1,-999,0,0,0,0,0,0,0,1
20,20,0,0,0,1,0,0,0,0,4.161313459010318,-1,-999,0,1,1,38,0,0,0,0
13,34,0,1,0,1,0,0,0,6,4.4923805682595495,-1,-999,0,12,0,33,0,0,0,0
26,1,0,0,0,1,0,0,0,0,4.160704752887783,-1,-999,0,0,0,0,0,0,0,0
22,21,0,0,0,1,2,0,0,0,4.185979129983103,-1,-999,1,42,0,21,0,0,1,1
18,12,0,1,0,1,0,0,1,1,4.359126526316814,-1,-999,0,0,0,0,0,0,0,0
12,10,0,1,0,1,0,0,0,0,3.869576746316394,-1,-999,0,0,0,104,0,0,0,0
11,7,0,0,0,0,0,0,0,0,3.4136606896881863,-1,-999,0,0,0,0,0,0,0,1
23,1,0,1,0,0,0,0,0,0,3.9414280318460246,-1,-999,0,8,0,27,0,0,0,0
23,0,0,0,0,1,0,0,0,2,3.961406329721843,-1,-999,0,2,0,4,1,0,0,1
19,1,0,0,0,1,0,0,0,0,3.9302703722934536,-1,-999,0,0,2,46,0,0,0,0
25,29,0,0,0,2,0,0,0,8,4.819680984926537,-1,-999,0,0,0,0,0,0,0,0
19,47,0,0,0,0,0,0,0,0,4.071750978535753,-1,-999,0,0,0,0,0,0,0,1
19,57,0,1,0,1,0,0,0,0,4.532732485345101,-1,-999,0,0,0,0,0,0,0,1
24,1,0,0,0,1,0,0,0,0,3.8667292966721747,-1,-999,0,0,0,6,0,0,0,0
54,69,0,1,0,4,2,0,1,19,4.780480961122359,-1,-999,0,0,0,0,0,0,0,1
17,13,0,0,0,0,0,0,0,0,3.8278475418785787,-1,-999,0,0,0,0,0,0,0,1
34,72,0,1,0,1,0,0,1,7,5.340717608266096,-1,-999,0,5,0,34,0,0,0,1
14,0,0,0,0,0,0,0,1,1,3.880179922675738,-1,-999,0,0,0,0,0,0,0,1
26,46,0,0,0,1,0,0,0,0,4.285765836752269,-1,-999,0,3,0,45,0,0,0,1
23,19,0,0,0,1,0,0,0,0,4.0345889876821355,-1,-999,0,118,2,91,0,0,0,0
11,50,0,0,0,1,0,0,0,12,4.743343864540668,-1,-999,0,0,0,1,1,0,0,0
16,8,0,1,0,1,0,0,0,0,4.030639062229566,-1,-999,0,6,0,22,0,0,1,0
25,0,0,0,0,1,0,0,0,1,4.015319531114783,-1,-999,0,2,0,4,1,0,0,1
42,19,0,0,0,3,2,0,0,13,4.516727547861005,-1,-999,0,0,0,0,0,0,0,1
33,10,0,1,0,1,2,0,0,0,4.189116704878465,-1,-999,0,0,0,0,0,0,0,1
25,10,0,0,0,1,1,0,0,0,4.129947184477477,-1,-999,0,0,0,1,1,0,0,0
20,44,0,0,0,0,0,0,0,10,4.5932160643218705,-1,-999,0,0,0,0,0,0,0,1
27,20,0,0,0,1,0,0,0,7,4.4979559654796315,-1,-999,0,3,0,23,0,0,0,0
20,67,0,0,0,1,0,0,0,7,4.551810109329248,-1,-999,0,0,0,0,0,0,0,0
22,0,0,0,0,1,0,0,0,2,3.978333581185264,-1,-999,0,0,0,1,0,0,0,1
15,58,0,0,0,1,0,0,0,1,4.502890051478965,-1,-999,0,0,0,0,0,0,0,0
22,11,0,1,0,1,0,0,1,1,4.33622754166864,-1,-999,0,0,0,0,0,0,0,1
25,1,0,1,0,1,1,0,1,0,4.366091329119192,-1,-999,0,3,0,2,1,0,0,1
21,25,0,0,0,1,0,0,0,0,4.1854939269810405,-1,-999,0,0,0,0,0,0,0,0
16,1,0,0,0,1,0,0,0,0,3.8239348962840563,-1,-999,0,0,1,17,0,0,0,0
24,37,0,0,0,1,0,0,0,0,4.526595701729493,-1,-999,0,7,0,16,0,0,0,0
16,63,0,0,0,0,0,0,0,0,4.526295609892807,-1,-999,0,0,0,0,0,0,0,1
15,59,0,1,0,1,0,0,0,17,4.667582158457537,-1,-999,0,0,0,6,0,0,0,0
14,39,0,0,0,0,0,0,0,0,4.402910079649727,-1,-999,0,0,0,0,0,0,0,1
16,57,0,1,0,1,0,0,0,5,4.95317986442209,-1,-999,0,0,0,0,0,0,0,1
19,0,0,0,0,1,0,0,0,0,4.026986833359287,-1,-999,0,1,2,15,0,0,0,0
16,49,0,0,0,0,0,0,0,0,4.49604297512257,-1,-999,0,0,0,7,0,0,0,1
20,18,0,0,0,1,0,0,0,0,4.09787407514744,-1,-999,0,0,0,1,1,0,0,0
18,1,0,1,0,1,0,0,0,0,4.0043444463675275,-1,-999,0,0,0,0,0,0,0,0
15,17,0,0,0,1,0,0,0,0,3.847085133395088,-1,-999,0,0,0,0,0,0,0,0
20,1,0,1,0,1,0,0,0,1,4.185230132909402,-1,-999,0,0,0,0,0,0,0,1
31,0,0,0,0,1,0,0,0,0,4.133071514059368,-1,-999,0,0,0,1,0,0,0,1
23,42,0,0,0,1,0,0,0,2,4.367279863361467,-1,-999,0,0,0,0,0,0,0,0
12,13,0,0,0,0,0,0,0,0,3.9886085007312415,-1,-999,0,0,0,16,0,0,0,0
14,26,0,0,0,1,0,0,0,2,4.20599144773606,-1,-999,0,0,0,4,0,0,0,0
16,41,0,1,0,1,0,0,0,4,5.016458920947621,-1,-999,0,0,0,26,0,0,1,1
13,20,0,0,1,0,0,0,0,10,4.231687083026443,-1,-999,0,0,0,1,0,0,0,1
23,47,0,0,0,0,0,0,0,22,4.739516133467922,-1,-999,0,0,0,0,0,0,0,1
14,87,0,1,0,1,0,0,0,8,4.472332712476567,-1,-999,0,0,0,2,0,0,0,0
15,86,0,0,0,1,0,0,0,5,4.6200887758062565,-1,-999,0,0,0,0,0,0,0,1
42,68,0,0,0,3,2,0,0,21,4.6607541156799055,-1,-999,0,0,0,0,0,0,0,1
20,332,0,1,0,1,0,0,0,23,4.972192095053959,-1,-999,0,0,0,0,0,0,0,1
15,30,0,0,0,1,0,0,0,0,4.1738228338092815,-1,-999,0,0,0,0,0,0,0,0
15,4,0,1,0,1,0,0,0,0,3.8100810205217304,-1,-999,0,0,1,59,0,0,0,0
22,11,0,0,0,0,0,0,0,1,4.043942707918269,-1,-999,0,2,0,1,0,0,0,1
14,34,0,0,0,0,0,0,0,21,4.649744605205978,-1,-999,0,0,0,1,0,0,0,1
26,10,0,0,0,2,1,0,0,0,4.129184812590067,-1,-999,0,0,0,0,0,0,0,1
14,417,0,0,0,1,0,0,0,211,4.292343954299112,-1,-999,0,0,0,0,0,0,0,1
16,8,0,1,0,0,0,0,0,0,3.952819531114783,-1,-999,0,0,0,0,0,0,0,1
36,1,0,0,0,1,0,0,0,0,3.9047413468971452,-1,-999,0,2,0,9,0,0,0,0
14,1,0,1,0,1,0,0,0,6,3.936180434129755,-1,-999,0,0,0,0,0,0,0,1
23,328,0,0,0,3,1,0,0,7,4.461929055450202,-1,-999,0,0,0,0,0,0,0,1
21,30,0,0,0,1,0,0,1,0,4.263093176782436,-1,-999,0,0,0,30,0,0,0,0
15,1,0,1,0,1,0,0,0,0,3.6258145836939115,-1,-999,1,8,0,27,0,0,0,0
24,25,0,1,0,1,0,0,0,0,4.302041225284367,-1,-999,0,3,4,6,0,0,0,0
15,89,0,1,0,1,0,0,0,10,5.3578023088911,-1,-999,0,0,0,0,0,0,0,1
20,8,0,1,0,1,0,0,0,0,4.037844793048882,-1,-999,0,0,0,0,0,0,0,1
26,41,0,0,0,1,0,0,0,0,4.451516846852034,-1,-999,0,0,0,0,0,0,0,0
17,1,0,0,0,1,0,0,0,0,3.6430741894285696,-1,-999,0,3,0,13,0,0,1,0
21,28,0,1,0,1,0,0,0,0,4.277991935514028,-1,-999,0,4,0,4,0,0,0,0
16,1,0,1,0,1,0,0,0,0,3.7034651896016473,-1,-999,0,124,2,31,0,0,0,0
24,1,0,1,0,1,0,0,0,0,4.248495255525411,-1,-999,0,0,0,0,0,0,0,1
16,0,0,0,0,0,0,0,0,0,3.8820451081368623,-1,-999,0,0,0,0,0,0,0,0
16,1,0,1,0,1,0,0,0,0,3.8634651896016474,-1,-999,0,12,0,93,0,0,0,0
16,1,0,1,0,1,0,0,0,0,3.7834651896016473,-1,-999,0,30,1,35,0,0,0,0
26,39,0,1,0,1,0,0,0,3,4.3296814089920606,-1,-999,0,0,0,0,0,0,0,0
17,49,0,0,0,0,0,0,0,7,4.624373449635699,-1,-999,0,0,0,1,1,0,0,0
26,1,0,0,0,1,0,0,0,0,4.1162996057016965,-1,-999,0,2,0,55,0,0,0,0
17,45,0,0,0,1,1,0,0,0,4.297395660970516,-1,-999,0,2,1,11,0,0,0,1
20,50,0,0,0,1,0,0,0,0,4.446627658152532,-1,-999,0,0,0,0,0,0,0,1
14,72,0,0,0,0,1,0,0,20,4.548283108519098,-1,-999,0,2,1,12,0,0,0,1
32,94,0,1,0,1,0,0,1,10,5.202882335570095,-1,-999,0,0,0,25,0,0,0,1
26,1,0,1,0,1,0,0,1,0,3.971302302288372,-1,-999,0,0,0,0,0,0,0,1
18,21,0,1,0,1,0,0,0,12,4.2988537451105335,-1,-999,0,0,0,0,0,0,0,1
15,23,0,0,0,0,3,0,0,0,4.188982196705438,-1,-999,1,9,0,7,0,0,0,1
23,1,0,0,0,1,0,0,0,0,3.929214455199219,-1,-999,0,0,1,150,0,0,0,0
12,44,0,1,0,0,0,0,0,0,4.101563189275507,-1,-999,0,0,1,52,0,0,1,0
22,1,0,1,0,1,0,0,0,0,3.808719697344071,-1,-999,0,0,0,0,0,0,0,0
18,49,0,1,0,1,0,0,0,0,4.108475446206575,-1,-999,0,0,0,5,0,0,0,0
15,23,0,0,0,1,0,0,0,0,4.041092818215358,-1,-999,0,8,0,53,0,0,0,0
21,33,0,0,0,1,0,0,0,0,4.190491797916638,-1,-999,0,5,1,15,0,0,0,0
21,57,0,1,0,1,0,1,0,0,4.387472089165071,-1,-999,0,0,0,0,0,0,0,1
18,1,0,0,0,1,0,0,0,0,3.95006375643621,-1,-999,1,9,0,20,0,0,0,0
30,1,0,1,0,1,0,0,0,0,4.089781950065052,-1,-999,0,0,0,1,1,0,0,0
10,60,0,0,0,0,0,1,0,0,4.581966046546631,-1,-999,0,2,0,35,0,0,0,1
30,20,0,0,0,1,0,0,0,0,4.128025595046607,-1,-999,0,1,4,27,0,0,0,0
13,1,0,1,0,1,0,0,0,0,3.5383105956150063,-1,-999,0,0,0,1,1,0,0,0
14,1,0,1,0,1,0,0,0,0,3.7622673906514943,-1,-999,0,0,0,2,0,0,1,0
18,21,0,0,0,1,0,0,0,5,4.553362162946346,-1,-999,0,0,0,0,0,0,0,1
13,169,0,0,0,1,0,0,0,39,4.736567978032541,-1,-999,0,0,0,0,0,0,0,1
14,11,0,0,0,0,0,0,0,6,4.0625,-1,-999,0,0,0,0,0,0,0,1
214,42,0,0,0,11,0,1,0,51,5.091499730499273,-1,-999,0,0,0,0,0,0,0,1
15,42,0,0,0,1,0,0,0,0,4.2803888679951365,-1,-999,0,1,2,20,0,0,0,0
5,12,0,0,0,0,0,0,0,2,3.9072682296173893,-1,-999,0,0,0,0,0,0,0,1
15,24,0,0,0,0,1,0,0,0,4.346627923721847,-1,-999,0,0,0,0,0,0,0,1
16,1,0,1,0,1,0,0,0,0,3.8634651896016474,-1,-999,1,18,1,95,0,0,0,0
11,7,0,1,0,0,0,0,0,0,3.5654483718208256,-1,-999,0,0,0,6,0,0,0,1
17,56,0,0,0,1,0,0,0,5,4.476441577715048,-1,-999,0,26,0,111,0,1,1,0
22,1,0,0,0,0,0,0,0,0,3.8444138295776114,-1,-999,0,0,0,7,0,0,0,0
16,47,0,0,0,1,0,0,0,0,4.26292297531505,-1,-999,0,0,0,8,0,0,0,0
25,86,0,1,0,0,0,0,3,11,5.02390864342305,-1,-999,0,0,0,0,0,0,0,1
22,1,0,1,0,1,0,0,0,1,3.8213119401041737,-1,-999,0,2,0,4,1,0,0,1
28,10,0,0,0,3,0,0,0,0,4.064323519495731,-1,-999,0,0,0,0,0,0,0,1
22,34,0,0,0,2,0,0,0,0,4.169907163770269,-1,-999,0,0,0,1,1,0,0,1
18,33,0,0,0,1,0,0,0,23,4.7306693057266385,-1,-999,0,0,0,0,0,0,0,1
46,67,0,0,0,4,2,0,0,18,4.698505385603668,-1,-999,0,0,0,0,0,0,0,1
14,0,0,0,0,1,0,0,0,0,3.594465636961452,-1,-999,0,0,0,0,0,0,0,1
17,60,0,0,0,1,1,0,0,1,4.357401315553893,-1,-999,0,1,0,49,0,0,0,0
20,33,0,0,0,1,1,0,1,0,4.272638721469998,-1,-999,0,0,0,0,0,0,0,0
11,1,0,1,0,0,0,0,0,0,3.6464393446710157,-1,-999,0,0,0,0,0,0,0,1
50,66,0,0,0,3,2,0,1,25,4.86530115426559,-1,-999,0,0,0,0,0,0,0,1
17,28,0,1,0,1,0,0,0,0,4.126149643439027,-1,-999,0,0,0,1,1,0,0,0
15,0,0,0,0,0,0,0,0,0,4.004886164091843,-1,-999,0,2,0,15,0,0,0,0
20,0,0,1,0,1,0,0,1,0,3.869331261111518,-1,-999,0,56,1,77,0,0,1,0
6,8,0,0,0,0,0,0,0,3,3.844232898763192,-1,-999,0,0,0,0,0,0,0,1
35,18,0,0,0,1,1,0,0,1,4.272638721469998,-1,-999,0,0,0,1,1,0,0,0
16,163,0,0,0,1,2,0,0,50,5.044006220356484,-1,-999,1,3,0,4,0,0,0,1
24,10,0,0,0,1,1,0,2,2,4.357075175138721,-1,-999,0,0,0,0,0,0,0,1
12,1,0,1,0,1,0,0,0,0,3.6537567082870015,-1,-999,0,0,1,14,0,0,0,0
22,1,0,0,0,1,0,0,0,0,3.631401845392172,-1,-999,0,0,0,0,0,0,0,0
14,53,0,1,0,0,0,0,0,19,4.595783198295148,-1,-999,0,0,0,0,0,0,0,1
28,16,0,0,0,1,0,0,2,0,4.105495871417869,-1,-999,0,10,0,24,0,0,0,0
50,66,0,0,0,3,2,0,1,20,4.680160671099858,-1,-999,0,0,0,0,0,0,0,1
13,1,0,1,0,1,0,0,0,0,3.572623663895164,-1,-999,0,4,0,48,0,0,0,0
17,98,0,0,0,0,0,1,0,0,4.490841428928977,-1,-999,0,0,0,0,0,0,0,1
10,1,0,1,0,1,0,0,0,0,3.326360407952694,-1,-999,0,0,0,24,0,0,0,0
30,1,0,0,0,1,0,0,0,0,4.113206053476119,-1,-999,0,0,1,3,0,0,0,0
29,29,0,0,0,1,0,0,0,10,4.622464452110132,-1,-999,0,0,0,0,0,0,0,1
23,91,0,1,0,1,0,0,0,10,4.6175502764479335,-1,-999,0,0,0,0,0,0,0,1
25,18,0,1,0,1,0,0,0,0,4.272737538339062,-1,-999,0,0,0,0,0,0,0,1
14,22,0,1,0,1,0,0,0,2,4.325924732707134,-1,-999,0,2,3,45,0,0,1,0
19,1,0,1,0,1,0,0,0,0,3.753434386188785,-1,-999,0,0,0,0,0,0,0,1
35,15,0,0,0,1,0,0,0,0,4.261528059510411,-1,-999,0,1,3,25,0,0,0,0
31,65,0,0,0,1,3,0,0,5,4.534863291672068,-1,-999,0,0,0,0,0,0,0,1
9,0,0,0,0,0,0,0,0,0,3.327819531114783,-1,-999,0,0,0,8,0,0,0,0
16,1,0,0,0,1,0,0,1,0,3.7406015629507228,-1,-999,0,1,0,71,0,0,0,0
37,15,0,0,0,1,0,0,0,8,4.672743422493127,-1,-999,0,0,0,0,1,0,0,1
12,15,0,1,0,0,0,0,1,1,4.307714802597439,-1,-999,0,0,0,0,0,0,0,1
11,55,0,0,0,0,0,0,0,6,4.34938668359259,-1,-999,0,14,0,84,0,1,1,0
28,1,0,1,0,1,0,0,2,0,4.046762824854521,-1,-999,0,0,0,14,0,0,0,0
14,66,0,1,0,1,0,0,0,0,4.237103352130045,-1,-999,0,0,0,1,1,0,0,0
19,1,0,1,0,1,0,0,0,0,3.8423709931771084,-1,-999,0,0,0,3,0,0,0,0
16,9,0,1,0,0,0,0,1,0,3.821226604916021,-1,-999,0,7,2,13,0,0,0,1
19,81,0,0,0,1,0,0,0,16,4.488198040206334,-1,-999,0,0,0,0,0,0,0,1
19,53,0,0,0,1,0,0,0,0,4.149566897867375,-1,-999,0,0,0,2,0,0,0,0
18,38,0,1,0,1,0,0,0,9,4.7867384298164914,-1,-999,0,0,0,5,0,0,0,0
13,24,0,0,0,1,0,0,0,0,4.146376220664176,-1,-999,0,0,0,1,1,0,0,0
27,1,0,0,0,1,0,0,0,0,3.9928705166358998,-1,-999,0,0,0,1,1,0,0,0
16,33,0,1,0,1,0,0,0,0,4.497118689824082,-1,-999,0,0,0,2,0,0,0,0
11,18,0,0,0,0,1,0,0,0,3.731746181697386,-1,-999,0,0,0,0,0,0,0,1
21,85,0,0,0,1,0,1,0,0,4.513020726143365,-1,-999,0,0,0,0,0,0,0,1
23,1,0,1,0,1,0,0,0,0,4.155639062229566,-1,-999,0,8,4,75,0,0,0,0
39,1,0,1,0,1,1,0,1,0,4.066340563438217,-1,-999,0,0,0,0,0,0,0,1
16,1,0,0,0,1,0,0,0,0,3.5739348962840563,-1,-999,0,0,0,0,0,0,0,0
11,12,0,0,0,0,0,0,0,1,3.8980685120588388,-1,-999,0,0,0,1,0,0,0,1
16,10,0,1,0,1,0,0,0,0,4.157767533178669,-1,-999,0,4,0,5,0,0,0,0
18,1,0,1,0,1,0,0,0,0,3.9302703722934536,-1,-999,0,0,0,1,1,0,0,0
13,58,0,1,0,1,0,0,0,10,4.761395033848441,-1,-999,0,0,0,0,0,0,0,1
15,33,0,0,1,0,0,0,0,34,4.0976622783587,-1,-999,0,0,0,0,0,0,0,1
13,42,0,1,0,1,0,0,0,0,4.350240344705981,-1,-999,0,0,0,1,1,0,0,0
15,29,0,0,0,1,0,0,0,0,4.358823019232457,-1,-999,0,3,0,87,0,0,0,0
17,15,0,0,0,1,1,0,0,0,4.111698692943855,-1,-999,0,0,0,0,0,0,0,1
27,1,0,0,0,2,2,0,1,0,4.0855880165740865,-1,-999,0,0,0,0,0,0,0,1
13,14,0,0,0,0,0,0,0,0,3.8780682683455234,-1,-999,0,0,0,0,0,0,0,1
22,1,0,1,0,1,0,0,1,0,4.018081793978686,-1,-999,0,0,0,1,0,0,0,0
29,0,0,0,0,1,0,0,0,0,4.037844793048882,-1,-999,0,0,0,9,0,0,0,0
20,1,0,0,0,1,0,0,0,0,3.753434386188785,-1,-999,0,9,1,77,0,1,1,0
17,3,0,0,0,1,0,0,1,0,3.8100810205217304,-1,-999,0,0,0,0,1,0,0,1
14,45,0,0,0,0,1,0,0,0,4.086325188794538,-1,-999,0,0,0,32,0,0,0,0
13,1,0,0,0,1,0,0,0,0,3.6537567082870015,-1,-999,0,16,0,17,0,0,0,0
26,21,0,0,0,3,0,0,0,4,4.217488427929138,-1,-999,0,0,0,0,0,0,0,1
25,0,0,0,0,1,0,0,0,3,4.015319531114783,-1,-999,0,2,0,4,1,0,0,1
35,1,0,0,0,3,0,0,1,1,4.330464394730848,-1,-999,0,0,0,0,0,0,0,1
15,41,0,0,0,0,0,0,0,0,4.0178841394328675,-1,-999,0,0,0,0,0,0,0,1
29,41,0,0,0,1,0,0,0,1,4.716456110593722,-1,-999,0,0,1,1,0,0,0,1
17,22,0,0,0,1,0,0,0,0,4.0729303049004795,-1,-999,0,7,0,11,0,0,0,0
42,68,0,0,0,3,2,0,0,15,4.624664204263203,-1,-999,0,0,0,0,0,0,0,1
22,1,0,0,0,1,1,0,0,0,3.964735178725505,-1,-999,0,0,0,0,0,0,0,0
50,69,0,1,0,3,2,0,1,19,4.778975004350156,-1,-999,0,0,0,0,0,0,0,1
12,46,0,0,0,0,1,1,0,0,4.395757756472473,-1,-999,0,0,0,3,0,0,0,1
16,1,0,0,0,1,0,0,0,0,3.7720552088742005,-1,-999,0,0,0,0,0,0,0,0
50,67,0,1,0,3,2,0,1,25,4.749577572353519,-1,-999,0,0,0,0,0,0,0,1
15,39,0,1,0,0,0,1,0,7,4.649522137916669,-1,-999,0,0,0,3,0,0,0,1
21,25,0,1,0,1,0,0,0,0,4.3425789372284616,-1,-999,0,4,0,4,0,0,0,0
25,1,0,0,0,1,1,0,0,0,3.861983513035609,-1,-999,0,0,0,0,0,0,0,1
24,9,0,0,0,1,0,0,1,0,4.165311532225102,-1,-999,0,0,0,0,0,0,0,1
21,1,0,0,0,1,0,0,0,0,3.83127625337525,-1,-999,0,2,0,36,0,0,0,0
13,1,0,0,0,1,0,0,0,0,3.6537567082870015,-1,-999,0,0,0,0,0,0,0,0
19,62,0,1,0,1,0,0,0,1,4.690418136669028,-1,-999,0,7,0,7,0,1,0,0
16,35,0,0,0,0,1,0,2,0,4.196247539824059,-1,-999,0,0,0,0,0,0,0,1
16,46,0,1,0,1,0,0,0,3,4.94365846752081,-1,-999,0,0,0,1,0,0,0,1
15,10,0,1,0,1,0,0,0,0,3.7556266947226717,-1,-999,0,0,1,9,0,0,0,0
14,57,0,0,0,0,0,0,0,15,4.722845900207722,-1,-999,0,0,0,1,0,0,0,1
31,23,0,0,0,1,1,0,0,0,4.052566435427009,-1,-999,0,1,3,26,0,0,0,0
11,2,1,0,0,1,0,0,0,0,3.3841837197791893,-1,-999,1,9,0,7,0,0,0,0
27,29,0,0,0,1,0,0,0,7,4.52873419387799,-1,-999,0,3,0,16,0,0,0,0
18,24,0,0,0,1,0,0,0,0,4.38534594702281,-1,-999,0,10,0,52,0,0,0,0
26,81,0,0,0,1,0,0,1,24,4.8093675670705025,-1,-999,0,15,0,12,0,0,0,1
11,22,0,1,0,1,0,0,0,3,4.210733711724087,-1,-999,0,5,0,12,0,0,0,0
22,48,0,0,0,1,0,0,0,0,4.458571613198558,-1,-999,0,0,0,0,0,0,0,0
14,75,0,0,0,0,1,0,0,19,4.72175394404805,-1,-999,0,0,0,0,0,0,0,1
29,36,0,1,0,1,3,0,0,0,4.382534704196495,-1,-999,0,0,0,0,0,0,0,1
19,1,0,1,0,1,0,0,0,4,3.6959472263874704,-1,-999,0,0,0,0,0,0,0,1
36,48,0,1,0,1,0,0,1,8,4.67408115219003,-1,-999,0,0,0,0,0,0,0,1
22,1,0,0,0,1,0,0,0,0,3.8444138295776114,-1,-999,0,0,0,6,0,0,0,0
14,29,0,0,1,0,0,0,0,11,4.353269689515108,-1,-999,0,0,0,0,0,0,0,1
14,85,0,0,0,1,1,0,1,4,4.945383044771762,-1,-999,0,0,0,8,0,0,0,0
18,1,0,1,0,1,0,0,0,0,3.7541634277688805,-1,-999,0,2,0,36,0,0,0,0
26,1,0,0,0,1,0,0,2,0,4.160704752887783,-1,-999,0,2,0,10,0,0,0,0
18,1,0,1,0,1,0,0,1,0,3.9582291686698783,-1,-999,0,0,0,0,0,0,0,1
26,88,0,1,0,1,0,0,1,7,5.271147384030435,-1,-999,0,5,0,34,0,0,0,1
21,13,0,0,0,2,0,0,0,0,3.8275750301497773,-1,-999,0,0,0,0,0,0,0,1
26,26,0,0,0,1,0,0,0,0,4.479355125303008,-1,-999,0,0,0,0,0,0,0,0
17,22,0,1,0,1,0,0,0,5,4.672995052579129,-1,-999,0,2,0,10,0,0,0,1
17,1,0,1,0,1,0,0,0,0,3.7671834678914613,-1,-999,0,8,0,9,0,0,0,0
11,13,0,1,0,0,0,0,0,0,4.179229296672175,-1,-999,0,0,0,0,0,0,0,0
17,1,0,0,0,1,0,0,0,0,3.593269689515109,-1,-999,1,13,0,42,0,0,0,0
17,1,0,1,0,1,0,0,0,0,3.8441065448145384,-1,-999,0,0,1,23,0,0,0,0
15,29,0,1,0,1,0,0,0,0,4.048206122739292,-1,-999,0,0,0,0,0,0,0,0
13,82,0,0,0,1,0,0,0,0,4.361376905438554,-1,-999,0,0,0,19,0,0,0,0
9,1,0,1,0,1,0,0,0,0,3.4193819456463714,-1,-999,1,7,0,19,0,0,0,0
14,48,0,0,0,0,1,0,0,2,4.253259696367374,-1,-999,0,0,0,3,0,0,0,1
21,57,0,0,0,1,0,0,0,36,4.385986117816918,-1,-999,0,0,0,0,0,0,0,1
23,77,0,1,0,1,0,0,0,0,4.350780225285777,-1,-999,0,0,0,6,0,0,0,0
16,10,0,1,0,1,0,0,0,0,4.057476076289932,-1,-999,0,0,0,1,0,0,0,0
12,198,0,0,0,0,1,0,0,81,4.833825190632529,-1,-999,0,0,0,0,0,0,0,1
16,28,0,0,0,0,0,0,0,0,3.9814678722160544,-1,-999,0,0,0,0,0,0,0,1
18,7,0,0,0,1,0,0,0,0,3.8667292966721747,-1,-999,0,5,0,27,0,0,0,0
23,1,0,1,0,1,0,0,0,3,4.015319531114783,-1,-999,0,2,0,4,1,0,0,1
21,35,0,0,0,0,0,0,0,0,4.404622678743983,-1,-999,0,2,0,19,0,0,0,0
27,38,0,0,0,0,1,0,0,0,4.666064849014045,-1,-999,0,0,0,0,0,0,0,1
17,1,0,1,0,1,0,0,0,0,3.7962176025900565,-1,-999,0,2,1,11,0,0,0,0
13,38,0,0,0,1,0,0,0,0,4.032285901818422,-1,-999,0,0,0,0,0,0,0,1
20,11,0,1,0,1,0,0,0,2,4.218488360543356,-1,-999,0,0,2,50,0,0,1,1
20,1,0,0,0,1,0,0,0,0,4.039148671903071,-1,-999,0,0,0,1,1,0,0,0
38,112,0,0,0,1,3,0,2,1,4.682255486705227,-1,-999,0,0,0,0,0,0,0,1
25,210,0,0,0,1,0,0,0,62,5.084579315290476,-1,-999,0,0,0,0,0,0,0,1
14,1,0,1,0,0,0,0,1,0,3.936180434129755,-1,-999,0,0,0,0,0,0,0,1
23,47,0,0,0,0,0,0,0,23,4.757862282777997,-1,-999,0,0,0,0,0,0,0,1
54,68,0,0,0,4,2,0,1,21,4.801894133909188,-1,-999,0,0,0,0,0,0,0,1
23,9,0,1,0,2,0,0,1,0,3.7901212117768543,-1,-999,0,0,0,0,0,0,0,1
42,69,0,0,0,3,2,0,0,18,4.82675859410322,-1,-999,0,0,0,0,0,0,0,1
15,19,0,1,0,1,0,0,0,0,4.460921149950309,-1,-999,0,0,1,50,0,0,0,0
16,34,0,0,0,1,0,0,1,0,4.052189033702153,-1,-999,0,6,0,40,0,0,0,0
24,12,0,0,0,0,0,0,0,0,3.856870720856423,-1,-999,0,0,0,1,0,0,0,1
15,1,0,1,0,1,0,0,0,0,4.053508854797679,-1,-999,0,0,0,40,0,0,1,0
42,67,0,0,0,3,2,0,0,20,4.74233373106547,-1,-999,0,0,0,0,0,0,0,1
26,7,0,0,0,1,0,0,0,0,3.875070520364182,-1,-999,0,0,0,0,0,0,0,1
13,21,0,0,0,0,0,0,0,0,3.955504603267742,-1,-999,0,0,0,0,0,0,0,1
24,0,0,0,0,1,0,0,0,0,4.002268084440845,-1,-999,0,0,0,0,0,0,0,1
17,24,0,0,0,1,0,0,0,0,4.3061275426950285,-1,-999,0,1,1,19,0,0,0,0
26,1,0,1,0,1,0,0,0,0,4.207435516759526,-1,-999,0,2,0,4,0,0,0,0
16,27,0,1,0,1,0,0,0,0,4.4444019991657955,-1,-999,0,4,0,5,0,0,0,0
24,0,0,1,0,1,0,0,0,0,4.0511085007312415,-1,-999,0,3,0,2,1,0,0,1
14,50,0,1,0,1,0,0,0,4,4.647791339287023,-1,-999,0,2,0,15,0,0,0,0
24,23,0,0,0,1,0,0,0,2,4.194134262580248,-1,-999,0,0,0,1,1,0,0,0
25,1,0,0,0,1,0,0,0,0,4.020926316000352,-1,-999,0,11,0,5,0,0,0,0
18,1,0,1,0,1,0,0,0,0,3.828237501842955,-1,-999,0,10,1,14,0,0,0,0
19,11,0,0,0,1,0,0,0,0,3.98555573008451,-1,-999,0,0,0,0,0,0,0,1
22,1,0,0,0,1,0,0,0,0,4.123231428797621,-1,-999,0,0,0,1,0,0,0,0
50,67,0,0,0,3,2,0,1,18,4.790427514171855,-1,-999,0,0,0,0,0,0,0,1
26,5,0,0,0,1,0,0,0,0,4.13569955274647,-1,-999,0,0,0,0,0,0,0,1
14,11,0,1,0,1,0,0,0,3,4.369707376737533,-1,-999,0,0,0,0,0,0,0,1
19,1,0,1,0,1,0,0,0,0,3.91379956460568,-1,-999,0,24,0,47,0,0,0,0
17,26,0,0,0,0,1,0,1,1,4.183981820580906,-1,-999,0,0,0,0,0,0,0,1
32,10,0,0,0,0,0,0,0,0,4.295746773031725,-1,-999,0,0,0,0,0,0,0,1
50,66,0,1,0,3,2,0,1,18,4.757940930489367,-1,-999,0,0,0,0,0,0,0,1
16,28,0,1,0,1,0,0,0,0,4.394359968893138,-1,-999,0,4,0,5,0,0,0,0
35,1,0,0,0,1,0,0,2,0,4.106984383697434,-1,-999,0,0,21,25,0,0,0,0
14,13,0,1,0,1,0,0,0,7,4.364857659740296,-1,-999,0,0,0,1,0,0,0,0
13,21,0,0,0,0,0,0,0,0,4.275490346652223,-1,-999,0,0,0,0,0,0,0,1
15,89,0,0,0,0,0,0,0,23,4.680608300282754,-1,-999,0,0,0,0,0,0,0,1
20,1,0,1,0,1,0,0,0,0,4.21126073643228,-1,-999,0,0,0,25,0,0,0,0
17,1,0,0,0,0,0,0,0,0,3.6430741894285696,-1,-999,0,0,0,0,0,0,0,1
13,34,0,1,0,1,0,0,0,3,4.519831022883675,-1,-999,0,0,0,0,0,0,0,1
18,29,0,0,0,1,0,0,0,10,4.572030039553706,-1,-999,0,0,0,0,0,0,0,1
17,87,0,0,0,1,1,0,0,4,4.379146203923057,-1,-999,0,0,1,25,0,0,0,0
18,1,0,1,0,1,0,0,0,0,3.7541634277688805,-1,-999,0,0,1,30,0,0,0,0
22,31,0,0,0,0,0,0,1,6,4.475385338743006,-1,-999,0,15,0,12,0,0,0,1
14,58,0,0,0,1,0,0,0,26,5.054950014433722,-1,-999,0,0,0,13,0,0,0,1
36,48,0,0,0,1,0,0,1,8,4.6736504483533565,-1,-999,0,0,0,0,0,0,0,1
19,60,0,0,0,2,0,0,0,31,4.834289575392974,-1,-999,0,0,0,0,0,0,0,1
16,64,0,0,0,1,0,0,0,21,4.802597122511202,-1,-999,0,0,1,41,0,0,0,1
26,65,0,0,0,1,0,0,1,27,4.826223625395553,-1,-999,0,15,0,12,0,0,0,1
20,0,0,0,0,1,0,0,0,0,3.9582291686698783,-1,-999,0,0,0,1,0,0,0,0
23,55,0,1,0,1,0,0,0,10,4.817220609993433,-1,-999,0,0,0,0,0,0,0,1
14,1,0,1,0,1,0,0,0,0,3.609668477419888,-1,-999,0,0,0,0,0,0,0,0
16,13,0,1,0,1,0,0,0,6,4.206225920256957,-1,-999,0,0,0,1,0,0,0,0
17,47,0,1,0,0,0,0,0,0,4.185646925878171,-1,-999,0,0,0,6,0,0,0,0
11,31,0,0,0,1,0,0,0,0,4.014635803423208,-1,-999,0,0,0,0,0,0,0,0
24,1,0,1,0,1,0,0,0,0,3.8471282101364253,-1,-999,0,3,0,20,0,0,0,0
19,7,0,0,0,0,0,0,0,0,3.8848588918890474,-1,-999,0,0,0,0,0,0,0,1
39,29,0,0,0,2,1,0,1,6,4.575652864904122,-1,-999,0,0,0,0,0,0,0,1
16,32,0,1,0,1,0,0,0,0,4.179524288199184,-1,-999,0,4,0,5,0,0,0,0
14,52,0,0,0,0,0,0,1,0,4.310721436591319,-1,-999,0,0,0,0,0,0,0,1
20,12,0,1,0,1,0,0,0,1,4.189822782008756,-1,-999,0,0,0,0,0,0,0,1
16,27,0,0,0,0,0,0,0,2,4.023144940981577,-1,-999,0,3,1,17,0,0,0,1
18,60,0,0,0,2,0,0,0,28,5.000279906598674,-1,-999,0,0,0,0,0,0,0,1
21,65,0,1,0,1,0,0,0,0,4.654657577037549,-1,-999,0,0,0,7,0,0,0,0
57,1,0,0,0,4,1,0,0,5,4.346831421942538,-1,-999,0,0,0,0,0,0,0,1
10,41,0,0,0,0,0,0,0,0,4.258530508971988,-1,-999,0,0,0,0,0,0,0,1
14,22,0,0,0,1,0,0,0,6,4.34186497602557,-1,-999,0,0,0,0,0,0,0,0
15,7,0,1,0,1,0,0,0,0,3.8150610122030697,-1,-999,0,0,0,0,0,0,0,1
14,36,0,0,0,0,0,0,0,0,4.281215067254664,-1,-999,0,0,0,0,0,0,0,1
18,1,0,1,0,1,0,0,0,0,3.6060152796207325,-1,-999,0,2,0,7,0,0,0,0
18,1,0,1,0,1,0,0,0,0,4.0043444463675275,-1,-999,0,0,0,0,0,0,0,0
31,62,0,0,0,1,0,0,0,0,4.30276758724151,-1,-999,0,1,2,25,0,0,0,0
15,81,0,0,0,0,0,0,0,23,4.641652261502332,-1,-999,0,0,0,0,0,0,0,1
15,1,0,1,0,1,0,0,1,0,3.7406015629507228,-1,-999,0,0,0,0,0,0,0,0
15,1,0,1,0,1,0,0,0,0,3.9387218755408675,-1,-999,0,0,0,1,0,0,0,0
11,66,0,0,0,1,0,0,0,14,4.609712817494295,-1,-999,0,0,0,0,0,0,0,0
16,15,0,1,0,1,0,0,0,0,4.265544846790009,-1,-999,0,0,0,1,0,0,0,0
12,13,0,1,0,0,0,0,0,1,4.066677073707229,-1,-999,0,8,0,30,0,0,0,0
11,73,0,0,0,0,0,0,0,0,4.141345216068396,-1,-999,0,0,0,0,0,0,0,0
12,3,0,0,0,0,0,0,0,0,3.7321588913645702,-1,-999,0,0,0,0,0,0,0,1
26,11,0,0,0,1,0,0,0,7,4.463749485074333,-1,-999,0,0,0,0,0,0,0,0
19,55,0,0,0,1,0,0,0,24,4.590902435937118,-1,-999,0,0,0,0,0,0,0,1
20,1,0,1,0,1,0,0,0,0,4.0472990984266435,-1,-999,0,27,0,64,0,1,1,0
16,19,0,1,0,1,0,0,0,0,4.190929511009918,-1,-999,0,4,0,5,0,0,0,0
23,1,0,1,0,1,0,0,0,3,3.952819531114783,-1,-999,0,2,0,4,0,0,0,1
13,41,0,0,0,0,0,0,0,5,4.465424583706261,-1,-999,0,0,2,42,0,0,0,0
30,1,0,0,0,1,0,0,0,0,4.1615008683082095,-1,-999,0,0,0,0,0,0,0,0
25,27,0,0,0,1,0,0,0,0,4.198604974170465,-1,-999,0,0,0,0,0,0,0,0
12,28,0,0,0,1,0,0,0,0,4.1286409791530865,-1,-999,0,0,0,0,0,0,0,0
21,1,0,1,0,1,1,0,0,0,3.5647351787255053,-1,-999,0,0,0,15,0,0,0,0
33,14,0,1,0,2,0,0,0,0,4.17854193318973,-1,-999,0,0,0,0,0,0,0,1
10,20,0,0,0,0,0,0,0,0,3.9696073391174034,-1,-999,0,0,0,2,0,0,0,1
15,1,0,0,0,1,0,0,0,0,3.7622673906514943,-1,-999,0,0,0,0,0,0,0,0
12,41,0,1,0,0,1,0,0,0,4.179486231967408,-1,-999,0,0,0,0,0,0,0,0
29,26,0,0,0,1,1,0,0,0,4.340662439139976,-1,-999,0,0,0,0,0,0,0,1
34,0,0,1,0,1,0,0,0,0,4.061976875613826,-1,-999,0,0,0,0,0,0,0,1
16,8,0,0,0,1,0,0,0,0,3.704038649026763,-1,-999,0,6,0,13,0,0,0,0
13,1,0,1,0,1,0,0,0,0,3.390805482076982,-1,-999,0,26,1,90,0,1,0,0
20,4,0,0,0,1,0,0,0,3,4.002268084440845,-1,-999,0,0,0,0,0,0,0,1
16,1,0,0,0,1,0,0,0,0,3.6572682296173893,-1,-999,0,0,0,0,0,0,0,0
16,17,0,1,0,1,0,0,0,0,4.326706577630513,-1,-999,0,4,0,5,0,0,0,0
23,19,0,1,0,1,0,0,1,0,4.161076880026372,-1,-999,0,7,2,25,0,0,0,0
15,41,0,1,0,1,0,0,0,2,4.943306805529722,-1,-999,0,0,0,0,0,0,0,1
24,26,0,1,0,3,0,1,0,3,4.403865539478652,-1,-999,0,0,0,0,0,0,0,1
17,37,0,0,0,1,0,0,0,0,4.263678575731559,-1,-999,0,0,0,2,0,0,0,0
12,44,0,1,0,2,0,0,0,0,4.1811933125951875,-1,-999,0,0,0,0,0,0,0,0
14,56,0,0,0,0,0,0,0,15,4.812404103611209,-1,-999,0,0,0,1,0,0,0,1
13,9,0,0,0,0,1,0,0,0,3.935398667466763,-1,-999,0,0,0,0,0,0,0,1
30,0,0,0,0,3,0,0,0,0,4.162023973678586,-1,-999,0,0,0,0,0,0,0,1
19,1,0,1,0,1,0,0,0,0,3.9852281360342516,-1,-999,0,0,0,0,0,0,0,0
21,18,0,0,0,1,0,0,0,9,4.363038521594966,-1,-999,0,0,0,1,0,0,0,1
30,1,0,1,0,1,0,0,2,0,4.070425860265988,-1,-999,0,18,0,16,0,0,0,0
12,1,0,1,0,1,0,0,0,0,3.6537567082870015,-1,-999,0,2,0,23,0,0,0,0
15,14,0,0,0,0,0,0,0,0,4.1734165853054455,-1,-999,0,0,0,1,0,0,0,1
12,34,0,0,0,0,1,0,0,8,4.416113144462625,-1,-999,0,6,1,19,0,0,0,0
23,18,0,0,0,1,1,0,0,1,4.230926699477594,-1,-999,0,0,0,0,0,0,0,1
14,29,0,1,0,1,0,0,0,3,4.457570670389348,-1,-999,0,0,0,1,1,0,0,1
27,1,0,0,0,1,0,0,0,3,4.033153646184958,-1,-999,0,0,0,1,0,0,0,1
24,132,0,0,0,0,0,0,1,10,5.2129354106644215,-1,-999,0,0,0,0,0,0,0,1
24,1,0,0,0,1,0,0,0,0,3.8667292966721747,-1,-999,0,0,0,11,0,0,0,0
16,31,0,0,0,0,0,0,0,0,4.043709205979987,-1,-999,0,0,0,0,0,0,0,1
31,44,0,1,0,1,0,0,0,0,4.218994739774021,-1,-999,0,19,1,127,0,0,0,0
24,1,0,0,0,1,0,0,0,0,3.9917292966721747,-1,-999,0,1,0,12,0,0,0,0
46,66,0,1,0,4,2,0,0,20,4.759461073096663,-1,-999,0,0,0,0,0,0,0,1
10,33,0,1,0,0,0,0,0,0,4.428779813241681,-1,-999,0,0,0,0,0,0,0,1
24,1,0,0,0,1,0,0,0,0,3.952819531114783,-1,-999,0,2,0,15,0,1,0,1
29,19,0,0,0,3,0,0,0,1,4.242356024177493,-1,-999,0,0,0,0,0,0,0,1
24,11,0,1,0,1,0,0,0,1,4.350342370830228,-1,-999,1,8,0,13,0,0,0,1
25,67,0,0,0,1,0,0,1,1,4.305709956996593,-1,-999,0,4,0,19,0,0,1,0
27,1,0,0,0,1,2,0,2,0,3.8785848023501854,-1,-999,0,0,0,0,0,0,0,1
11,14,0,0,0,0,0,0,0,0,3.917837797403416,-1,-999,0,0,0,1,0,0,0,1
16,33,0,1,0,1,0,0,0,0,4.27974396130543,-1,-999,0,4,0,5,0,0,0,0
24,1,0,0,0,1,0,0,0,0,3.902518266288633,-1,-999,0,4,0,49,0,0,0,0
16,54,0,0,0,1,0,1,0,0,4.424278913080866,-1,-999,0,0,0,0,0,0,0,1
29,1,0,0,0,1,0,0,0,0,3.9696073391174034,-1,-999,0,2,0,20,0,0,0,0
50,68,0,1,0,3,2,0,1,21,4.837324605675638,-1,-999,0,0,0,0,0,0,0,1
19,27,0,0,0,1,0,0,0,2,4.350680483625634,-1,-999,0,0,0,0,0,0,0,0
11,466,0,1,0,0,0,0,0,222,5.039394347688412,-1,-999,0,0,0,0,0,0,0,1
17,71,0,0,0,0,0,0,0,0,4.363020643854574,-1,-999,0,0,0,0,0,0,0,1
19,62,0,1,0,0,0,0,0,2,4.261442211929246,-1,-999,0,8,1,70,0,0,0,0
31,21,0,0,0,1,0,0,0,0,4.0945082038301885,-1,-999,0,1,3,26,0,0,0,0
14,49,0,1,0,1,0,0,0,4,4.21312802251359,-1,-999,0,0,0,7,0,0,0,0
21,48,0,0,0,1,0,0,0,1,4.408919376695454,-1,-999,0,0,0,0,0,0,0,1
18,29,0,0,0,0,0,0,0,0,4.16695035472172,-1,-999,0,0,0,0,0,0,0,1
17,29,0,0,0,1,0,0,0,13,4.476747687188397,-1,-999,0,4,0,18,0,0,0,0
21,31,0,1,0,1,0,0,0,9,4.3911283709908595,-1,-999,0,8,0,10,0,0,0,0
21,31,0,0,0,2,0,0,0,4,4.524355498727645,-1,-999,0,0,0,0,0,0,0,0
28,36,0,0,0,1,0,0,0,0,4.251703727741195,-1,-999,0,1,4,27,0,0,0,0
16,28,0,0,0,1,0,0,1,0,4.161103647469068,-1,-999,0,6,0,40,0,0,0,0
12,19,0,0,0,1,0,0,0,7,4.1787382902043575,-1,-999,0,0,0,0,0,0,0,0
17,17,0,0,0,1,0,0,0,0,4.104281809855787,-1,-999,0,0,0,0,0,0,0,1
23,19,0,1,0,0,1,0,1,0,4.218720136335857,-1,-999,0,0,0,0,0,0,0,1
21,56,0,1,0,1,0,0,0,0,4.582493321758541,-1,-999,0,0,0,7,0,0,0,0
26,1,0,0,0,1,0,0,0,0,3.870284076978159,-1,-999,0,3,1,18,0,0,0,0
15,53,0,1,0,1,0,0,0,0,4.210834062057388,-1,-999,0,0,0,2,0,0,0,0
20,23,0,1,0,1,0,1,1,3,4.558438218424667,-1,-999,0,0,0,0,0,0,0,1
14,52,0,1,0,1,0,0,0,4,4.693371817214928,-1,-999,0,2,0,15,0,0,0,0
23,74,0,0,0,1,0,0,0,0,4.12134257585517,-1,-999,1,8,1,25,0,0,0,0
15,22,0,1,0,0,0,0,0,4,4.505974696849669,-1,-999,0,0,0,6,0,0,0,1
22,1,0,1,0,1,0,0,2,0,3.953565664946428,-1,-999,0,2,1,14,0,0,1,0
23,1,0,1,0,1,0,0,1,0,4.069548827786958,-1,-999,0,0,0,1,0,0,0,0
20,1,0,1,0,1,0,0,0,0,3.995237891380887,-1,-999,0,0,0,0,0,0,0,1
15,47,0,0,0,0,0,0,0,0,4.308103995335154,-1,-999,0,0,0,0,0,0,0,1
15,88,0,0,0,1,0,0,0,11,4.679719906317393,-1,-999,0,7,0,37,0,0,0,0
26,0,0,0,0,1,0,0,0,0,4.135303210267544,-1,-999,0,2,0,9,0,0,0,0
20,14,0,1,0,2,0,0,0,0,3.8199578985571474,-1,-999,0,1,1,15,0,0,0,0
9,19,0,0,0,0,0,0,0,0,3.9572958738405704,-1,-999,0,4,0,105,0,0,0,0
24,28,0,0,0,1,0,0,0,0,4.363501280039722,-1,-999,0,2,0,5,0,0,0,1
33,1,0,1,0,1,0,0,0,0,4.300978674371633,-1,-999,0,0,2,15,0,0,0,0
32,1,0,0,0,1,0,0,1,2,4.208694969562842,-1,-999,0,0,0,0,0,0,0,1
4,8,0,1,0,0,0,0,0,3,3.8841837197791893,-1,-999,0,1,0,25,0,0,1,1
28,9,0,0,0,1,0,0,0,0,4.146376220664176,-1,-999,0,0,0,0,0,0,0,1
14,30,0,0,0,1,0,0,0,0,4.313151920306138,-1,-999,0,1,0,6,0,0,0,0
18,18,0,1,0,0,0,0,0,0,4.032820256519866,-1,-999,0,0,0,0,0,0,0,1
39,17,0,1,0,2,0,0,1,0,4.385027399432949,-1,-999,0,0,0,0,0,0,0,1
15,4,0,1,0,1,0,0,0,0,3.986187965046303,-1,-999,0,2,0,5,0,0,0,0
34,1,0,0,0,1,0,0,1,0,4.272804327334621,-1,-999,0,3,1,30,0,0,0,0
22,19,0,1,0,1,1,0,1,0,4.132481466909276,-1,-999,0,0,0,3,0,0,0,1
16,28,0,1,0,1,0,0,0,4,4.28648226746166,-1,-999,0,0,1,18,0,0,0,0
34,1,0,0,0,2,1,0,2,0,4.132939970645877,-1,-999,0,0,0,0,0,0,0,1
19,14,0,0,0,1,1,0,0,0,4.277567157116929,-1,-999,0,1,0,16,0,0,0,1
11,1,0,0,0,1,0,0,0,3,3.4713544870139295,-1,-999,0,0,0,0,0,0,0,1
42,1,0,1,0,1,1,0,2,0,4.241175960408928,-1,-999,0,0,0,0,0,0,0,1
21,31,0,0,0,1,0,0,0,0,4.344862439985561,-1,-999,0,0,0,12,0,0,0,0
21,1,0,0,0,1,0,0,0,0,3.83127625337525,-1,-999,0,0,0,0,0,0,0,0
26,19,0,0,0,1,0,0,0,0,4.144788699110687,-1,-999,0,0,1,13,0,0,0,0
13,1,0,1,0,1,0,0,0,0,3.4251185503571397,-1,-999,0,4,0,14,0,0,0,0
14,72,0,0,0,1,0,0,1,27,4.7698836123841,-1,-999,0,0,0,0,0,0,0,1
23,20,0,1,0,1,0,0,1,0,4.196770813222842,-1,-999,0,0,0,0,0,0,0,1
14,28,0,0,0,0,0,0,0,0,4.10621704899493,-1,-999,0,0,0,1,1,0,0,0
16,27,0,1,0,1,0,0,0,0,4.2315637055918085,-1,-999,0,4,0,5,0,0,0,0
8,11,0,0,0,0,1,0,0,0,3.9021748142117283,-1,-999,0,0,0,0,0,0,0,0
28,26,0,0,0,1,0,0,0,0,4.254428429554181,-1,-999,0,4,1,16,0,0,0,0
13,27,0,0,0,0,0,0,0,6,4.307159266931027,-1,-999,0,0,0,0,0,0,0,1
19,33,0,0,0,0,0,0,0,0,4.262307094167309,-1,-999,0,0,0,0,0,0,0,1
16,15,0,0,0,0,0,0,0,4,4.548097411114467,-1,-999,0,0,0,0,0,0,0,1
13,82,0,0,0,0,2,0,0,5,4.555723539223696,-1,-999,0,0,0,0,0,0,0,1
18,78,0,0,0,1,0,0,0,7,4.521283429798703,-1,-999,0,0,0,43,0,0,1,0
20,14,0,0,0,1,0,0,0,2,4.2994037610752995,-1,-999,0,0,0,0,0,0,0,1
20,35,0,0,0,0,0,0,0,0,4.185668237939383,-1,-999,0,0,0,0,0,0,0,1
19,1,0,1,0,1,0,0,1,0,3.9852281360342516,-1,-999,0,0,0,1,1,0,0,0
16,12,0,1,0,1,0,0,0,0,4.141604167868594,-1,-999,0,0,0,1,0,0,0,0
16,24,0,1,0,0,0,0,0,0,4.129247855285173,-1,-999,0,0,0,13,0,0,0,0
18,51,0,1,0,1,0,0,0,9,4.679061301882811,-1,-999,0,2,1,38,0,0,1,0
21,7,0,1,0,0,0,0,0,1,4.197159723424149,-1,-999,0,2,1,27,0,1,0,1
27,50,0,0,0,1,0,0,1,9,4.538284246065724,-1,-999,0,0,0,0,0,0,0,0
31,25,0,0,0,1,1,0,0,0,4.130633948458054,-1,-999,0,1,2,25,0,0,0,0
10,34,0,0,0,0,0,0,0,18,4.43674789082142,-1,-999,0,0,0,0,0,0,0,1
10,0,0,0,0,1,0,0,0,0,3.175123135113461,-1,-999,0,1,1,17,0,0,0,0
22,38,0,1,0,1,0,0,0,23,4.6841404594088605,-1,-999,0,0,0,0,0,0,0,1
23,47,0,0,0,0,0,0,0,24,4.658156880136878,-1,-999,0,0,0,0,0,0,0,1
17,35,0,1,0,0,0,0,0,0,4.329040021224234,-1,-999,0,0,0,0,0,0,0,1
14,180,0,1,0,1,1,0,0,12,5.478942675908048,-1,-999,0,0,0,1,0,0,0,1
19,17,0,0,0,1,0,0,0,2,3.936983358950755,-1,-999,0,0,0,0,0,0,0,1
20,7,0,0,0,1,1,0,0,2,4.256149238118269,-1,-999,0,0,0,0,0,0,0,1
21,10,0,0,0,1,1,0,0,1,4.106241250673739,-1,-999,0,0,0,0,0,0,0,1
19,0,0,0,0,1,0,0,0,0,3.921029621737615,-1,-999,0,4,1,25,0,1,0,0
9,16,0,0,0,0,0,0,0,0,3.9292292966721747,-1,-999,0,0,0,0,0,0,0,1
25,1,0,0,0,1,0,0,0,0,3.9225895736416696,-1,-999,0,0,0,7,0,0,0,0
22,15,0,0,0,1,0,0,1,1,4.049452072789394,-1,-999,0,0,0,30,0,0,0,0
24,1,0,0,0,1,0,0,0,0,4.093139062229566,-1,-999,0,0,3,67,0,0,1,0
25,37,0,0,0,1,0,0,0,0,4.297395660970516,-1,-999,0,0,0,2,0,0,0,0
12,1,0,1,0,0,0,0,1,3,4.1336606896881865,-1,-999,0,0,0,0,0,0,0,1
33,80,0,1,0,1,0,0,0,6,4.64974657691758,-1,-999,0,52,1,52,0,1,0,0
29,28,0,0,0,1,0,0,2,0,4.224642047769037,-1,-999,0,0,0,0,0,0,0,0
22,0,0,1,0,1,0,0,0,0,3.6980685120588386,-1,-999,0,6,0,50,0,0,0,0
17,25,0,0,0,0,0,0,0,4,4.280340905640633,-1,-999,0,0,0,2,0,0,0,1
22,522,0,0,0,1,0,0,0,94,5.919773349671812,-1,-999,0,0,0,0,0,0,0,1
31,30,0,0,0,2,1,0,1,0,4.146091246127622,-1,-999,0,0,0,0,0,0,0,1
20,1,0,1,0,1,0,0,0,1,4.185230132909402,-1,-999,0,0,0,0,0,0,0,1
11,63,0,1,0,0,0,0,0,11,4.544610354068112,-1,-999,0,1,4,44,0,1,0,0
21,1,0,0,0,1,0,0,0,0,3.7848977027564086,-1,-999,0,0,0,9,0,0,1,0
19,63,0,1,0,0,0,1,0,0,4.535375554831574,-1,-999,1,8,0,42,0,0,0,1
25,4,0,1,0,1,0,0,0,8,4.337435460048129,-1,-999,0,0,0,0,0,0,0,1
14,1,0,1,0,1,0,0,0,0,3.588354347173233,-1,-999,0,14,1,14,0,0,0,0
20,4,0,1,0,1,0,0,0,3,3.9917292966721747,-1,-999,0,0,0,0,0,0,0,1
16,16,0,1,0,1,0,0,0,0,4.324270834457101,-1,-999,0,4,0,5,0,0,0,0
73,48,0,1,0,3,0,0,1,41,4.823303881557057,-1,-999,0,0,0,0,0,0,0,1
12,30,0,0,0,1,0,0,0,0,4.425635099084792,-1,-999,0,17,0,47,0,0,0,0
12,8,0,1,0,1,0,0,0,0,3.994680368408909,-1,-999,0,48,1,8,0,0,0,0
8,6,0,0,0,0,0,0,0,5,3.499227541723357,-1,-999,0,0,0,0,0,0,0,1
17,30,0,0,0,0,0,0,0,0,4.180154864392036,-1,-999,0,0,0,1,0,0,0,0
19,23,0,0,0,1,0,0,0,4,4.351968966953429,-1,-999,0,0,0,0,0,0,0,1
18,1,0,1,0,1,0,0,0,0,3.6158175946759328,-1,-999,1,36,0,16,0,0,0,0
14,5,0,0,0,0,0,0,0,0,3.9790978911348054,-1,-999,0,0,0,0,0,0,0,0
6,1,0,1,0,0,0,0,0,0,3.323231428797621,-1,-999,0,1,0,193,0,0,0,0
15,91,0,0,0,1,0,0,0,0,4.441595823332191,-1,-999,0,0,0,7,0,0,0,0
11,1,0,1,0,0,0,0,0,0,3.5464393446710156,-1,-999,0,1,0,65,0,0,0,0
15,1,0,0,0,1,0,0,0,0,3.675310868912364,-1,-999,0,0,1,13,0,0,0,0
16,0,0,0,0,1,0,0,0,1,3.8492239123906247,-1,-999,0,0,0,2,0,0,0,0
18,22,0,1,0,1,0,0,0,0,4.2644608760283615,-1,-999,0,0,0,20,0,0,0,0
21,1,0,1,0,1,0,0,0,0,3.8565647621309544,-1,-999,0,3,0,61,0,0,0,0
27,45,0,1,0,1,1,0,0,25,4.623010557409425,-1,-999,0,0,0,0,0,0,0,1
25,18,0,0,0,1,1,0,0,0,4.48637013015618,-1,-999,0,0,0,0,0,0,0,1
69,1,0,1,0,3,0,0,2,9,4.746770571832187,-1,-999,0,0,0,0,0,0,0,1
11,64,0,1,0,0,0,0,0,6,4.347225079617512,-1,-999,0,5,0,30,0,0,0,0
24,12,0,0,0,1,0,0,0,1,4.0765182426716855,-1,-999,0,4,0,24,0,0,1,0
16,22,0,1,0,1,0,0,0,0,4.297336478740346,-1,-999,0,4,0,5,0,0,0,0
22,0,0,1,0,1,0,0,0,2,3.948394345536403,-1,-999,0,0,0,1,0,0,0,1
22,1,0,1,0,1,0,0,2,0,4.106949132758152,-1,-999,1,28,1,11,0,0,0,0
14,54,0,0,0,2,0,0,0,0,4.380252571143408,-1,-999,0,0,0,0,0,0,0,0
15,1,0,1,0,1,0,0,0,0,3.8239348962840563,-1,-999,0,0,0,0,0,0,0,0
4,7,0,1,0,0,0,0,0,0,3.747413039531642,-1,-999,0,0,0,0,0,0,0,1
28,1,0,1,0,1,0,0,0,0,4.154870932962629,-1,-999,0,29,1,44,0,0,0,0
16,1,0,1,0,1,0,0,0,0,3.7230741894285697,-1,-999,0,6,0,9,0,0,0,0
13,48,0,0,0,1,1,0,0,0,4.176356268041496,-1,-999,0,14,0,92,0,1,1,0
18,1,0,0,0,1,0,0,0,0,3.686419411348774,-1,-999,0,0,0,0,0,0,0,1
24,0,0,0,0,1,0,0,0,0,4.091135423220312,-1,-999,0,0,2,8,0,1,0,0
20,7,0,1,0,1,0,0,0,0,4.054721860532486,-1,-999,0,0,0,0,0,0,0,0
24,1,0,1,0,1,0,0,0,0,3.7266988631353013,-1,-999,0,18,5,92,0,1,1,0
13,19,0,0,1,0,1,1,0,10,4.571928094887363,-1,-999,0,0,0,0,0,0,0,1
20,12,0,0,0,1,0,0,0,1,4.175550615909831,-1,-999,0,0,0,0,0,0,0,1
25,5,0,0,0,1,0,0,0,8,4.432294243948856,-1,-999,0,0,0,0,0,0,0,1
25,8,0,0,0,1,1,0,0,0,3.996439344671016,-1,-999,0,0,0,1,1,0,0,0
24,40,0,0,0,1,0,0,0,4,4.258470007708993,-1,-999,0,0,0,0,0,0,0,1
14,54,0,1,0,1,0,0,0,4,4.5989990027090375,-1,-999,0,2,0,15,0,0,0,0
16,34,0,0,0,0,0,0,0,1,4.34816737411052,-1,-999,0,0,0,0,0,0,0,1
38,79,0,1,0,1,0,0,0,0,4.9725706001904335,-1,-999,0,0,0,0,0,0,0,1
15,6,0,0,0,1,0,0,0,1,3.8423709931771084,-1,-999,0,0,0,0,0,0,0,0
16,1,0,0,0,1,0,0,0,0,3.4864405016961446,-1,-999,0,0,0,1,0,0,0,0
19,1,0,1,0,1,0,0,0,0,3.9407598325400897,-1,-999,0,0,0,0,0,0,0,0
17,32,0,0,0,1,0,0,0,3,4.456484556133594,-1,-999,0,0,0,0,0,0,0,0
23,36,0,0,0,0,0,0,0,0,4.022938015612072,-1,-999,0,0,0,2,0,0,0,1
17,25,0,0,0,1,0,0,0,0,4.239524579110022,-1,-999,0,0,0,4,0,0,0,1
28,38,0,1,0,1,1,0,0,12,4.744888548805367,-1,-999,0,0,0,0,0,0,0,1
23,0,0,0,0,1,0,0,0,0,3.8150610122030697,-1,-999,0,2,0,4,1,0,0,1
60,175,0,0,0,2,2,0,5,85,4.719288874603138,-1,-999,0,0,0,0,0,0,0,1
14,22,0,0,0,1,0,0,0,6,4.277797824812466,-1,-999,0,3,0,10,0,0,1,0
22,49,0,0,0,1,0,0,0,25,4.9494298815987365,-1,-999,0,0,0,0,0,0,0,1
17,18,0,0,0,0,0,0,0,1,4.395310208947159,-1,-999,0,0,0,0,0,0,0,1
46,68,0,1,0,4,2,0,0,15,4.766540747294448,-1,-999,0,0,0,0,0,0,0,1
15,50,0,0,0,0,0,1,1,0,4.419515662753737,-1,-999,0,0,0,0,0,0,0,1
17,1,0,0,0,1,0,0,0,0,3.7532696895151085,-1,-999,0,0,0,1,0,0,0,0
25,5,0,1,0,1,0,0,0,8,4.43858836864981,-1,-999,0,0,0,0,0,0,0,1
23,26,0,0,0,0,0,0,4,0,4.211671949980975,-1,-999,0,0,0,0,0,0,0,1
12,0,0,0,0,0,0,0,1,0,3.6818808028034034,-1,-999,0,0,0,0,0,0,0,1
23,1,0,0,0,1,0,0,0,0,4.066784213473103,-1,-999,0,3,0,35,0,0,0,0
43,1,0,0,0,2,0,0,2,10,4.470774116184353,-1,-999,0,0,0,0,0,0,0,1
18,28,0,0,0,1,0,0,0,0,4.255971992896315,-1,-999,0,4,0,16,0,0,0,0
16,0,0,0,0,0,0,0,0,0,3.7622673906514943,-1,-999,0,0,0,34,0,0,0,0
45,54,0,0,0,3,2,0,1,18,4.788109134742921,-1,-999,0,0,0,0,0,0,0,1
22,12,0,0,0,1,0,0,0,3,4.208297968550675,-1,-999,0,1,1,26,0,0,0,0
50,69,0,1,0,3,2,0,1,24,4.751408352803366,-1,-999,0,0,0,0,0,0,0,1
25,1,0,1,0,1,0,0,0,0,4.02085512047121,-1,-999,0,0,1,23,0,0,0,0
29,1,0,1,0,1,0,0,1,0,4.050301855434983,-1,-999,0,0,0,0,0,0,0,1
30,36,0,1,0,1,0,0,0,0,4.411147116210502,-1,-999,0,0,0,0,0,0,0,1
50,66,0,1,0,3,2,0,1,18,4.687784648170439,-1,-999,0,0,0,0,0,0,0,1
14,50,0,0,0,0,0,0,0,13,4.8865412793047005,-1,-999,0,0,0,1,0,0,0,1
11,81,0,0,0,0,0,0,0,12,5.492957696200642,-1,-999,0,0,0,0,0,0,0,1
13,64,0,0,0,1,0,0,0,4,4.934250019028105,-1,-999,0,0,0,0,0,0,0,0
22,48,0,0,0,1,0,0,0,3,4.129661788586731,-1,-999,0,2,0,17,0,0,1,0
28,0,0,0,0,1,0,0,0,0,4.022000516883153,-1,-999,0,0,0,1,0,0,0,1
48,13,0,0,0,1,1,0,3,0,4.242728511894104,-1,-999,0,3,1,6,0,0,1,1
16,1,0,1,0,1,0,0,1,0,3.9132696895151087,-1,-999,0,0,0,0,0,0,0,0
22,29,0,0,0,1,1,0,0,0,4.300417263616583,-1,-999,0,2,0,36,0,0,0,1
16,54,0,0,0,1,1,0,0,1,4.571392547915885,-1,-999,0,31,0,37,0,0,0,0
32,65,0,0,0,1,1,1,0,0,4.502940729281093,-1,-999,0,0,0,0,0,0,0,1
26,143,0,1,0,3,0,0,0,34,5.255168228567576,-1,-999,0,0,0,0,0,0,0,1
42,69,0,0,0,3,2,0,0,26,4.807123201493532,-1,-999,0,0,0,0,0,0,0,1
13,34,0,0,0,1,0,0,0,26,4.5228629648860466,-1,-999,0,0,0,2,0,0,0,1
19,21,0,0,0,1,0,0,0,0,4.06014563981535,-1,-999,0,0,0,0,0,0,0,0
18,10,0,0,0,1,0,0,0,0,3.9572958738405704,-1,-999,0,0,0,0,0,0,0,1
9,1,0,0,0,0,0,0,0,2,3.337175341123077,-1,-999,0,0,0,0,0,0,0,1
12,15,0,0,1,0,1,0,0,9,4.197325708706504,-1,-999,0,0,0,0,0,0,0,1
35,1,0,0,0,1,1,0,0,0,4.1581409171909165,-1,-999,0,0,0,1,0,0,0,1
18,34,0,0,0,1,0,0,0,0,4.33250555942284,-1,-999,0,12,1,57,0,0,0,0
15,37,0,0,0,0,0,0,0,17,4.459789881530076,-1,-999,0,0,0,0,0,0,0,1
15,1,0,1,0,1,0,0,0,0,3.9387218755408675,-1,-999,0,7,4,71,0,0,0,0
19,24,0,1,0,1,0,1,0,0,4.128351141951584,-1,-999,0,0,0,0,0,0,0,1
44,1,0,0,0,3,0,0,0,11,4.342186055004733,-1,-999,0,0,0,0,0,0,0,1
20,33,0,0,0,1,1,0,0,0,4.1567284140969445,-1,-999,0,0,1,21,0,0,1,0
23,0,0,0,0,1,0,0,0,3,3.9898980954642878,-1,-999,0,0,0,1,0,0,0,1
25,7,0,0,0,1,1,0,0,0,4.201692923824033,-1,-999,0,0,0,1,1,0,0,0
22,38,0,1,0,1,0,0,1,4,4.303636003806989,-1,-999,0,1,0,12,0,0,0,1
23,1,0,1,0,1,0,0,0,0,3.917837797403416,-1,-999,0,0,0,0,0,0,0,0
16,46,0,0,0,1,1,0,0,0,4.573547601731286,-1,-999,0,31,0,34,0,0,0,0
16,44,0,1,0,1,0,0,0,0,4.449461694408367,-1,-999,0,4,0,5,0,0,0,0
16,28,0,1,0,1,0,0,0,0,4.110612132313071,-1,-999,0,4,0,5,0,0,0,0
24,10,0,0,0,1,0,0,0,0,4.006720834246031,-1,-999,0,0,0,17,0,0,0,0
25,1,0,0,0,2,0,0,0,9,4.202744497818535,-1,-999,0,0,0,0,0,0,0,1
10,23,0,0,0,1,0,0,1,0,4.184183719779189,-1,-999,0,0,0,0,0,0,0,1
33,0,0,0,0,1,0,0,0,0,4.0928966084191085,-1,-999,0,0,0,5,0,0,0,0
26,0,0,0,0,0,0,0,3,1,3.8471282101364253,-1,-999,0,0,0,0,0,0,0,1
19,39,0,1,0,1,0,0,0,3,4.468435506201714,-1,-999,0,0,0,0,0,0,0,1
25,1,0,1,0,1,0,0,0,0,3.8924866505712017,-1,-999,0,0,0,2,0,0,0,0
16,52,0,1,0,1,0,0,0,3,5.226020755144024,-1,-999,0,0,0,1,0,0,0,1
15,39,0,0,0,1,0,0,0,1,4.328301174253798,-1,-999,0,0,0,4,0,0,0,0
10,23,0,0,0,0,0,0,0,0,4.106198332810095,-1,-999,0,0,1,35,0,0,0,1
23,21,0,0,0,1,0,0,1,0,4.003417195329069,-1,-999,0,0,0,1,1,0,0,0
18,183,0,1,0,0,1,0,0,80,4.731387229191196,-1,-999,0,0,0,0,0,0,0,1
23,1,0,0,0,1,0,0,0,0,3.8330709070912796,-1,-999,0,1,0,51,0,0,0,0
18,183,0,1,0,0,1,0,0,68,4.536586734384578,-1,-999,0,0,0,0,0,0,0,1
37,72,0,1,0,1,0,0,0,5,4.514673832510918,-1,-999,0,0,0,1,1,0,0,0
18,23,0,0,0,1,0,0,0,0,4.2720552088742005,-1,-999,0,1,0,119,0,0,0,0
14,27,0,0,0,1,0,1,0,0,4.10621704899493,-1,-999,0,0,0,0,0,0,0,1
12,50,0,0,0,1,0,0,0,7,4.633906979070134,-1,-999,0,0,0,1,1,0,0,0
16,57,0,1,0,1,0,0,0,6,5.043544614839371,-1,-999,0,0,0,26,0,0,1,1
19,38,0,0,0,0,0,0,0,11,4.5004036179525455,-1,-999,0,0,0,0,0,0,0,1
19,19,0,0,0,1,0,0,0,0,4.152638373963222,-1,-999,0,0,0,16,0,0,0,0
17,34,0,0,0,1,0,0,0,19,4.504472487127264,-1,-999,0,19,0,17,0,0,0,0
23,24,0,0,0,0,0,0,1,1,4.1900079935705445,-1,-999,0,0,0,0,0,0,0,1
11,43,0,0,0,0,0,0,0,13,4.584196919736368,-1,-999,0,0,0,1,0,0,0,1
25,1,0,1,0,1,0,0,0,0,3.9542473996920804,-1,-999,0,2,3,33,0,0,1,0
15,6,0,0,0,1,0,0,0,2,4.280394654123194,-1,-999,0,0,0,0,0,0,0,0
15,29,0,0,0,1,0,0,0,1,4.375582881433895,-1,-999,0,0,0,0,0,0,0,0
19,1,0,1,0,1,0,0,0,0,3.869331261111518,-1,-999,0,0,1,19,0,0,0,0
31,27,0,0,0,3,0,1,0,3,4.543306805529722,-1,-999,0,0,0,0,0,0,0,1
50,69,0,0,0,3,2,0,1,16,4.6614072993937095,-1,-999,0,0,0,0,0,0,0,1
19,0,0,0,0,0,0,0,0,0,3.95006375643621,-1,-999,0,0,0,0,0,0,0,0
17,13,0,0,0,1,0,0,1,0,3.8278475418785787,-1,-999,0,6,0,42,0,0,0,1
8,5,0,1,0,0,0,0,0,1,3.844232898763192,-1,-999,0,0,0,3,0,0,1,1
14,1,0,1,0,1,0,0,0,0,3.5013978254341027,-1,-999,0,5,1,61,0,0,0,0
23,0,0,0,0,1,0,0,0,0,3.802910079649727,-1,-999,0,0,0,1,0,0,0,1
22,32,0,0,0,1,0,0,0,0,4.477537289790851,-1,-999,0,0,0,14,0,0,0,0
24,1,0,1,0,1,0,0,0,1,4.0895524525606675,-1,-999,0,2,0,4,1,0,0,1
16,1,0,1,0,1,0,0,0,0,3.9434651896016475,-1,-999,0,0,0,0,0,0,0,0
37,34,0,0,0,1,1,0,0,0,4.254712361478292,-1,-999,0,0,0,0,0,0,0,1
22,1,0,0,0,1,0,0,0,0,3.847742678581274,-1,-999,0,0,0,1,0,0,0,0
22,1,0,0,0,1,0,0,1,0,4.031401845392172,-1,-999,0,0,0,0,0,0,0,1
18,38,0,0,0,0,0,1,0,1,4.078870060698688,-1,-999,0,0,0,0,0,0,0,1
22,0,0,0,0,1,0,0,0,2,3.978333581185264,-1,-999,0,0,0,1,0,0,0,1
28,23,0,0,0,1,0,0,1,0,4.139899262511286,-1,-999,0,0,0,0,0,0,0,1
23,18,0,1,0,1,0,0,1,0,4.425635099084792,-1,-999,0,6,2,22,0,0,0,0
11,25,0,0,0,0,1,0,0,2,4.1733739877037905,-1,-999,0,0,0,0,0,0,0,1
16,29,0,0,0,1,0,0,0,0,4.2582528246854965,-1,-999,0,0,0,1,1,0,0,0
14,43,0,0,0,1,0,0,0,6,4.272729102437745,-1,-999,0,0,0,0,0,0,0,0
18,43,0,1,0,1,0,0,0,0,4.089508097775392,-1,-999,0,0,0,1,1,0,0,0
16,12,0,0,0,1,0,0,0,3,4.229003731107054,-1,-999,0,0,0,0,0,0,0,1
5,12,0,0,0,0,1,0,0,0,3.886842188131012,-1,-999,0,0,0,0,0,0,0,1
23,30,0,0,0,1,0,0,0,6,4.444413829577612,-1,-999,0,0,0,0,0,0,0,0
19,35,0,0,0,1,0,0,0,1,4.291175559393299,-1,-999,0,7,0,22,0,0,0,1
16,17,0,1,0,1,0,0,0,0,4.324270834457101,-1,-999,0,4,0,5,0,0,0,0
10,1,0,1,0,0,0,0,0,0,3.536886723742168,-1,-999,0,0,0,1,1,0,0,0
24,1,0,1,0,1,0,0,0,0,3.873812589567827,-1,-999,0,1,0,50,0,0,1,0
15,19,0,1,0,1,0,0,0,1,4.536388882458135,-1,-999,0,0,1,50,0,0,0,0
16,19,0,1,0,1,0,0,0,0,4.274874638322402,-1,-999,0,0,0,1,0,0,0,0
25,0,0,0,0,1,0,0,0,0,4.038909765557392,-1,-999,0,0,0,1,0,0,0,1
16,4,0,0,0,0,0,0,0,0,3.8100810205217304,-1,-999,0,0,0,0,0,0,0,1
13,23,0,1,0,1,0,0,0,0,4.263313653112509,-1,-999,0,0,0,1,1,0,0,0
17,60,0,0,0,1,0,0,1,3,4.413816494972464,-1,-999,0,3,0,10,0,0,0,0
71,34,0,0,0,8,0,0,0,18,4.559107436252553,-1,-999,1,19,0,4,0,0,0,1
13,1,0,1,0,1,0,0,0,0,3.5383105956150063,-1,-999,0,2,2,10,0,0,0,0
17,25,0,0,0,0,0,0,0,0,4.381926742960786,-1,-999,0,0,0,0,0,0,0,1
18,36,0,1,0,1,0,0,0,0,4.11568926330007,-1,-999,0,0,0,0,0,0,0,0
15,48,0,0,0,1,0,0,0,1,4.2839326179867525,-1,-999,0,0,0,3,0,0,0,0
8,1,0,1,0,0,0,0,0,0,3.4548223999466066,-1,-999,0,9,0,29,0,0,0,0
25,11,0,0,0,1,1,0,0,0,4.1558184643976634,-1,-999,0,0,0,1,1,0,0,0
23,199,0,0,0,0,1,0,0,80,4.779781874283435,-1,-999,0,0,0,0,0,0,0,1
10,58,0,0,0,0,0,0,0,0,4.233288651525907,-1,-999,0,0,0,0,0,0,0,0
26,1,0,1,0,1,0,0,0,0,4.036006945330955,-1,-999,0,4,0,57,0,0,0,0
33,0,0,0,0,1,0,0,0,0,4.077567157116929,-1,-999,0,2,0,4,1,0,0,1
17,1,0,1,0,1,0,0,0,0,3.5073801024236357,-1,-999,0,0,0,0,0,0,0,0
22,47,1,0,0,2,0,0,0,17,4.3001738173995285,-1,-999,0,0,0,0,0,0,0,1
14,1,0,1,0,1,0,0,0,0,3.5555331514269954,-1,-999,0,6,1,18,0,0,1,0
15,1,0,1,0,1,0,0,0,0,3.855388542207534,-1,-999,0,0,0,26,0,0,0,0
20,34,0,0,0,0,0,0,0,0,4.182455322577736,-1,-999,0,0,0,0,0,0,0,1
12,73,0,1,0,0,0,1,0,0,4.425555379662124,-1,-999,0,0,0,0,0,0,0,1
15,18,0,0,0,0,1,0,0,0,3.8649112214500145,-1,-999,0,1,0,20,0,0,0,1
27,92,0,1,0,1,0,0,0,26,5.27128134112947,-1,-999,0,0,1,1,0,0,0,1
15,35,0,0,0,1,1,0,0,0,4.253256680527763,-1,-999,0,0,1,17,0,0,0,0
16,0,0,0,0,0,0,0,1,0,3.675310868912364,-1,-999,0,0,0,0,0,0,0,0
43,1,0,0,0,1,0,0,2,0,4.133141156402517,-1,-999,0,0,0,0,0,0,0,1
19,28,0,1,0,1,0,0,0,0,4.1061057955716125,-1,-999,0,1,0,40,0,0,0,0
25,21,0,0,0,1,0,0,0,0,4.2158645019704135,-1,-999,0,2,0,11,0,0,0,0
18,48,0,0,0,1,1,0,0,2,4.32662910040954,-1,-999,0,4,2,0,0,0,0,1
25,1,0,0,0,1,0,0,0,0,3.98319563424773,-1,-999,0,0,0,53,0,0,0,0
25,108,0,1,0,3,1,0,0,18,5.501196327493281,-1,-999,0,0,0,0,0,0,0,1
16,17,0,1,0,1,0,0,0,0,4.257078456355553,-1,-999,0,4,0,5,0,0,0,0
22,64,0,0,0,0,0,0,1,26,4.787019397797361,-1,-999,0,15,0,12,0,0,0,1
11,45,0,0,0,0,0,0,0,0,4.1169567572136,-1,-999,0,0,0,1,0,0,0,1
11,10,0,0,0,1,1,0,0,4,3.9407598325400897,-1,-999,0,0,0,0,0,0,0,1
31,1,0,0,0,1,1,0,0,0,3.884653744936846,-1,-999,0,0,0,11,0,0,1,1
15,23,0,0,0,2,0,0,0,4,4.484987227560984,-1,-999,0,0,0,0,0,0,0,1
17,34,0,0,0,1,0,0,0,1,4.351358960899052,-1,-999,0,0,0,5,0,0,0,0
22,15,0,0,0,1,1,0,1,2,4.31705292530797,-1,-999,0,0,0,0,0,0,0,1
17,1,0,0,0,1,0,0,1,0,3.8332696895151086,-1,-999,0,0,0,15,0,0,0,0
50,68,0,0,0,3,2,0,1,21,4.831353008990735,-1,-999,0,0,0,0,0,0,0,1
18,24,0,0,0,1,0,0,0,0,4.338601170380906,-1,-999,0,0,0,0,0,0,0,1
15,1,0,0,0,1,0,0,0,0,3.3816201079487347,-1,-999,0,0,0,0,0,0,0,0
17,1,0,0,0,1,0,0,0,0,3.9434651896016475,-1,-999,0,2,0,19,0,0,0,0
20,23,0,0,0,1,0,0,0,0,4.271272380112911,-1,-999,0,2,1,22,0,0,0,0
23,1,0,1,0,1,0,0,0,0,4.140319531114783,-1,-999,0,1,0,20,0,0,0,0
14,108,0,0,0,0,0,0,1,59,4.660709931024429,-1,-999,0,0,0,0,0,0,0,1
13,25,0,0,0,1,0,0,0,0,4.221946673862943,-1,-999,0,0,0,0,0,0,0,0
18,53,0,1,0,1,0,0,0,8,4.7874459387869654,-1,-999,0,0,0,5,0,0,0,0
19,0,0,0,0,0,0,0,0,0,3.95006375643621,-1,-999,0,4,0,24,0,1,0,0
22,42,0,0,0,1,0,0,0,0,4.213620049328227,-1,-999,0,0,0,0,0,0,0,0
15,12,0,0,0,0,0,0,0,0,3.4585193710958055,-1,-999,0,0,0,0,0,0,0,1
15,36,0,1,0,1,0,0,0,0,4.0674975590262346,-1,-999,0,0,0,3,0,0,0,0
24,33,0,1,0,1,0,0,0,8,4.535518537427006,-1,-999,0,4,0,45,0,0,0,0
16,1,0,1,0,1,0,0,0,0,3.6732696895151085,-1,-999,0,5,1,36,0,0,0,0
23,60,1,0,0,2,0,0,0,19,4.437586053311656,-1,-999,0,0,0,0,0,0,0,1
14,26,0,0,0,1,0,0,0,0,4.155682341850947,-1,-999,0,0,0,3,0,0,0,0
39,106,0,0,0,3,1,0,2,22,5.600922545741244,-1,-999,0,0,0,0,0,0,0,1
28,12,0,0,0,1,0,0,0,0,4.094393309484218,-1,-999,0,2,0,26,0,0,0,0
13,53,0,1,0,1,0,0,0,12,4.525290445257776,-1,-999,0,0,0,0,0,0,0,1
14,27,0,0,0,0,1,0,0,0,4.103707802945663,-1,-999,0,0,0,0,0,0,0,1
13,1,0,0,0,1,0,0,0,0,3.427333493898265,-1,-999,0,1,0,49,0,0,0,0
13,44,0,1,0,1,0,0,0,0,4.252094699477102,-1,-999,0,42,1,39,0,0,0,0
13,1,0,0,0,1,0,0,0,0,3.6537567082870015,-1,-999,0,53,1,22,0,0,0,0
27,0,0,1,0,1,0,0,0,0,4.036006945330955,-1,-999,0,2,0,6,1,0,0,1
11,43,0,1,0,1,0,0,0,0,4.226880440551378,-1,-999,0,0,0,2,0,0,0,0
47,1,0,0,0,3,0,0,2,5,4.3654632956896195,-1,-999,0,0,0,0,0,0,0,1
36,0,0,0,0,1,0,0,0,1,4.228363010415425,-1,-999,0,0,0,1,0,0,0,1
16,3,0,0,0,0,0,0,0,1,3.95006375643621,-1,-999,0,0,0,0,0,0,0,1
18,10,0,0,0,1,0,0,0,0,4.071581588126285,-1,-999,0,0,0,0,0,0,0,1
20,68,0,1,0,1,1,0,0,5,4.607588389358786,-1,-999,0,0,0,0,0,0,0,1
16,57,0,1,0,1,0,0,0,6,5.147083944054897,-1,-999,0,0,0,0,0,0,0,1
19,15,0,0,0,1,0,0,0,0,4.101216028902793,-1,-999,0,0,0,0,0,0,0,1
26,25,0,0,0,1,0,0,0,3,4.409865880046908,-1,-999,0,0,1,1,0,0,0,1
16,37,0,1,0,1,0,0,0,4,4.379439132922055,-1,-999,0,5,0,11,0,0,0,0
19,27,0,0,0,1,0,0,0,2,4.081182013811434,-1,-999,0,0,0,0,0,0,0,0
14,1,0,1,0,1,0,0,0,0,3.642489673166126,-1,-999,0,0,0,1,1,0,0,0
15,26,0,0,0,1,1,0,0,3,4.17091452195184,-1,-999,0,0,0,0,0,0,0,1
18,20,0,0,0,1,0,0,0,0,4.186188929614931,-1,-999,0,1,1,26,0,0,0,0
27,16,0,0,0,1,0,0,0,0,4.206370130156181,-1,-999,0,0,0,0,0,0,0,1
8,3,0,0,0,0,0,0,0,0,3.4193819456463714,-1,-999,0,1,1,26,0,0,1,1
18,9,0,0,0,1,0,0,0,0,3.6349899593311,-1,-999,0,0,0,0,0,0,0,1
18,9,0,0,0,0,0,0,0,0,4.035273502696889,-1,-999,0,8,0,20,0,0,0,1
28,1,0,0,0,1,0,0,0,2,4.197159723424149,-1,-999,0,0,0,0,0,0,0,1
12,28,0,1,0,0,0,0,0,0,4.0957136787344055,-1,-999,0,0,0,0,0,0,0,1
21,21,0,0,0,1,0,0,0,0,4.099104486839894,-1,-999,0,2,0,50,0,0,1,0
22,62,0,0,0,0,0,0,0,24,4.670428052549928,-1,-999,0,0,0,0,0,0,0,1
35,4,0,0,0,1,1,0,3,1,4.3062689694849325,-1,-999,0,0,0,1,0,0,0,1
22,12,0,0,0,1,0,0,0,0,4.013176017331163,-1,-999,0,0,0,0,0,0,0,1
17,24,0,0,0,1,0,0,0,0,4.135299814773783,-1,-999,0,0,0,1,1,0,0,0
15,3,0,1,0,1,0,0,0,0,3.738149333192866,-1,-999,0,17,5,19,0,0,0,0
23,47,0,0,0,0,0,0,0,24,4.723046002505055,-1,-999,0,0,0,0,0,0,0,1
13,1,0,1,0,1,0,0,0,0,3.572623663895164,-1,-999,0,59,2,41,0,0,0,0
19,15,0,0,0,1,0,0,0,0,4.006720834246032,-1,-999,0,0,0,0,0,0,0,1
7,33,0,1,0,0,0,0,0,9,4.876629167387823,-1,-999,0,0,0,11,0,0,1,1
45,14,0,0,0,4,0,0,0,17,4.563354635087932,-1,-999,0,0,0,0,0,0,0,1
18,65,0,1,0,1,0,0,0,0,4.3700416915610605,-1,-999,0,12,1,20,0,0,0,0
25,11,0,0,0,1,1,0,0,0,3.9697719527697566,-1,-999,0,0,0,1,1,0,0,0
22,31,0,0,0,0,0,0,1,5,4.43624341298306,-1,-999,0,15,0,12,0,0,0,1
21,65,0,0,0,1,0,0,0,0,4.3243162114942555,-1,-999,0,0,0,13,0,0,0,0
39,0,0,0,0,2,0,0,2,2,4.249014336859389,-1,-999,0,0,0,0,0,0,0,1
15,50,0,0,0,2,0,0,0,0,3.9722998370038667,-1,-999,0,0,1,6,0,0,0,0
11,0,0,0,0,0,0,0,0,0,3.836591668108979,-1,-999,0,0,0,0,0,0,0,0
15,34,0,0,0,0,0,0,0,0,4.170770270419308,-1,-999,0,9,0,9,0,0,0,1
15,0,0,0,0,1,0,0,0,0,3.572623663895164,-1,-999,1,44,0,44,0,0,0,0
18,22,0,0,0,1,0,0,0,0,4.044084203599106,-1,-999,0,1,1,26,0,0,0,0
23,37,0,0,0,0,0,0,0,0,4.009900856236012,-1,-999,0,0,0,2,0,0,0,1
20,70,0,0,0,0,0,0,0,23,4.842411172959757,-1,-999,0,14,1,48,0,0,0,1
15,70,0,0,0,1,0,0,0,23,4.531198032323435,-1,-999,0,0,0,0,0,0,0,1
25,12,0,0,0,1,1,0,0,0,3.9971885180091755,-1,-999,0,0,0,1,1,0,0,0
13,4,0,1,0,1,0,0,0,0,3.683856189774725,-1,-999,0,29,1,30,0,0,0,0
24,1,0,0,0,1,0,0,0,0,3.9917292966721747,-1,-999,0,6,0,41,0,0,0,0
11,6,0,0,0,0,0,0,0,2,3.8035088547976783,-1,-999,0,0,0,5,0,0,1,1
213,47,0,0,0,11,0,1,0,39,5.093764231946959,-1,-999,0,0,0,0,0,0,0,1
20,58,0,0,0,1,1,0,0,0,4.182633366759056,-1,-999,0,0,0,0,0,0,0,1
14,0,0,0,0,1,0,0,0,0,3.463280517810811,-1,-999,0,2,0,94,0,0,0,0
47,26,0,1,0,3,1,1,0,2,4.335185849243327,-1,-999,0,0,0,0,0,0,0,1
15,43,0,1,0,0,0,0,1,0,4.270248908300865,-1,-999,0,0,0,0,0,0,0,1
15,38,0,1,0,1,0,0,0,5,5.15188856700015,-1,-999,0,0,0,41,0,0,1,1
20,18,0,1,0,1,0,0,0,0,4.150491098258531,-1,-999,0,4,0,5,0,0,0,0
30,46,0,1,0,1,0,0,0,3,4.435417924618147,-1,-999,0,0,0,0,0,0,0,1
13,10,0,0,1,0,0,0,0,10,4.148394345536404,-1,-999,0,0,0,1,0,0,0,1
26,313,0,0,0,1,0,0,1,56,5.946815604479978,-1,-999,0,0,0,0,0,0,0,1
25,8,0,0,0,1,1,0,0,0,4.043942707918269,-1,-999,0,0,0,1,1,0,0,0
23,1,0,1,0,2,0,0,1,0,3.7570488277869583,-1,-999,0,0,0,0,0,0,0,1
23,47,0,0,0,0,0,0,0,15,4.5796913739035485,-1,-999,0,0,0,0,0,0,0,1
11,1,0,0,0,0,0,0,1,0,3.6818808028034034,-1,-999,0,0,0,0,0,0,0,1
34,1,0,1,0,1,1,0,0,0,3.952216429463629,-1,-999,0,2,0,5,0,0,0,1
16,14,0,1,0,0,1,0,0,0,4.023471592049354,-1,-999,0,0,0,1,0,0,0,1
8,13,0,1,0,0,0,0,0,2,3.7974676329840045,-1,-999,0,3,0,4,0,0,0,0
29,11,0,0,0,3,0,0,0,3,4.3678986918730125,-1,-999,0,0,0,0,0,0,0,1
21,1,0,1,0,1,0,0,0,0,3.9110804962442782,-1,-999,0,0,1,13,0,0,0,0
15,36,0,0,0,2,0,0,0,6,4.189564512877428,-1,-999,0,0,0,0,0,0,0,0
50,68,0,1,0,3,2,0,1,21,4.8623654004123775,-1,-999,0,0,0,0,0,0,0,1
15,26,0,0,0,1,0,0,0,1,4.339661719245795,-1,-999,0,0,0,0,0,0,0,1
13,89,0,0,0,0,2,0,0,5,4.722999346025464,-1,-999,0,0,0,14,0,0,0,1
28,1,0,1,0,1,0,0,0,0,3.9519040409537927,-1,-999,0,0,0,0,0,0,0,0
13,27,0,0,0,0,0,0,0,0,4.275036394498539,-1,-999,0,0,0,0,0,0,0,1
18,1,0,0,0,1,0,0,0,0,4.026986833359287,-1,-999,0,0,0,6,0,0,0,1
21,41,0,0,0,1,0,0,0,0,4.189733835928788,-1,-999,0,3,0,15,0,0,0,1
17,1,0,0,0,1,0,0,0,0,3.9932696895151087,-1,-999,0,2,0,50,0,0,0,0
18,1,0,1,0,1,0,0,0,0,3.7262046313924557,-1,-999,0,5,0,6,0,0,0,0
16,19,0,1,0,1,0,0,0,0,4.161973406409068,-1,-999,0,4,0,5,0,0,0,0
19,32,0,0,0,1,1,0,0,0,4.163486599653539,-1,-999,0,0,0,0,0,0,0,1
31,1,0,0,0,1,0,0,1,4,3.955291886017961,-1,-999,0,0,0,0,0,0,0,1
16,22,0,1,0,1,0,0,0,0,4.177558761254978,-1,-999,0,4,0,5,0,0,0,0
23,47,0,0,0,0,0,0,0,21,4.7140855358051486,-1,-999,0,0,0,0,0,0,0,1
9,14,0,0,0,0,0,0,0,0,3.986569246460625,-1,-999,0,0,0,1,0,0,0,1
13,25,0,1,0,0,0,0,0,1,4.127065630893371,-1,-999,0,2,1,18,0,0,1,0
12,27,0,0,0,1,0,0,0,0,4.3173892722447516,-1,-999,0,0,0,1,0,0,0,1
18,0,0,0,0,1,0,0,0,0,3.813660689688186,-1,-999,0,4,2,11,0,0,0,0
23,18,0,0,0,1,2,0,1,0,4.290400719733289,-1,-999,0,0,0,0,0,0,0,1
21,0,0,0,0,1,0,0,0,0,3.753434386188785,-1,-999,0,0,0,1,0,0,0,1
20,1,0,0,0,1,0,0,0,0,3.556656707462823,-1,-999,0,4,0,6,0,0,0,0
16,27,0,0,0,0,0,0,0,1,3.950952131492841,-1,-999,0,3,1,17,0,0,0,1
15,1,0,1,0,1,0,0,0,0,3.5220552088742005,-1,-999,0,0,0,1,1,0,0,0
18,15,0,0,0,1,0,0,0,0,4.093942707918269,-1,-999,0,1,1,26,0,0,0,0
31,1,0,1,0,1,1,0,1,0,4.325070520364182,-1,-999,0,0,0,0,0,0,0,1
50,19,0,0,0,3,2,0,1,10,4.539607856577964,-1,-999,0,0,0,0,0,0,0,1
15,31,0,1,0,1,0,0,0,3,4.38009433628333,-1,-999,0,0,0,6,0,0,0,0
21,1,0,1,0,1,0,0,0,0,3.964735178725505,-1,-999,0,0,0,0,0,0,0,0
17,34,0,0,0,0,0,0,0,2,4.251752383770156,-1,-999,0,23,1,40,0,0,0,0
18,1,0,0,0,0,0,0,0,0,3.6714055834424975,-1,-999,0,0,0,0,0,0,0,1
22,1,0,1,0,1,0,0,0,2,3.873235826376329,-1,-999,0,0,0,1,0,0,0,1
13,67,0,0,0,0,0,0,0,1,4.413287101956199,-1,-999,0,0,0,0,0,0,0,1
18,0,0,0,0,1,0,0,0,0,3.7834651896016473,-1,-999,0,0,0,0,0,0,0,1
50,67,0,0,0,3,2,0,1,23,4.760879566063509,-1,-999,0,0,0,0,0,0,0,1
16,31,0,0,0,1,0,0,0,0,4.143892715872895,-1,-999,0,0,0,1,1,0,0,0
19,20,0,0,0,1,0,0,0,0,4.227684001111674,-1,-999,0,1,0,21,0,1,0,0
25,1,0,1,0,1,0,0,0,0,4.043057694064253,-1,-999,0,0,0,1,1,0,0,0
17,48,0,0,0,1,0,0,0,5,4.527175960125156,-1,-999,0,2,0,13,0,0,0,0
20,57,0,0,0,1,0,0,0,6,4.542349012616867,-1,-999,0,4,0,13,0,0,0,0
26,1,0,1,0,1,1,0,0,0,4.207435516759526,-1,-999,0,3,0,2,1,0,0,1
27,15,0,1,0,1,0,0,0,0,4.281076880026372,-1,-999,0,0,1,18,0,0,0,0
30,31,0,0,0,1,0,0,0,0,4.035613026024892,-1,-999,0,0,0,0,0,0,0,0
50,27,0,1,0,1,2,0,0,15,4.7580668246726985,-1,-999,0,0,0,0,0,0,0,1
16,9,0,1,0,1,0,0,0,1,4.086526226193702,-1,-999,0,4,0,5,0,0,0,0
14,58,0,0,0,0,0,0,1,0,4.077523748418531,-1,-999,0,0,0,0,0,0,0,1
33,24,0,1,0,2,0,0,0,0,4.256306466575051,-1,-999,0,0,0,1,0,0,0,1
15,89,0,1,0,1,0,0,0,10,5.347643096586805,-1,-999,0,0,0,0,0,0,0,1
25,1,0,0,0,1,0,0,0,0,3.9603202553942918,-1,-999,0,2,0,12,0,0,0,0
41,24,0,1,0,3,1,0,2,3,4.365162100304155,-1,-999,0,0,0,0,0,0,0,1
28,1,0,1,0,1,0,0,0,0,3.884600662692359,-1,-999,0,6,3,31,0,0,1,0
19,76,0,0,0,1,0,0,0,5,4.479503563627447,-1,-999,0,0,0,0,0,0,0,0
20,17,0,1,0,1,0,0,0,1,4.2166513633240275,-1,-999,0,0,0,1,1,0,0,0
13,27,0,1,0,1,0,0,0,0,4.494427130042125,-1,-999,0,0,0,3,0,0,0,1
21,60,0,0,0,0,0,0,0,23,4.7354930174700876,-1,-999,0,0,0,0,0,0,0,1
18,1,0,1,0,1,0,0,0,0,3.602316558505552,-1,-999,0,0,0,1,0,0,0,0
11,17,0,1,0,1,0,0,0,0,4.030493056757482,-1,-999,0,13,1,28,0,0,0,0
18,19,0,0,0,1,0,0,0,0,4.024899448665394,-1,-999,0,1,1,26,0,0,0,0
20,34,0,0,0,1,0,0,0,4,4.376737542161719,-1,-999,0,0,0,0,0,0,0,0
19,6,0,0,0,1,0,0,0,0,3.890319531114783,-1,-999,0,0,0,8,0,0,0,0
23,1,0,0,0,1,0,0,0,0,3.7600172778496534,-1,-999,0,1,1,27,0,0,0,0
11,35,0,1,0,1,0,0,0,13,4.773043983484693,-1,-999,0,0,0,10,0,0,1,1
21,1,0,1,0,0,2,0,2,0,3.831401845392172,-1,-999,0,0,0,0,0,0,0,1
12,17,0,0,0,1,0,0,0,7,4.0067499186387785,-1,-999,0,0,0,0,0,0,0,0
25,108,0,1,0,3,1,0,0,18,5.510259401280625,-1,-999,0,0,0,0,0,0,0,1
6,8,0,0,0,0,0,0,0,1,3.6304126608739984,-1,-999,0,1,0,22,0,0,0,0
24,156,0,0,0,1,3,0,0,35,5.009468168454065,-1,-999,0,0,0,0,0,0,0,1
19,32,0,0,0,0,1,0,0,0,4.267656323446063,-1,-999,1,17,3,42,0,0,0,0
15,80,0,0,0,0,3,0,0,25,4.765624613088569,-1,-999,0,0,0,0,0,0,0,1
19,1,0,1,0,1,0,0,0,0,3.753434386188785,-1,-999,0,0,0,0,0,0,0,1
19,40,0,0,0,1,0,0,0,0,4.338282620356518,-1,-999,0,0,0,7,0,0,0,0
28,13,0,0,0,2,0,0,0,0,4.2207136787344055,-1,-999,0,0,0,0,1,0,0,1
21,1,0,0,0,1,0,0,0,0,4.1162646156680225,-1,-999,1,28,0,43,0,0,0,0
23,59,0,1,0,1,0,0,0,5,4.494468447520142,-1,-999,0,1,0,16,0,0,0,0
50,68,0,1,0,3,2,0,1,23,4.771280388644894,-1,-999,0,0,0,0,0,0,0,1
35,24,0,0,0,3,0,0,0,14,4.4680441190962155,-1,-999,0,0,0,0,0,0,0,1
9,32,0,0,0,0,1,0,0,0,3.9957817728566996,-1,-999,0,0,0,42,0,0,0,1
24,1,0,0,0,1,0,0,0,0,4.054229296672175,-1,-999,0,0,0,14,0,0,0,0
12,1,0,0,1,0,0,0,0,9,3.3464393446710154,-1,-999,0,0,0,0,0,0,0,1
23,90,0,1,0,1,0,0,1,6,5.2958361340610205,-1,-999,0,0,0,0,0,0,0,1
12,24,0,0,0,1,0,0,0,0,4.060472755790457,-1,-999,0,5,1,20,0,0,0,0
21,17,0,0,0,1,0,0,0,0,4.034435120208033,-1,-999,0,2,0,33,0,0,0,1
15,12,0,0,0,0,0,0,0,0,3.9002708419385668,-1,-999,0,2,0,6,0,0,0,1
17,99,0,0,0,0,0,1,0,0,4.5191357251665005,-1,-999,0,0,0,0,0,0,0,1
18,21,0,0,0,1,0,0,0,0,3.950071947196061,-1,-999,0,0,0,1,1,0,0,0
26,1,0,1,0,1,0,0,0,4,3.9900172174899033,-1,-999,0,0,0,1,0,0,0,1
11,7,0,1,0,0,0,0,0,1,4.209867121904036,-1,-999,0,0,0,3,0,0,0,1
26,1,0,0,0,0,0,0,1,0,3.833663121159437,-1,-999,0,0,0,0,0,0,0,1
22,25,0,0,0,1,0,0,0,6,4.217488427929138,-1,-999,0,8,1,66,0,0,1,0
10,1,0,0,0,1,0,0,0,0,3.155221528859512,-1,-999,0,1,0,108,0,0,0,0
19,29,0,0,0,1,0,0,1,10,4.542469431935249,-1,-999,0,0,0,0,0,0,0,1
30,1,0,0,0,1,0,0,0,0,3.892407118592877,-1,-999,0,0,0,25,0,0,1,0
30,1,0,0,0,2,1,0,0,0,4.0632025132158525,-1,-999,0,0,0,0,0,0,0,1
47,1,0,0,0,3,0,0,1,12,4.594374031431127,-1,-999,0,0,0,0,0,0,0,1
12,75,0,1,0,1,0,0,0,0,4.448025874348412,-1,-999,0,1,1,10,0,0,0,0
12,61,0,1,0,0,1,0,0,5,4.553821725101928,-1,-999,0,0,0,0,0,0,0,1
25,15,0,0,0,1,1,0,0,1,4.113129150361585,-1,-999,0,0,0,0,0,0,0,1
38,20,0,1,0,3,1,0,2,0,4.1410167111344895,-1,-999,0,0,0,0,0,0,0,1
16,7,0,1,0,0,0,0,0,0,3.977916874693636,-1,-999,0,0,0,0,0,0,0,1
41,10,0,0,0,3,0,0,0,0,4.101251419059801,-1,-999,0,0,0,0,0,0,0,1
32,12,0,0,0,1,1,0,0,1,4.562049057989325,-1,-999,0,0,1,1,0,0,0,1
18,1,0,1,0,1,0,0,1,0,4.032303242743953,-1,-999,0,0,0,0,0,0,0,1
13,63,0,0,0,0,0,0,0,0,4.278494028113855,-1,-999,0,0,0,0,0,0,0,1
18,101,0,1,0,1,0,0,0,21,4.777427782748251,-1,-999,0,15,1,27,0,0,0,0
21,30,0,1,0,1,0,0,0,0,4.280888922853063,-1,-999,0,0,0,1,0,0,0,1
21,31,0,1,0,1,0,0,0,9,4.3911283709908595,-1,-999,0,0,0,2,0,0,0,0
9,1,0,1,0,0,0,0,0,0,3.57243125132212,-1,-999,0,0,0,0,0,0,0,0
50,19,0,0,0,3,2,0,1,8,4.569956626136606,-1,-999,0,0,0,0,0,0,0,1
29,1,0,0,0,1,1,0,0,1,4.077715447225512,-1,-999,0,0,0,11,0,0,1,1
29,1,0,0,0,1,0,0,0,0,4.147717892246672,-1,-999,0,3,0,17,0,0,0,0
27,168,0,1,0,1,1,0,0,20,5.661731641701345,-1,-999,0,0,0,2,0,0,0,1
12,1,0,1,0,1,0,0,0,0,3.558518613048906,-1,-999,0,5,0,32,0,0,0,0
33,1,0,1,0,0,0,0,4,4,4.46090276852248,-1,-999,0,0,0,0,0,0,0,1
29,8,0,0,0,1,0,0,0,22,4.337066209881521,-1,-999,0,0,0,0,0,0,0,1
27,1,0,0,0,1,0,0,0,0,4.071581588126285,-1,-999,0,0,1,15,0,0,0,0
50,69,0,1,0,3,2,0,1,21,4.746039509262474,-1,-999,0,0,0,0,0,0,0,1
22,14,0,1,0,1,0,0,0,4,4.265583322887734,-1,-999,0,0,0,3,0,0,0,0
21,1,0,1,0,1,0,0,0,0,3.739572261986723,-1,-999,0,1,0,12,0,0,0,0
14,71,0,1,0,0,0,0,0,19,4.612550983935182,-1,-999,0,0,0,0,0,0,0,1
15,62,0,1,0,1,0,0,0,9,4.735804543331455,-1,-999,0,0,0,6,0,0,0,0
22,0,0,0,0,1,0,0,0,0,4.1162646156680225,-1,-999,0,0,0,8,0,0,0,0
15,1,0,0,0,1,0,0,0,0,3.4144413036949723,-1,-999,0,0,0,30,0,0,0,0
15,23,0,0,0,1,0,0,0,1,3.780881575003209,-1,-999,0,0,0,0,0,0,0,1
18,90,0,1,0,1,0,0,0,22,4.563575739384589,-1,-999,0,15,1,25,0,0,0,0
7,1,0,1,0,0,0,0,0,0,2.952819531114783,-1,-999,0,10,1,7,0,0,0,0
17,10,0,0,0,0,0,0,1,4,4.113362385992582,-1,-999,0,4,0,13,0,0,0,0
15,22,0,1,0,0,0,0,0,2,4.161313030086848,-1,-999,1,5,0,7,0,0,0,0
21,16,0,0,0,1,2,0,0,0,4.100921675209631,-1,-999,0,0,0,0,0,0,0,1
26,267,0,1,0,1,0,0,0,128,4.688285665711728,-1,-999,0,0,1,1,0,0,0,1
23,1,0,1,0,0,1,0,1,0,4.116729296672175,-1,-999,0,0,0,0,0,0,0,1
16,29,0,0,0,0,0,0,0,0,4.171097652077045,-1,-999,0,0,0,0,0,0,0,1
21,0,0,0,0,1,0,0,0,0,3.753434386188785,-1,-999,0,7,1,15,0,0,1,0
50,68,0,0,0,3,2,0,1,15,4.761293034546216,-1,-999,0,0,0,0,0,0,0,1
38,10,0,1,0,3,0,0,2,6,4.296580655376751,-1,-999,0,0,0,0,0,0,0,1
19,89,0,0,0,1,0,0,0,17,4.651210522439829,-1,-999,0,0,0,0,0,0,0,1
27,14,0,0,0,2,0,0,0,2,4.345175521464345,-1,-999,0,0,0,0,0,0,0,1
18,23,0,1,0,1,0,0,0,0,4.24156264992859,-1,-999,0,9,0,10,0,0,0,0
11,14,0,1,0,0,0,0,0,0,4.173033892020166,-1,-999,0,0,0,16,0,0,0,1
13,1,0,0,0,1,0,0,0,4,3.6537567082870015,-1,-999,0,0,0,0,0,0,0,1
15,23,0,0,0,1,0,0,0,0,4.244320529942617,-1,-999,0,3,0,152,0,0,0,0
44,10,0,0,0,3,2,0,3,0,4.074042567625487,-1,-999,0,0,0,0,0,0,0,1
12,56,0,1,0,0,0,0,0,6,4.396267685662423,-1,-999,0,0,0,0,0,0,0,0
25,43,0,0,0,1,0,0,0,6,4.544089239047336,-1,-999,0,16,1,135,0,1,0,0
17,1,0,0,0,1,0,0,1,0,3.9434651896016475,-1,-999,0,0,0,22,0,0,0,0
19,9,0,1,0,1,0,0,0,0,3.9959065984842455,-1,-999,0,0,0,0,0,0,0,1
17,71,0,1,0,1,0,0,0,9,5.341647433676456,-1,-999,0,0,1,2,0,0,0,1
13,117,0,0,0,1,0,0,0,45,4.7711643345281916,-1,-999,0,0,0,48,0,0,0,1
21,8,0,1,0,1,0,0,0,0,3.969607339117404,-1,-999,0,17,0,136,0,1,0,0
10,67,0,1,0,0,0,0,0,15,4.836560530588161,-1,-999,0,0,0,0,0,0,0,1
31,127,0,1,0,1,0,0,0,2,5.084759607295923,-1,-999,0,0,1,1,0,0,0,1
13,45,0,1,0,0,1,0,0,4,4.3630624994989375,-1,-999,0,0,0,0,0,0,0,1
26,1,0,0,0,1,0,0,0,0,3.9032080616476805,-1,-999,0,0,0,7,0,0,0,0
12,0,0,0,0,0,0,0,0,0,3.576617644908666,-1,-999,0,0,0,15,0,0,0,0
23,64,0,1,0,1,0,0,0,4,4.393180151472929,-1,-999,0,0,0,0,0,0,0,1
21,1,0,0,0,1,0,0,0,0,3.9523029776623857,-1,-999,0,0,0,49,0,0,0,0
21,33,0,1,0,1,0,0,0,8,4.362469747579446,-1,-999,0,17,1,39,0,0,1,0
35,9,0,0,0,1,1,0,3,0,4.4952275169284555,-1,-999,0,0,0,1,0,0,0,1
56,874,0,0,0,1,4,0,0,679,4.00530610123957,-1,-999,0,0,0,0,0,0,0,1
18,1,0,0,0,1,0,0,0,0,3.95006375643621,-1,-999,0,0,0,0,0,0,1,1
14,35,0,0,0,1,1,0,0,0,4.2784451205835525,-1,-999,0,0,0,1,0,0,0,1
22,54,0,0,0,1,0,0,0,19,4.6559514442216,-1,-999,0,0,0,0,0,0,0,1
18,86,0,1,0,1,0,0,0,0,4.281973271376665,-1,-999,0,0,0,0,0,0,0,0
45,19,0,0,0,1,0,0,0,16,4.563194965785046,-1,-999,0,0,0,0,1,0,0,1
13,18,0,1,0,1,1,0,1,0,4.160420091146166,-1,-999,0,0,0,0,0,0,0,1
44,1,0,0,0,4,1,0,2,0,4.1302716317613895,-1,-999,0,0,0,0,0,0,0,1
17,95,0,1,0,0,0,0,0,14,5.072126023517827,-1,-999,0,0,0,0,0,0,0,1
21,1,0,1,0,1,0,0,0,0,3.964735178725505,-1,-999,1,10,2,59,0,0,0,0
15,105,0,1,0,0,0,0,0,28,4.839532059032457,-1,-999,0,0,0,0,0,0,0,1
38,78,0,1,0,1,0,0,0,0,4.979825411130903,-1,-999,0,0,0,0,0,0,0,1
19,11,0,1,0,1,0,0,0,0,4.201231789474709,-1,-999,0,0,0,0,0,0,0,0
10,24,0,0,0,1,0,0,1,1,4.531349492888152,-1,-999,0,0,0,0,0,0,0,1
14,15,0,1,0,1,0,0,0,10,4.398857447483312,-1,-999,0,0,0,0,0,0,0,1
22,0,0,0,0,1,0,0,0,0,4.142295219190901,-1,-999,0,0,0,0,0,0,0,1
19,33,0,0,0,1,0,0,0,0,4.191279491025895,-1,-999,0,7,1,13,0,0,0,0
14,6,0,0,0,1,0,0,0,0,3.6339740759971573,-1,-999,0,0,1,7,0,0,0,0
31,19,0,1,0,3,0,0,0,12,4.59273827124388,-1,-999,0,0,0,0,0,0,0,1
20,10,0,0,0,1,0,0,0,0,3.992708770800467,-1,-999,0,0,0,2,0,0,0,1
20,0,0,0,0,1,0,0,0,0,3.986187965046303,-1,-999,0,0,0,0,0,0,0,1
19,17,0,0,0,1,0,0,0,1,4.100228707989217,-1,-999,0,3,0,15,0,0,0,0
19,52,0,1,0,2,0,0,0,0,4.297939173431812,-1,-999,0,12,2,19,0,0,0,0
15,52,0,0,0,1,0,0,0,0,4.1480669672326576,-1,-999,0,0,0,1,0,0,0,1
39,9,0,0,0,1,0,0,3,15,4.6671013041584,-1,-999,0,0,0,0,0,0,0,1
25,1,0,1,0,1,0,0,0,0,4.0796786498829745,-1,-999,0,0,0,0,0,0,0,1
7,32,0,1,0,0,0,0,0,3,4.924596501157705,-1,-999,0,0,0,13,0,0,1,1
10,0,0,0,0,0,0,0,0,0,3.6168746059562222,-1,-999,0,0,0,0,0,0,0,0
17,9,0,0,0,0,1,0,0,0,3.7000144837038995,-1,-999,0,0,0,0,0,0,0,1
17,23,0,1,0,1,0,0,0,0,4.163320189106,-1,-999,0,0,0,3,0,0,0,0
26,27,0,0,0,1,0,0,0,0,4.287966797112397,-1,-999,0,3,0,53,0,0,0,0
13,313,0,0,0,1,3,0,0,82,5.673716493804695,-1,-999,0,4,0,10,0,0,0,1
17,27,0,1,0,1,0,0,0,0,4.459491160199153,-1,-999,0,0,0,0,0,0,0,0
20,1,0,1,0,1,0,0,0,0,3.978333581185264,-1,-999,0,0,0,1,1,0,0,0
28,1,0,1,0,1,0,0,0,0,4.003259028248121,-1,-999,0,2,0,11,0,0,0,0
14,4,0,0,0,1,0,0,0,0,3.7034651896016473,-1,-999,0,0,0,0,0,0,0,1
16,18,0,0,0,1,0,0,0,0,4.037089431754239,-1,-999,0,3,0,9,0,0,0,0
10,45,0,0,0,0,0,0,0,16,4.475990818584544,-1,-999,0,0,0,0,0,0,0,1
17,84,0,1,0,1,0,0,0,8,4.470263331841864,-1,-999,0,21,0,59,0,0,0,0
16,36,0,1,0,1,0,0,0,0,4.222964554947563,-1,-999,0,0,0,1,0,0,0,0
7,80,0,1,0,0,0,0,0,8,5.022157491352944,-1,-999,0,0,0,1,1,0,0,1
18,30,0,0,0,1,0,0,0,0,4.338012841065494,-1,-999,0,3,1,11,0,0,0,0
17,44,0,0,0,0,0,0,0,0,4.2412599020395465,-1,-999,0,0,0,0,0,0,0,0
15,11,0,0,0,1,0,0,0,0,3.98319563424773,-1,-999,0,1,0,4,0,0,0,0
9,36,0,0,0,0,0,0,0,3,3.935546689086913,-1,-999,0,0,0,3,0,0,0,1
34,39,0,0,0,1,0,0,4,0,4.386803095506428,-1,-999,0,0,2,18,0,0,0,0
15,89,0,1,0,1,0,0,0,7,5.241244091398272,-1,-999,0,0,0,0,0,0,0,1
17,54,0,0,0,1,1,0,0,0,4.329280072898596,-1,-999,0,13,1,20,0,0,0,0
25,67,0,0,0,0,2,0,0,1,4.511601447155548,-1,-999,0,0,0,0,0,0,0,1
16,1,0,1,0,1,0,0,0,0,4.1162646156680225,-1,-999,0,1,6,13,0,0,0,0
10,8,0,1,0,0,0,0,0,1,3.997952698660692,-1,-999,0,0,0,0,0,0,0,1
23,1,0,1,0,1,0,0,0,0,3.98345859334435,-1,-999,0,0,0,13,0,0,1,0
12,30,0,0,0,0,0,0,0,1,4.404827956051039,-1,-999,0,3,1,55,0,0,0,1
29,8,0,0,0,1,1,0,0,2,4.0666086069294725,-1,-999,0,0,0,0,0,0,0,1
16,107,0,1,0,1,0,0,0,9,5.6210034265609385,-1,-999,0,0,0,13,0,0,0,1
17,40,0,1,0,0,0,0,1,0,4.188516128781718,-1,-999,0,0,0,13,0,0,0,0
25,0,0,0,0,1,0,0,0,5,4.140319531114783,-1,-999,0,2,0,4,1,0,0,1
10,1,0,1,0,1,0,0,0,0,3.391892644680933,-1,-999,0,2,0,96,0,0,0,0
18,18,0,0,0,1,0,0,0,0,4.08267318468309,-1,-999,0,0,0,0,0,0,0,1
15,10,0,0,0,1,0,0,0,1,3.9292292966721747,-1,-999,0,2,1,19,0,0,0,0
15,1,0,1,0,1,0,0,0,0,3.605388542207534,-1,-999,0,0,0,49,0,0,0,0
31,20,0,1,0,1,0,0,1,0,4.271870804621886,-1,-999,0,0,0,0,0,0,0,1
21,26,0,0,0,1,0,0,0,0,4.1809297529099325,-1,-999,0,0,0,0,0,0,0,0
14,1,0,1,0,1,0,0,0,0,3.936180434129755,-1,-999,0,1,0,11,0,0,0,0
25,1,0,0,0,1,0,0,0,1,4.104407755459851,-1,-999,0,0,0,0,0,0,0,1
18,57,0,0,0,1,0,0,0,0,4.302633365778519,-1,-999,0,0,2,23,0,1,0,0
16,1,0,0,0,1,0,0,0,0,3.7720552088742005,-1,-999,0,0,0,0,0,0,0,0
13,44,0,0,0,0,1,0,0,2,4.431554056131191,-1,-999,0,0,0,1,1,0,0,0
16,41,0,0,0,1,1,0,0,0,4.450648195373883,-1,-999,0,31,0,34,0,0,0,0
39,108,0,0,0,3,1,0,2,24,5.616681644342736,-1,-999,0,0,0,0,0,0,0,1
16,27,0,1,0,1,0,0,0,0,4.365970626616776,-1,-999,0,4,0,5,0,0,0,0
23,51,0,1,0,0,0,0,2,19,4.737839775331599,-1,-999,0,41,0,12,0,0,0,1
51,13,0,1,0,1,0,0,4,0,4.522810451358374,-1,-999,0,0,0,0,0,0,0,1
20,28,0,1,0,1,0,0,0,3,4.432467092420265,-1,-999,1,8,1,13,0,0,0,0
16,1,0,1,0,1,0,0,0,0,3.7230741894285697,-1,-999,0,8,1,8,0,0,0,0
23,6,0,0,0,1,0,0,0,1,4.17619062614183,-1,-999,0,0,0,0,0,0,0,1
16,84,0,0,0,1,0,0,0,0,4.305190734356818,-1,-999,0,0,0,8,0,0,0,0
21,1,0,1,0,1,0,0,0,0,3.8980685120588388,-1,-999,0,1,2,64,0,0,0,0
14,17,0,1,0,1,0,0,0,0,4.214262795507958,-1,-999,0,0,0,8,0,0,0,0
17,124,0,0,0,1,1,0,0,7,4.632616421063742,-1,-999,0,0,0,0,0,0,0,1
16,76,0,0,0,0,2,0,0,7,4.517691566541734,-1,-999,0,0,0,0,0,0,0,1
17,29,0,0,0,1,0,0,0,0,4.101867445744633,-1,-999,0,0,0,0,1,0,0,1
20,29,0,0,0,0,0,0,0,6,4.175957664266689,-1,-999,1,15,2,6,0,0,1,1
16,3,0,0,0,1,0,0,0,1,3.6714055834424975,-1,-999,0,0,0,0,0,0,0,1
13,30,0,0,0,1,0,0,0,1,3.974693951646702,-1,-999,0,0,0,0,0,0,0,1
15,8,0,0,0,0,0,0,0,1,4.148394345536404,-1,-999,0,0,0,0,0,0,0,1
27,15,0,0,0,0,1,0,0,4,4.344002446023567,-1,-999,0,0,0,0,0,0,0,1
29,75,0,0,0,1,0,0,0,0,4.25291657154325,-1,-999,0,1,2,27,0,0,0,0
16,1,0,1,0,1,0,0,0,0,3.9434651896016475,-1,-999,0,6,1,20,0,0,0,0
12,41,0,0,0,0,0,0,0,22,4.350919821670331,-1,-999,0,0,0,0,0,0,0,1
8,18,0,0,0,0,0,0,0,0,3.942438726128142,-1,-999,0,0,0,0,0,0,0,1
9,13,0,0,0,0,0,0,1,0,3.7419627890379075,-1,-999,0,0,0,0,0,0,0,1
25,37,0,0,0,0,2,0,0,0,4.345227400467927,-1,-999,0,0,0,0,0,0,0,1
19,1,0,1,0,1,0,0,0,0,3.770942421748537,-1,-999,1,8,1,21,0,0,0,0
26,65,0,0,0,1,0,0,1,24,4.788107936686272,-1,-999,0,15,0,12,0,0,0,1
12,79,0,1,0,0,2,0,1,5,4.514817984085109,-1,-999,0,2,0,8,0,0,0,1
13,29,0,0,0,0,0,0,1,0,4.254930446501112,-1,-999,0,0,0,2,0,0,0,1
25,42,0,0,0,1,0,1,0,2,4.448511444193591,-1,-999,0,0,0,0,0,0,0,1
26,23,0,0,0,1,0,0,0,3,4.135055984705023,-1,-999,0,0,0,0,0,0,0,1
16,45,0,0,0,1,0,0,0,1,4.395292581291726,-1,-999,0,0,0,0,0,0,0,1
10,1,0,0,0,0,0,0,0,0,3.57243125132212,-1,-999,0,0,0,1,1,0,0,0
26,1,0,0,0,1,0,0,0,0,4.160704752887783,-1,-999,0,1,0,9,0,0,0,0
21,25,0,0,0,1,0,0,0,3,4.284458313732673,-1,-999,0,0,0,0,0,0,0,1
18,15,0,1,0,1,0,0,0,0,4.104281809855787,-1,-999,0,1,0,11,0,0,0,1
28,15,0,0,0,1,0,0,0,0,4.235783629896564,-1,-999,0,0,1,16,0,0,0,0
7,5,0,1,0,0,0,0,0,0,3.684183719779189,-1,-999,0,0,0,6,0,0,0,1
50,68,0,1,0,3,2,0,1,18,4.664162261511015,-1,-999,0,0,0,0,0,0,0,1
31,1,0,0,0,2,0,0,1,3,4.192346052629154,-1,-999,0,0,0,0,0,0,0,1
50,67,0,1,0,3,2,0,1,28,4.831008773257078,-1,-999,0,0,0,0,0,0,0,1
15,32,0,0,0,1,0,0,0,0,4.469997169103206,-1,-999,0,3,0,165,0,0,0,0
14,1,0,0,0,0,0,0,1,0,3.7544418457133455,-1,-999,0,0,0,0,0,0,0,1
25,0,0,0,0,1,0,0,0,1,3.952819531114783,-1,-999,0,1,11,24,1,0,0,0
20,1,0,0,0,2,0,0,0,0,3.815410725242699,-1,-999,0,0,0,0,0,0,0,1
24,19,0,0,0,1,0,0,0,0,4.1288840705376355,-1,-999,0,0,0,1,1,0,0,0
26,1,0,0,0,1,0,0,0,3,4.337175341123077,-1,-999,0,0,0,0,0,0,0,1
17,29,0,0,0,1,0,0,0,10,4.56048077567778,-1,-999,0,0,0,0,0,0,0,1
21,1,0,0,0,1,0,0,0,0,3.788341339656749,-1,-999,0,0,1,2,0,0,0,0
21,12,0,0,0,2,0,0,1,0,3.934183719779189,-1,-999,0,0,0,0,0,0,0,1
31,1,0,0,0,1,0,0,0,3,3.9265889250240185,-1,-999,0,0,0,0,0,0,0,1
10,58,0,0,0,0,0,0,0,22,5.025639974106992,-1,-999,0,0,0,0,0,0,0,1
15,33,0,0,0,1,0,0,0,18,4.696837159129304,-1,-999,0,0,0,1,0,0,0,1
16,42,0,0,0,1,0,0,0,6,4.46608295924274,-1,-999,0,0,1,7,0,0,0,0
31,0,0,0,0,1,0,0,0,0,4.06057447452875,-1,-999,0,0,0,1,0,0,0,1
20,24,0,1,0,1,0,1,0,0,4.05804321939305,-1,-999,0,0,0,0,0,0,0,1
6,22,0,1,0,0,0,0,0,1,4.790270257403898,-1,-999,0,0,0,0,0,0,0,1
28,1,0,1,0,1,0,0,0,0,3.9519040409537927,-1,-999,0,9,0,68,0,0,0,0
26,10,0,1,0,1,1,0,0,3,4.237285311573267,-1,-999,0,0,0,0,0,0,0,1
18,40,0,1,0,1,0,0,0,0,4.400401794146061,-1,-999,0,22,0,47,0,0,0,0
21,29,0,0,0,1,0,0,0,0,4.187443523957358,-1,-999,0,0,0,0,0,0,0,1
13,31,0,1,0,1,0,0,0,1,4.195846815111717,-1,-999,0,0,0,0,0,0,0,1
19,1,0,0,0,1,0,0,0,0,3.828237501842955,-1,-999,0,0,0,61,0,0,0,0
20,1,0,0,0,1,0,0,0,0,3.8423709931771084,-1,-999,0,0,0,0,0,0,0,0
17,113,0,0,0,0,1,0,0,4,4.879328063620012,-1,-999,0,0,0,0,0,0,0,1
42,68,0,0,0,3,2,0,0,24,4.730657929878947,-1,-999,0,0,0,0,0,0,0,1
38,12,0,0,0,3,0,0,2,9,4.451678506213855,-1,-999,0,0,0,0,0,0,0,1
18,1,0,1,0,1,0,0,0,0,3.9582291686698783,-1,-999,0,0,0,0,0,0,0,0
17,10,0,0,0,0,0,0,1,0,4.0796786498829745,-1,-999,0,0,0,0,0,0,0,1
16,34,0,1,0,1,0,0,0,0,4.420324478140431,-1,-999,0,4,0,5,0,0,0,0
25,1,0,0,0,1,0,0,0,0,3.9225895736416696,-1,-999,0,1,0,9,0,0,0,0
19,1,0,0,0,1,0,0,0,0,3.782122224145305,-1,-999,0,4,0,36,0,0,0,0
15,45,0,1,0,0,0,0,0,0,4.246281084249782,-1,-999,0,0,0,0,0,0,0,1
15,108,0,0,0,1,0,0,0,28,5.089710929466775,-1,-999,0,0,0,0,0,0,0,1
13,1,0,0,0,1,0,0,0,0,3.5225715891363603,-1,-999,0,22,0,38,0,0,0,0
16,14,0,1,0,1,0,0,0,0,4.083067973799102,-1,-999,0,4,0,5,0,0,0,0
16,21,0,1,0,1,0,0,0,0,4.008985186258552,-1,-999,0,4,0,5,0,0,0,0
24,18,0,0,0,1,0,0,1,0,4.086263864736003,-1,-999,0,18,0,52,0,0,0,0
17,54,0,0,0,1,0,0,0,3,4.519189162543557,-1,-999,0,16,0,74,0,1,1,0
29,96,0,0,0,1,0,0,0,22,4.813424260710214,-1,-999,0,0,0,2,0,0,0,0
29,1,0,0,0,1,1,0,3,0,4.111367136356229,-1,-999,0,0,0,0,0,0,0,1
14,29,0,1,0,1,0,0,0,0,4.211572528951537,-1,-999,0,0,0,2,0,0,0,0
35,29,0,0,0,1,1,0,1,6,4.509216669996865,-1,-999,0,0,0,0,0,0,0,1
16,1,0,0,0,1,0,0,0,0,3.7406015629507228,-1,-999,0,0,0,0,0,0,0,0
14,1,0,1,0,0,0,0,0,0,3.9690016298759927,-1,-999,0,0,0,6,0,0,0,0
24,27,0,0,0,1,2,0,0,0,4.214152220539396,-1,-999,0,2,0,88,0,0,0,0
15,229,0,1,0,0,2,0,0,80,4.871019655427386,-1,-999,0,0,0,0,0,0,0,1
18,127,0,0,0,1,0,1,0,39,5.108826437900322,-1,-999,0,0,0,0,0,0,0,1
17,14,0,1,0,1,0,0,0,0,3.701442282687445,-1,-999,0,3,0,45,0,0,0,0
16,56,0,0,0,1,0,0,0,7,4.881198332810095,-1,-999,0,0,0,0,0,0,0,0
15,3,0,0,0,1,0,0,0,1,3.593269689515109,-1,-999,0,0,0,0,0,0,0,1
12,63,0,0,0,1,0,0,0,0,4.269829025096898,-1,-999,0,0,0,0,0,0,0,0
19,30,0,0,0,1,0,0,0,2,3.942669486565279,-1,-999,0,0,0,0,0,0,0,0
20,34,0,0,0,1,0,0,0,3,4.367063927968556,-1,-999,0,9,0,38,0,0,0,0
16,15,0,1,0,1,0,0,0,0,4.09656816818019,-1,-999,0,4,0,5,0,0,0,0
50,69,0,1,0,3,2,0,1,23,4.8215895555690285,-1,-999,0,0,0,0,0,0,0,1
25,95,0,1,0,1,0,0,1,7,5.333307369478149,-1,-999,0,0,0,0,0,0,0,1
42,67,0,0,0,3,2,0,0,24,4.873970224532268,-1,-999,0,0,0,0,0,0,0,1
18,29,0,0,0,1,0,0,0,0,4.04783547498969,-1,-999,0,0,1,52,0,0,0,0
9,11,0,0,0,1,0,0,0,8,3.6339740759971573,-1,-999,0,0,0,0,0,0,0,1
13,29,0,0,0,0,0,0,1,1,3.8692856107411178,-1,-999,0,30,0,83,0,1,1,0
14,0,0,0,0,1,0,0,0,0,3.916126946588284,-1,-999,0,0,0,0,0,0,0,0
19,1,0,0,0,1,0,0,0,0,3.8561962982193796,-1,-999,1,166,0,60,0,0,0,0
16,27,0,0,0,1,0,0,0,0,4.4234651896016475,-1,-999,0,0,0,1,1,0,0,0
13,1,0,0,0,0,0,0,0,0,3.558518613048906,-1,-999,0,0,0,6,0,0,0,0
27,13,0,1,0,1,0,0,1,0,4.2207136787344055,-1,-999,0,0,0,0,0,0,0,1
7,33,0,1,0,0,0,0,0,4,4.928508854797679,-1,-999,0,0,0,13,0,0,1,1
17,65,0,0,0,0,0,0,0,5,4.394972687049218,-1,-999,0,0,0,0,0,0,0,1
32,17,0,0,0,2,0,0,2,1,4.301930591275494,-1,-999,0,0,0,0,0,0,0,1
15,29,0,0,0,0,0,1,0,62,4.859025510545693,-1,-999,1,8,1,21,0,0,0,1
6,8,0,1,0,0,0,0,0,3,4.027169118440618,-1,-999,0,0,0,0,0,0,1,1
25,23,0,0,0,1,0,0,0,0,4.462644713288645,-1,-999,0,0,0,0,0,0,0,0
26,1,0,0,0,1,0,0,0,0,3.8924866505712017,-1,-999,0,2,3,14,0,0,0,0
23,76,0,1,0,1,1,0,0,13,4.956083281612223,-1,-999,0,0,0,0,0,0,0,1
46,68,0,1,0,4,2,0,0,19,4.872779852445001,-1,-999,0,0,0,0,0,0,0,1
20,1,0,0,0,1,0,0,0,0,3.9407598325400897,-1,-999,0,4,1,13,0,0,0,0
24,0,0,0,0,1,0,0,0,0,3.716630891786866,-1,-999,0,1,7,22,0,0,0,0
32,25,0,1,0,1,0,0,0,0,3.9907506984390504,-1,-999,1,50,2,32,0,0,0,0
15,68,0,0,0,1,0,0,0,6,4.499992170540145,-1,-999,0,0,1,14,0,0,0,0
22,18,0,0,0,1,0,0,0,0,4.309284064167407,-1,-999,0,0,0,0,0,0,0,1
27,1,0,0,0,1,0,0,1,0,4.071581588126285,-1,-999,0,2,0,17,0,0,0,0
19,1,0,1,0,1,0,0,0,0,3.91379956460568,-1,-999,1,3,1,14,0,0,0,0
19,40,0,1,0,1,2,0,0,0,4.297380332785863,-1,-999,0,0,0,0,0,0,0,1
14,1,0,1,0,1,0,0,0,0,3.936180434129755,-1,-999,0,5,0,57,0,0,1,0
17,1,0,1,0,0,0,0,0,0,3.7483286603655745,-1,-999,0,0,0,1,0,0,0,1
34,1,0,1,0,1,0,0,0,0,4.196175150293235,-1,-999,0,0,0,13,0,0,0,0
27,0,0,1,0,1,0,0,0,0,4.04716007463276,-1,-999,0,0,0,1,0,0,0,1
31,31,0,0,0,1,0,0,0,0,4.153309015900131,-1,-999,0,1,4,25,0,0,0,0
20,46,0,0,0,1,0,0,0,0,4.339227518745759,-1,-999,0,0,0,6,0,0,0,1
16,13,0,1,0,1,0,0,0,4,4.391489514102182,-1,-999,0,0,0,0,0,0,0,1
15,1,0,1,0,1,0,0,0,0,3.4906015629507228,-1,-999,0,4,1,71,0,0,0,0
19,1,0,1,0,1,0,0,0,0,3.815410725242699,-1,-999,0,0,0,16,0,0,0,0
36,4,0,1,0,1,1,0,3,1,4.2948928142569,-1,-999,0,0,0,1,0,0,0,1
28,12,0,0,0,1,0,0,2,1,4.346206138497399,-1,-999,0,0,1,1,0,0,0,1
23,0,0,0,0,1,0,0,0,0,4.106890595608519,-1,-999,0,2,2,17,0,0,0,0
17,1,0,1,0,1,0,0,0,0,3.6612262562697895,-1,-999,0,7,1,56,0,0,0,0
26,23,0,0,0,1,0,0,0,0,4.110577243331642,-1,-999,0,4,0,10,0,0,0,0
19,44,0,0,0,1,1,0,0,6,4.374854446223899,-1,-999,0,0,0,0,0,0,0,0
24,1,0,0,0,0,0,0,0,0,4.030639062229566,-1,-999,0,0,0,1,0,0,0,0
18,6,0,0,0,0,0,0,0,0,3.8890495359141695,-1,-999,0,2,1,12,0,0,0,0
42,1,0,0,0,2,0,0,3,1,4.383981820580905,-1,-999,0,0,0,0,0,0,0,1
17,1,0,1,0,0,0,0,0,0,3.7192945256669794,-1,-999,0,0,0,1,1,0,0,0
39,76,0,1,0,1,0,0,0,8,4.426510673364332,-1,-999,0,17,1,42,0,0,1,0
13,23,0,0,0,0,0,0,0,0,4.580578057571858,-1,-999,0,0,0,0,0,0,0,1
28,13,0,0,0,0,0,0,0,0,4.145512835516972,-1,-999,0,0,0,0,0,0,0,1
19,60,0,0,0,2,0,0,0,36,4.648729621671654,-1,-999,0,0,0,0,0,0,0,1
34,98,0,1,0,1,0,0,1,5,5.304797342736344,-1,-999,0,0,0,0,0,0,0,1
22,1,0,0,0,1,0,0,0,0,3.8980685120588388,-1,-999,0,2,0,25,0,0,0,0
11,16,0,1,0,0,0,0,0,0,4.014438730983427,-1,-999,0,1,0,9,0,0,1,0
27,5,0,0,0,1,0,0,0,9,4.304257026388136,-1,-999,0,0,0,1,0,0,0,1
15,23,0,0,0,0,2,0,0,0,4.116868585642404,-1,-999,0,0,0,0,0,0,0,1
23,1,0,1,0,1,0,0,0,0,4.015319531114783,-1,-999,0,4,0,36,0,0,0,0
24,21,0,0,0,3,0,0,0,2,4.126430652141779,-1,-999,0,0,0,0,0,0,0,1
21,1,0,0,0,1,0,0,0,0,3.8573068568981284,-1,-999,0,0,0,38,0,0,1,0
17,5,0,0,0,0,0,0,0,0,3.83127625337525,-1,-999,0,0,0,0,0,0,0,1
20,1,0,0,0,1,0,0,0,0,3.994680368408909,-1,-999,0,2,2,39,0,0,0,0
59,10,0,0,0,7,2,0,0,4,4.304206797484486,-1,-999,0,0,0,0,0,0,0,1
13,0,0,0,0,0,0,0,0,0,3.408694969562842,-1,-999,0,6,0,34,0,0,0,0
25,14,0,0,0,1,1,0,0,0,4.216193141113152,-1,-999,0,0,0,1,1,0,0,0
41,104,0,1,0,3,1,0,0,2,4.387850670712839,-1,-999,0,0,0,0,0,0,0,1
12,43,0,1,0,0,0,0,0,11,4.851813383509937,-1,-999,0,0,0,0,0,0,0,1
19,16,0,0,0,1,0,0,0,4,3.9035239700887407,-1,-999,0,0,0,0,0,0,0,1
18,60,0,0,0,1,0,0,0,8,4.51291611877255,-1,-999,0,18,3,53,0,0,0,0
29,1,0,0,0,1,0,0,1,0,4.046762824854521,-1,-999,0,2,0,17,0,0,0,0
20,3,0,0,0,0,0,0,0,0,3.6729055953200564,-1,-999,0,2,0,23,0,0,0,1
10,55,0,0,0,0,1,0,0,7,4.537981169687208,-1,-999,0,3,1,17,0,0,0,1
15,87,0,1,0,1,0,0,0,4,5.340739457727424,-1,-999,0,0,0,0,0,0,0,1
27,1,0,0,0,1,0,0,0,0,3.978864088188098,-1,-999,0,0,0,7,0,0,0,0
20,48,0,1,0,0,1,0,0,0,4.1571374305143065,-1,-999,0,0,0,0,0,0,0,1
27,24,0,0,0,1,0,0,0,0,4.057918443508468,-1,-999,0,1,0,22,0,0,0,0
16,5,0,1,0,0,0,0,0,0,4.004364184708142,-1,-999,0,0,0,0,0,0,0,1
20,11,0,1,0,1,0,0,0,0,3.897223616620771,-1,-999,0,0,0,0,0,0,0,1
25,1,0,0,0,1,0,0,0,0,4.081532376606413,-1,-999,0,14,0,12,0,0,1,0
22,1,0,1,0,0,0,0,0,0,4.106949132758152,-1,-999,0,0,0,0,0,0,0,1
8,46,0,1,0,0,0,0,0,6,4.352579778997395,-1,-999,0,0,0,0,0,0,0,0
16,60,0,0,0,1,0,0,1,1,4.36850216048758,-1,-999,0,0,0,0,0,0,0,0
17,1,0,1,0,1,0,0,0,0,3.8441065448145384,-1,-999,0,3,1,18,0,0,0,0
16,10,0,0,0,0,0,0,0,0,3.821226604916021,-1,-999,0,13,1,73,0,0,0,1
25,6,0,1,0,1,0,0,0,8,4.406821128952238,-1,-999,0,0,0,0,0,0,0,1
15,81,0,0,0,0,0,0,1,3,4.196338811666067,-1,-999,0,15,0,11,0,0,0,0
17,9,0,0,0,0,0,0,0,0,4.040775468486825,-1,-999,0,0,0,10,0,0,1,0
22,1,0,0,0,1,0,0,0,0,4.056564762130955,-1,-999,0,9,0,38,0,0,0,0
50,68,0,0,0,3,2,0,1,25,4.870309364366002,-1,-999,0,0,0,0,0,0,0,1
21,22,0,0,0,1,0,0,0,1,4.151272380112911,-1,-999,0,0,0,0,0,0,0,1
19,1,0,0,0,1,0,0,0,0,3.782122224145305,-1,-999,0,0,1,21,0,0,1,0
20,28,0,0,0,1,0,0,0,0,4.306930914801009,-1,-999,0,6,0,18,0,0,0,0
21,57,0,0,0,1,2,0,0,22,4.763654801440383,-1,-999,0,0,0,0,0,0,0,1
10,14,0,1,0,0,0,0,0,2,3.890319531114783,-1,-999,0,0,0,0,0,0,0,1
14,0,0,0,0,0,0,0,1,0,3.7849418274376427,-1,-999,0,3,3,49,0,0,0,0
17,4,0,1,0,1,0,0,0,0,3.745406425938248,-1,-999,0,2,1,6,0,0,0,0
20,1,0,1,0,1,0,0,0,0,3.8573068568981284,-1,-999,0,1,0,59,0,0,1,0
38,24,0,1,0,3,0,0,2,0,4.114489267807004,-1,-999,0,0,0,0,0,0,0,1
13,28,0,1,0,1,0,0,0,0,4.507267752146016,-1,-999,0,0,0,1,1,0,0,0
38,0,0,0,0,3,0,0,0,0,4.013423651596768,-1,-999,0,0,0,0,0,0,0,1
23,406,0,0,0,1,0,0,0,189,5.013629551469677,-1,-999,0,2,0,21,0,0,0,1
15,55,0,1,0,1,0,0,0,8,4.595781065761981,-1,-999,0,2,0,6,0,0,1,0
18,31,0,1,0,1,0,0,0,5,4.743684607488078,-1,-999,0,15,0,54,0,0,0,0
25,5,0,0,0,1,0,0,0,8,4.378240189894802,-1,-999,0,0,0,0,0,0,0,1
11,27,0,1,0,1,0,0,0,0,4.1699823363507,-1,-999,0,0,0,1,1,0,0,0
18,19,0,0,0,0,0,0,0,0,4.001727857559624,-1,-999,0,0,0,0,0,0,0,1
20,1,0,0,0,0,1,0,1,0,4.182005814760213,-1,-999,0,0,0,0,0,0,0,1
25,41,0,1,0,1,0,0,0,6,4.487830522166009,-1,-999,0,0,0,0,0,0,0,1
14,6,0,0,0,0,0,0,0,0,3.763965742824081,-1,-999,0,0,0,1,1,0,0,1
21,0,0,0,0,1,0,0,0,0,3.869331261111518,-1,-999,0,0,0,33,0,0,0,0
29,217,0,0,0,1,0,0,0,46,5.786374346706748,-1,-999,0,0,0,0,0,0,0,1
21,1,0,1,0,1,0,0,1,0,4.0062389286533895,-1,-999,0,0,0,21,0,0,0,0
16,86,0,0,0,1,0,0,0,9,4.5189919867360375,-1,-999,0,0,0,0,0,0,0,0
23,25,0,0,0,1,0,0,0,0,4.357019778476708,-1,-999,0,0,0,1,0,0,0,0
16,13,0,1,0,1,0,0,0,0,4.003259028248121,-1,-999,0,0,1,41,0,0,1,0
7,24,0,1,0,0,0,0,0,0,4.131054782742918,-1,-999,0,9,0,20,0,0,0,0
26,14,0,0,0,1,0,0,0,0,4.118760267520956,-1,-999,0,0,0,0,0,0,0,1
37,10,0,1,0,3,0,0,0,0,4.222294150581852,-1,-999,0,0,0,0,0,0,0,1
14,1,0,0,0,1,0,0,0,0,3.572623663895164,-1,-999,0,0,0,0,0,0,0,0
15,14,0,0,0,1,0,0,0,2,3.9403510429286897,-1,-999,0,0,0,0,0,0,0,1
14,3,0,0,0,1,0,0,0,0,3.9387218755408675,-1,-999,0,9,0,9,0,0,0,0
12,49,0,0,0,0,3,0,0,0,4.089969459498448,-1,-999,0,0,0,0,0,0,0,1
12,17,0,1,0,1,0,0,0,0,3.9492049741940667,-1,-999,0,0,0,9,0,0,0,0
28,70,0,0,0,1,0,0,0,10,4.721182189718254,-1,-999,0,0,0,0,0,0,0,0
18,1,0,0,0,1,0,0,0,0,3.95006375643621,-1,-999,0,0,0,0,0,0,0,1
16,1,0,0,0,1,0,0,0,1,3.720175521464345,-1,-999,0,0,0,0,0,0,0,0
26,8,0,0,0,1,0,0,0,0,3.978787979911235,-1,-999,0,0,0,0,0,0,0,0
15,12,0,0,0,0,0,0,1,4,4.35937791471612,-1,-999,0,0,0,0,0,0,0,1
9,79,0,1,0,0,0,0,0,2,4.985013843072755,-1,-999,0,0,0,0,0,0,0,1
16,46,0,1,0,1,0,0,0,10,4.900153016697713,-1,-999,0,0,0,0,0,0,0,1
25,0,0,0,0,1,0,0,0,0,3.9261085007312415,-1,-999,0,0,0,19,0,0,0,0
37,54,0,1,0,2,0,0,1,27,4.627304293911881,-1,-999,0,0,3,24,0,0,1,1
27,73,0,0,0,0,1,0,2,4,4.8874704315808515,-1,-999,0,0,0,0,0,0,0,1
13,1,0,1,0,1,0,0,0,0,3.6635327548042547,-1,-999,0,80,0,6,0,0,0,0
7,41,0,1,0,0,0,0,0,8,5.126492426331577,-1,-999,0,0,0,10,0,1,0,1
20,1,0,1,0,1,0,0,0,0,3.689901581992151,-1,-999,0,0,1,17,0,0,0,0
15,0,0,0,0,0,0,0,0,0,3.6069367321753214,-1,-999,0,7,0,23,0,0,0,0
11,40,0,0,0,0,1,0,0,0,4.343352177335084,-1,-999,0,0,0,0,0,0,0,1
37,95,0,0,0,0,0,0,3,14,5.449350585815834,-1,-999,0,0,0,0,0,0,0,1
50,19,0,0,0,3,2,0,1,10,4.569956626136606,-1,-999,0,0,0,0,0,0,0,1
23,0,0,0,0,1,0,0,0,0,4.173557262275185,-1,-999,0,0,0,25,0,0,0,0
20,13,0,0,0,1,1,0,0,0,4.165311532225102,-1,-999,0,0,0,0,0,0,0,1
19,30,0,1,0,1,0,0,0,0,4.190382839729976,-1,-999,0,1,0,14,0,0,0,0
12,1,0,1,0,0,0,0,0,0,3.9754180179138334,-1,-999,0,0,0,0,0,0,0,1
26,0,0,0,0,1,0,0,0,0,4.028946391954607,-1,-999,0,2,2,11,0,0,0,0
44,1,0,0,0,1,0,0,0,0,4.058934978981645,-1,-999,0,0,0,0,0,0,0,0
21,1,0,1,0,1,0,0,0,0,3.831401845392172,-1,-999,0,4,0,12,0,0,0,0
32,40,0,1,0,2,0,0,2,2,4.726641733102592,-1,-999,0,0,0,0,0,0,0,0
16,1,0,0,0,1,0,0,0,0,3.542481250360578,-1,-999,0,0,0,0,0,0,0,0
34,99,0,1,0,1,0,0,1,4,5.253926325215372,-1,-999,0,5,0,34,0,0,0,1
12,18,0,0,0,1,0,0,0,4,4.1885226220933465,-1,-999,0,13,0,9,0,0,0,0
23,33,0,1,0,1,0,0,0,0,4.292837797403416,-1,-999,0,0,0,0,0,0,0,1
29,1,0,1,0,1,0,0,0,0,4.020843553362252,-1,-999,0,118,5,130,0,0,0,0
23,13,0,0,0,1,0,0,0,2,4.140585393884789,-1,-999,0,0,0,0,0,0,0,1
12,16,0,0,0,1,0,0,0,0,3.861725074756387,-1,-999,0,0,0,8,0,0,0,0
20,1,0,1,0,1,0,0,0,0,4.248495255525411,-1,-999,0,1,13,17,0,1,0,0
12,1,0,0,0,0,0,0,0,0,3.5464393446710156,-1,-999,0,0,0,0,0,0,0,1
16,23,0,0,0,1,1,0,0,0,4.4521660318147465,-1,-999,0,4,0,60,0,0,0,1
19,1,0,1,0,1,0,0,0,0,3.655045546825804,-1,-999,0,0,0,1,0,0,0,0
21,1,0,1,0,1,0,0,0,0,4.256149238118269,-1,-999,0,0,2,12,0,0,0,0
31,17,0,1,0,3,0,0,0,12,4.496924958035208,-1,-999,0,0,0,0,0,0,0,1
24,11,0,0,0,0,0,0,0,0,4.050304851907325,-1,-999,0,0,0,1,0,0,0,0
43,104,0,1,0,1,0,0,1,16,5.526262980767413,-1,-999,0,5,0,34,0,0,0,1
19,0,0,0,0,1,0,0,0,0,3.873140679513133,-1,-999,0,0,0,0,0,0,0,1
13,61,0,1,0,1,0,0,0,6,4.6473605584119975,-1,-999,0,0,0,3,0,0,0,1
33,1,0,0,0,1,1,0,0,0,4.07391321234758,-1,-999,0,0,0,0,0,0,0,1
15,81,0,0,0,0,0,0,0,6,4.315752369047908,-1,-999,0,10,2,18,0,0,0,0
23,1,0,1,0,1,0,0,0,0,3.85845859334435,-1,-999,0,0,0,0,0,0,0,0
12,65,0,0,0,0,0,0,0,0,4.324912554206267,-1,-999,0,0,0,0,0,0,0,1
25,5,0,0,0,1,0,0,0,0,4.087567554701195,-1,-999,0,0,1,1,0,0,0,1
12,1,0,1,0,1,0,0,0,0,3.7849418274376427,-1,-999,0,3,2,61,0,0,0,0
14,34,0,0,0,0,0,0,1,0,4.217432214779142,-1,-999,0,0,0,0,0,0,0,1
14,1,0,0,0,1,0,0,0,0,3.6635327548042547,-1,-999,0,0,0,4,0,0,0,0
27,1,0,1,0,1,0,0,0,0,3.8956388075276673,-1,-999,0,5,1,26,0,0,0,0
12,17,0,0,0,1,0,0,0,7,4.0067499186387785,-1,-999,0,0,0,0,0,0,0,0
16,57,0,1,0,1,0,0,0,6,5.055186303161118,-1,-999,0,0,0,0,0,0,0,1
18,30,0,0,0,1,0,0,0,5,4.542469431935249,-1,-999,0,0,0,0,0,0,0,1
20,62,0,0,0,0,0,0,0,1,5.158085318359589,-1,-999,0,0,0,8,0,0,0,1
10,150,0,1,0,0,1,0,0,37,5.510917662515065,-1,-999,0,0,0,0,0,0,0,1
19,58,0,0,0,1,0,0,0,8,4.844540417203226,-1,-999,0,0,0,0,0,0,0,0
9,0,0,0,0,0,0,0,0,0,3.5,-1,-999,0,4,2,30,0,0,0,0
13,106,0,0,0,1,0,0,0,14,4.557193515527183,-1,-999,0,0,0,0,0,0,0,0
25,1,0,0,0,1,0,0,0,0,4.020926316000352,-1,-999,0,2,1,33,0,0,0,0
37,1,0,1,0,1,0,0,2,0,4.134990152123812,-1,-999,0,0,0,6,0,0,0,0
24,34,0,0,0,1,0,0,0,4,4.872690029133061,-1,-999,0,0,0,1,1,0,0,0
22,17,0,0,0,1,0,0,0,0,3.9638096525384383,-1,-999,0,0,0,0,0,0,0,0
50,68,0,1,0,3,2,0,1,24,4.866714653103528,-1,-999,0,0,0,0,0,0,0,1
21,4,0,0,0,1,0,0,0,0,3.7806390622295662,-1,-999,0,0,0,0,0,0,0,0
21,11,0,1,0,1,0,0,0,0,3.9061983328100953,-1,-999,0,0,0,0,0,0,0,0
17,27,0,0,0,0,0,1,0,56,4.917579332502386,-1,-999,0,0,0,0,0,0,0,1
12,64,0,0,0,1,0,0,0,4,4.38988092567815,-1,-999,0,2,1,58,0,0,0,0
28,0,0,0,0,1,0,0,0,1,4.014438730983428,-1,-999,0,0,0,1,0,0,0,1
22,232,0,1,0,1,0,0,0,44,5.600662297045375,-1,-999,0,0,0,3,0,0,0,1
13,30,0,0,0,1,0,0,0,1,3.974693951646702,-1,-999,0,0,0,0,0,0,0,1
26,100,0,1,0,1,0,0,1,6,5.362503632026648,-1,-999,0,0,0,0,0,0,0,1
14,30,0,0,0,0,0,0,0,0,4.155090479515532,-1,-999,0,0,0,0,0,0,0,1
15,1,0,1,0,1,0,0,0,0,3.7406015629507228,-1,-999,0,0,0,1,0,0,0,0
27,0,0,0,0,1,0,0,2,0,4.205109900073869,-1,-999,0,1,4,17,0,0,0,0
13,1,0,1,0,1,0,0,0,0,3.6635327548042547,-1,-999,0,10,1,18,0,0,0,0
20,57,0,0,0,0,1,0,0,0,4.174565048455188,-1,-999,0,3,0,44,0,0,0,1
19,42,0,0,0,1,3,0,0,3,4.165870333891539,-1,-999,0,0,0,0,0,0,0,1
31,11,0,0,0,1,0,0,1,0,4.408191160875132,-1,-999,0,0,0,0,0,0,0,1
20,0,0,0,0,1,0,0,1,0,4.0043444463675275,-1,-999,0,0,0,27,0,0,0,0
24,29,0,0,0,1,0,0,0,2,4.223395080763611,-1,-999,0,0,0,1,1,0,0,0
15,20,0,1,0,1,0,0,0,0,4.2397635917101475,-1,-999,0,0,1,41,0,0,0,0
24,43,0,0,0,1,2,0,0,0,4.281503494001944,-1,-999,0,0,0,0,0,0,0,0
31,43,0,1,0,2,0,0,0,6,4.555544463241768,-1,-999,0,0,0,0,0,0,0,0
23,29,0,0,0,1,0,0,0,10,4.509868160214538,-1,-999,0,0,0,0,0,0,0,1
15,10,0,1,0,0,0,0,0,0,4.27137063437885,-1,-999,0,0,0,0,0,0,0,1
24,0,0,0,0,1,0,0,0,0,3.937751955408587,-1,-999,0,1,18,16,0,0,0,0
25,1,0,1,0,1,0,0,1,0,4.101881223476018,-1,-999,0,0,0,0,0,0,0,1
18,1,0,0,0,1,0,0,0,0,3.8150724101159432,-1,-999,0,0,2,6,0,0,1,0
21,21,0,0,0,1,0,0,0,0,4.359408313414659,-1,-999,0,21,6,59,0,0,0,0
28,0,0,0,0,1,0,0,0,0,4.185867302411999,-1,-999,0,0,0,11,0,0,0,0
21,13,0,1,0,0,0,0,0,0,4.082943173738499,-1,-999,0,0,0,2,0,0,1,1
23,20,0,0,0,1,0,0,0,0,4.094177320667444,-1,-999,0,0,0,0,0,0,0,0
19,50,0,1,0,1,0,0,0,0,4.116175145969983,-1,-999,0,1,1,18,0,0,0,0
6,6,0,0,0,0,0,0,0,0,3.747413039531642,-1,-999,0,0,0,0,0,0,0,1
18,21,0,0,0,1,0,0,0,1,4.527681138773586,-1,-999,0,4,0,11,0,0,0,0
22,1,0,0,0,0,0,0,0,0,3.8159220638351665,-1,-999,0,0,0,5,0,0,0,0
23,1,0,0,0,1,1,0,0,0,3.655336229532346,-1,-999,0,3,0,1,0,0,0,1
17,17,0,0,0,0,1,0,0,0,4.259514199528965,-1,-999,0,0,0,2,1,0,0,0
21,1,0,1,0,1,0,0,0,0,4.0980685120588385,-1,-999,0,0,0,7,0,0,0,0
29,0,0,0,0,1,0,0,0,0,4.127986806877675,-1,-999,0,2,0,4,1,0,0,1
33,46,0,0,0,0,1,0,0,0,4.2436776814840185,-1,-999,0,15,2,35,0,0,0,0
38,68,0,0,0,1,2,0,2,1,4.283954407220543,-1,-999,0,0,0,0,0,0,0,1
25,523,0,1,0,1,3,0,0,195,5.0647227922294515,-1,-999,0,0,0,5,0,0,0,0
17,18,0,0,0,0,0,0,0,0,3.9963843160385055,-1,-999,0,0,0,0,0,0,0,0
14,57,0,1,0,0,1,0,0,0,4.288374308244838,-1,-999,0,0,0,0,0,0,0,1
13,70,0,1,0,1,0,0,0,6,4.5114786740146515,-1,-999,0,0,0,0,0,0,0,0
17,12,0,1,0,1,0,0,0,0,3.9900097040407405,-1,-999,0,4,0,4,0,0,0,0
24,156,0,0,0,1,3,0,0,38,5.028151779980584,-1,-999,0,0,0,0,0,0,0,1
25,1,0,1,0,1,0,0,0,0,4.219528282299548,-1,-999,0,13,0,96,0,0,0,0
19,7,0,1,0,0,1,0,0,0,3.9620315910594455,-1,-999,0,0,0,0,0,0,0,1
5,12,0,0,0,0,0,0,0,2,3.9072682296173893,-1,-999,0,0,0,0,0,0,0,1
17,24,0,0,0,1,0,0,0,0,4.02467389677155,-1,-999,0,0,0,0,0,0,0,0
26,1,0,0,0,1,0,0,0,0,3.9291076063899233,-1,-999,0,2,35,29,0,0,0,0
18,1,0,1,0,1,0,0,0,0,3.828237501842955,-1,-999,0,0,0,1,0,0,0,0
46,1,0,0,0,3,0,0,3,9,4.307869622766846,-1,-999,0,0,0,0,0,0,0,1
27,51,0,1,0,1,1,0,0,26,4.743214470730639,-1,-999,0,0,0,0,0,0,0,1
28,58,0,0,0,2,1,0,1,23,4.755699242287503,-1,-999,0,0,0,0,0,0,0,1
29,23,0,0,0,1,1,0,0,0,4.280888922853063,-1,-999,0,0,0,0,0,0,0,1
9,10,0,0,0,0,0,0,0,1,3.8441065448145384,-1,-999,0,0,0,0,0,0,0,1
20,1,0,1,0,1,0,0,0,0,3.9093680639438846,-1,-999,0,0,0,33,0,0,1,0
23,4,0,0,0,0,0,0,0,2,3.97351275357601,-1,-999,0,0,0,0,0,0,0,1
23,17,0,1,0,1,0,0,0,0,4.207067386399956,-1,-999,0,16,0,21,0,0,0,0
20,67,0,0,0,1,1,0,0,22,4.952700262473756,-1,-999,0,0,0,0,0,0,0,1
48,1,0,1,0,3,0,0,3,9,4.435543689748171,-1,-999,0,0,0,0,0,0,0,1
11,28,0,1,0,1,0,0,0,0,4.489927149181728,-1,-999,0,13,0,17,0,0,0,0
50,19,0,0,0,3,2,0,1,9,4.453446718606694,-1,-999,0,0,0,0,0,0,0,1
18,23,0,0,0,1,0,0,0,0,3.962581188618506,-1,-999,0,0,0,0,0,0,0,1
23,0,0,0,0,0,0,0,0,0,3.9898980954642878,-1,-999,0,0,0,0,0,0,0,0
35,13,0,0,0,0,0,0,0,0,4.264524768702468,-1,-999,0,0,0,0,0,0,0,1
13,14,0,1,0,0,0,0,0,0,3.818588646061332,-1,-999,0,8,0,17,0,0,0,0
13,19,0,1,0,1,0,0,0,0,4.125070520364182,-1,-999,0,0,0,6,0,0,0,0
9,111,0,1,0,0,0,0,0,6,4.426839865180905,-1,-999,1,33,0,8,0,0,0,0
24,19,0,0,0,1,0,0,0,2,4.412180011265247,-1,-999,0,0,0,1,1,0,0,0
14,53,0,0,0,1,1,0,0,0,4.262290577086376,-1,-999,0,2,0,5,0,0,0,1
14,36,0,1,0,1,1,0,1,5,4.856722286429964,-1,-999,0,0,0,0,0,0,0,1
14,150,0,1,0,1,0,0,0,25,5.47553592237802,-1,-999,0,0,0,1,0,0,0,1
21,0,0,1,0,1,0,0,0,0,4.0472990984266435,-1,-999,0,2,2,112,0,0,0,0
28,39,0,0,0,1,0,0,0,25,4.687220893816867,-1,-999,0,0,0,0,0,0,0,1
20,1,0,1,0,1,0,0,1,0,3.83127625337525,-1,-999,0,1,1,24,0,0,0,0
14,18,0,1,0,1,0,0,0,1,4.2439427079182686,-1,-999,0,2,0,28,0,0,1,0
26,0,0,0,0,1,0,0,0,3,4.081532376606413,-1,-999,0,2,0,4,1,0,0,1
16,0,0,0,0,0,0,0,0,0,3.795088586397732,-1,-999,0,0,0,0,0,0,0,0
15,51,0,1,0,1,0,0,0,15,4.616690070183439,-1,-999,0,2,0,48,0,0,0,0
14,22,0,1,0,1,0,0,0,8,4.563532262755956,-1,-999,0,0,0,0,0,0,0,1
17,1,0,1,0,1,0,0,0,0,3.921029621737615,-1,-999,0,0,1,11,0,0,0,0
20,65,0,1,0,1,0,0,0,10,4.773879344985186,-1,-999,0,0,0,1,1,0,0,0
18,1,0,0,0,1,0,0,0,0,3.690260390968384,-1,-999,0,0,0,7,0,0,0,0
27,1,0,0,0,1,1,0,0,4,4.20458221761353,-1,-999,0,0,0,11,0,0,1,1
27,50,0,1,0,1,0,0,0,2,5.09820662204437,-1,-999,0,0,0,0,0,0,0,1
26,1,0,0,0,1,0,0,1,1,4.1829073264808265,-1,-999,0,0,0,0,0,0,0,1
23,58,0,0,0,0,1,0,0,0,4.495554533037237,-1,-999,0,0,0,0,0,0,0,1
21,49,0,1,0,0,2,0,0,0,4.57675614966757,-1,-999,0,0,0,0,0,0,0,1
31,1,0,1,0,2,0,0,1,3,4.256198332810095,-1,-999,0,0,0,0,0,0,0,1
31,1,0,1,0,1,0,0,1,0,4.177567157116929,-1,-999,0,7,0,29,0,0,0,0
21,25,0,0,0,1,0,0,0,4,4.352564737778651,-1,-999,0,0,0,0,0,0,0,1
28,21,0,0,0,1,0,0,0,0,4.186494994012813,-1,-999,0,0,0,0,0,0,0,1
12,61,0,1,0,0,1,0,0,0,4.156064660228985,-1,-999,0,0,0,0,0,0,0,1
50,68,0,1,0,3,2,0,1,18,4.7874499576820595,-1,-999,0,0,0,0,0,0,0,1
18,7,0,0,0,1,0,0,0,2,4.155639062229566,-1,-999,0,0,0,0,0,0,0,1
17,0,0,1,0,1,0,0,0,0,3.8634651896016474,-1,-999,0,0,0,19,0,0,0,0
28,10,0,1,0,3,1,0,0,0,3.9345710010613426,-1,-999,0,0,0,0,0,0,0,1
26,25,0,0,0,1,0,0,0,0,4.206697589768653,-1,-999,0,0,1,42,0,0,1,1
26,28,0,0,0,1,0,0,0,0,4.2372910269703,-1,-999,0,0,0,0,0,0,0,0
13,59,0,1,0,0,0,0,0,22,4.870513920656679,-1,-999,0,0,0,0,0,0,0,1
24,0,0,0,0,0,0,0,0,0,4.066784213473103,-1,-999,0,0,0,0,0,0,0,0
16,1,0,1,0,1,0,0,0,0,3.8634651896016474,-1,-999,0,6,1,41,0,0,1,0
16,1,0,1,0,1,0,0,0,0,3.7034651896016473,-1,-999,0,0,0,47,0,0,0,0
31,401,0,1,0,1,0,0,0,212,4.597832102629823,-1,-999,0,0,1,1,0,0,0,1
18,82,0,0,0,1,0,0,0,0,4.311336631225331,-1,-999,0,9,0,4,0,0,0,1
12,0,0,0,0,1,0,0,0,0,3.576617644908666,-1,-999,0,1,0,25,0,1,0,0
17,1,0,1,0,1,0,0,1,0,3.8150724101159432,-1,-999,0,0,0,65,0,0,0,0
46,69,0,1,0,4,2,0,0,19,4.961924086574767,-1,-999,0,0,0,0,0,0,0,1
11,26,0,0,0,0,0,0,0,0,4.189561096343497,-1,-999,0,0,0,0,0,0,0,1
13,22,0,0,0,0,0,0,0,0,3.928414007174855,-1,-999,0,0,0,0,0,0,0,1
22,29,0,1,0,0,0,0,0,2,4.166081399195002,-1,-999,0,8,0,38,0,0,0,0
17,42,0,0,0,1,0,0,0,7,4.588134514230352,-1,-999,0,9,1,23,0,0,0,0
18,1,0,0,0,1,0,0,0,0,3.6133373140453076,-1,-999,0,0,0,0,0,0,0,1
29,5,0,0,0,0,0,0,2,0,4.02269698136929,-1,-999,0,0,0,0,0,0,0,1
11,0,0,0,0,0,0,0,0,0,3.614369445886757,-1,-999,0,0,0,0,0,0,0,0
25,1,0,1,0,1,0,0,1,0,3.9291076063899233,-1,-999,0,5,1,43,0,0,0,0
18,34,0,1,0,2,0,0,0,0,4.3022126799836204,-1,-999,0,4,0,5,0,0,0,0
37,18,0,0,0,0,0,0,3,4,4.417095908029653,-1,-999,0,0,0,0,0,0,0,1
34,5,0,0,0,3,0,0,0,9,4.118579554250694,-1,-999,0,0,0,0,0,0,0,1
18,0,0,1,0,1,0,0,1,0,3.873140679513133,-1,-999,0,0,0,0,0,0,0,0
31,54,0,0,0,1,0,0,0,0,4.372733449439207,-1,-999,0,0,0,0,0,0,0,0
18,47,0,0,0,1,0,0,0,0,4.306661419242019,-1,-999,0,0,0,0,0,0,0,0
24,1,0,1,0,1,0,0,0,0,3.7118435602361175,-1,-999,0,11,0,26,0,0,1,0
11,103,0,1,0,1,0,1,0,20,4.926885722624299,-1,-999,0,0,0,15,0,0,0,1
18,38,0,0,0,1,0,0,0,5,4.1151174254498954,-1,-999,0,3,0,13,0,0,0,0
25,164,0,0,0,1,0,0,0,14,4.522420335722037,-1,-999,0,0,0,0,0,0,0,1
15,6,0,0,0,0,0,0,0,1,3.7803946541231945,-1,-999,0,0,0,0,0,0,0,1
17,1,0,1,0,1,0,0,0,0,3.997952698660692,-1,-999,0,0,0,1,1,0,0,0
16,15,0,1,0,1,0,0,0,0,4.028490680178816,-1,-999,0,0,0,23,1,1,0,1
12,1,0,1,0,0,0,0,0,0,3.748994803525097,-1,-999,0,0,0,0,0,0,0,0
14,21,0,1,0,1,0,0,0,5,4.325924732707134,-1,-999,0,0,0,0,0,0,0,1
21,28,0,0,0,1,1,0,2,0,4.226935395914428,-1,-999,0,0,1,23,0,0,0,0
20,36,0,0,0,1,0,0,0,6,4.4830106300488435,-1,-999,0,0,0,1,0,0,0,1
16,36,0,1,0,1,0,0,0,0,4.311080496244278,-1,-999,0,4,0,5,0,0,0,0
16,1,0,0,0,1,0,0,0,0,3.7406015629507228,-1,-999,1,4,0,1,0,1,0,0
13,39,0,1,0,1,0,0,0,0,4.243716429911505,-1,-999,0,0,0,1,1,0,0,0
17,29,0,0,0,1,0,0,1,0,3.9540852004434854,-1,-999,0,0,0,0,0,0,0,1
18,1,0,1,0,1,0,0,0,0,3.7821222241453056,-1,-999,0,0,0,14,0,0,0,0
17,34,0,0,0,2,0,0,0,5,4.5790015215519855,-1,-999,0,0,0,0,0,0,0,0
25,230,0,0,0,1,0,0,0,33,5.876611497126786,-1,-999,0,0,1,1,0,0,0,1
21,36,0,0,0,1,0,0,0,0,4.091732087977215,-1,-999,0,0,0,5,0,0,0,0
13,59,0,1,0,0,1,0,0,0,4.208260359254521,-1,-999,0,10,0,18,0,0,0,0
15,26,0,1,0,1,0,0,0,2,4.198708252579409,-1,-999,0,0,0,6,0,0,0,0
13,137,0,1,0,0,1,0,1,12,5.264510063086634,-1,-999,0,0,1,16,0,0,0,1
24,11,0,0,0,1,1,0,0,0,4.320423374953668,-1,-999,0,0,1,1,0,0,0,1
43,0,0,0,0,2,0,0,3,1,4.368367439558378,-1,-999,0,0,0,0,0,0,0,1
15,19,0,0,0,1,0,0,0,1,4.305858944160431,-1,-999,0,3,0,173,0,0,0,0
17,21,0,0,0,1,0,0,0,0,4.222532752357147,-1,-999,0,1,1,19,0,0,0,0
25,1,0,1,0,1,0,0,0,0,4.2339466645252255,-1,-999,0,4,1,32,0,0,0,0
24,19,0,0,0,1,0,0,0,0,4.130044500340505,-1,-999,0,0,2,10,0,0,0,0
17,36,0,1,0,0,0,0,0,0,4.304501936316363,-1,-999,0,0,0,0,0,0,0,1
50,68,0,1,0,3,2,0,1,22,4.866566964964456,-1,-999,0,0,0,0,0,0,0,1
46,67,0,1,0,4,2,0,0,19,4.799750765726155,-1,-999,0,0,0,0,0,0,0,1
18,1,0,1,0,1,0,0,0,0,3.7080481500712312,-1,-999,0,1,0,21,0,0,0,0
17,20,0,1,0,1,0,0,0,0,4.127762474435138,-1,-999,0,0,0,0,0,0,0,0
38,78,0,1,0,1,0,0,0,0,4.979825411130903,-1,-999,0,0,0,0,0,0,0,1
24,1,0,0,0,1,0,0,0,0,3.8195488277869583,-1,-999,0,3,0,49,0,0,1,0
22,33,0,0,0,0,1,0,0,0,4.193991730594801,-1,-999,0,0,0,0,0,0,0,1
22,0,0,0,0,1,0,0,0,0,3.9093680639438846,-1,-999,0,3,0,10,0,0,0,0
20,34,0,0,0,1,0,0,0,0,4.182455322577736,-1,-999,0,0,0,0,0,0,0,0
50,47,0,0,0,1,0,0,5,20,4.89867043389341,-1,-999,0,0,0,0,0,0,0,1
13,0,0,0,0,0,0,0,0,0,3.6464393446710157,-1,-999,0,0,0,0,0,0,0,0
14,25,0,0,0,1,0,0,0,8,4.075101293381128,-1,-999,0,0,0,0,0,0,0,0
19,13,0,0,0,1,0,0,0,0,4.109138039864114,-1,-999,0,1,0,9,0,0,0,0
19,16,0,0,0,0,1,0,0,0,3.8831727088441372,-1,-999,0,0,0,23,0,0,0,1
34,1,0,1,0,3,0,0,3,5,4.126862359796814,-1,-999,0,0,0,0,0,0,0,1
38,24,0,1,0,3,0,0,2,6,4.52351690274628,-1,-999,0,0,0,0,0,0,0,1
15,76,0,1,0,1,0,0,0,11,5.275264575147173,-1,-999,0,0,0,0,0,0,0,1
18,1,0,1,0,0,0,0,1,0,3.9582291686698783,-1,-999,0,0,0,35,0,0,0,1
16,20,0,1,0,1,0,0,0,0,3.7921987450852237,-1,-999,0,0,0,23,1,1,0,1
13,1,0,1,0,1,0,0,0,0,3.6635327548042547,-1,-999,1,5,2,13,0,0,0,0
6,0,0,0,0,0,0,0,0,0,3.180832987205441,-1,-999,0,0,1,22,0,0,0,0
25,42,0,0,0,1,0,0,0,0,4.183692178562271,-1,-999,0,9,1,20,0,0,0,0
26,1,0,1,0,1,0,0,0,0,3.900153016697713,-1,-999,0,0,0,1,0,0,0,1
15,48,0,1,0,1,0,0,0,0,4.550433905134982,-1,-999,0,0,0,33,0,0,0,0
17,33,0,0,0,1,0,0,0,2,4.411947585047356,-1,-999,0,0,0,0,0,0,0,0
20,1,0,1,0,1,0,0,1,0,3.624379701651112,-1,-999,0,0,0,26,0,0,0,0
45,17,0,1,0,3,0,0,2,17,4.571632124949861,-1,-999,0,0,0,0,0,0,0,1
17,15,0,1,0,1,0,0,0,0,4.027567157116929,-1,-999,0,0,0,87,0,0,0,0
21,1,0,1,0,1,0,0,0,0,4.056564762130955,-1,-999,0,3,2,27,0,0,1,0
22,71,0,0,0,1,0,0,0,0,5.050926459129961,-1,-999,0,1,0,16,0,0,0,0
19,0,0,0,0,1,0,0,0,0,3.9790978911348054,-1,-999,0,0,3,11,0,0,0,0
11,17,0,0,0,0,0,0,0,0,4.071581588126285,-1,-999,0,0,0,0,0,0,0,0
42,67,0,1,0,3,2,0,0,26,4.748577533758713,-1,-999,0,0,0,0,0,0,0,1
42,19,0,0,0,3,2,0,0,8,4.539545474100613,-1,-999,0,0,0,0,0,0,0,1
10,123,0,0,0,1,0,0,0,0,4.29600384641241,-1,-999,0,0,0,0,0,0,0,0
15,20,0,1,0,1,0,0,0,0,4.268719696310997,-1,-999,0,0,1,41,0,0,0,0
22,1,0,1,0,1,0,0,1,0,3.929214455199219,-1,-999,0,0,0,1,0,0,0,0
15,76,0,1,0,1,0,0,0,5,5.15304371181273,-1,-999,0,0,0,0,0,0,0,1
25,1,0,1,0,1,0,0,0,4,4.160704752887783,-1,-999,0,0,0,1,0,0,0,1
13,7,0,1,0,1,0,0,0,0,3.8962915290459277,-1,-999,0,0,0,0,0,0,0,0
28,18,0,0,0,1,0,0,0,0,3.9944430398287234,-1,-999,0,0,0,0,0,0,0,0
14,46,0,0,0,0,0,0,0,27,4.479810460047416,-1,-999,0,0,0,0,0,0,0,1
12,80,0,0,0,0,2,0,1,5,4.511369091253837,-1,-999,0,2,0,8,0,0,0,1
16,15,0,1,0,1,0,0,0,0,3.8527277834538585,-1,-999,0,0,0,23,1,1,0,1
14,152,0,0,0,0,1,0,0,20,5.1261422325512624,-1,-999,0,0,0,0,0,0,0,1
16,0,0,0,0,1,0,0,0,0,3.675310868912364,-1,-999,0,0,0,4,0,0,0,0
21,176,0,1,0,2,0,0,0,67,4.773371472516392,-1,-999,0,0,0,2,0,0,0,1
19,80,0,0,0,1,0,0,0,21,4.66163985718869,-1,-999,0,0,0,0,0,0,0,1
25,1,0,1,0,1,0,0,1,0,4.2339466645252255,-1,-999,0,6,0,88,0,0,0,0
17,23,0,1,0,1,0,0,0,10,4.6089095887041,-1,-999,0,2,0,28,0,0,0,0
24,29,0,0,0,1,0,0,0,10,4.6171559625209495,-1,-999,0,0,0,0,0,0,0,1
31,24,0,0,0,1,0,0,0,1,4.42365029442589,-1,-999,0,0,0,0,0,0,0,0
19,1,0,1,0,1,0,0,0,0,3.7803946541231945,-1,-999,0,0,0,44,0,0,0,0
34,1,0,0,0,1,0,0,2,6,4.272804327334621,-1,-999,0,0,0,0,0,0,0,1
20,1,0,0,0,1,0,0,0,0,4.039148671903071,-1,-999,0,3,0,20,0,0,0,0
23,43,0,0,0,1,1,0,0,7,4.430765406942712,-1,-999,0,7,0,26,0,0,0,1
13,240,0,0,0,0,0,0,0,38,5.789171889235915,-1,-999,0,0,0,0,0,0,0,1
21,1,0,0,0,1,0,0,0,0,4.021268494903765,-1,-999,0,0,0,0,0,0,0,0
20,1,0,1,0,0,0,0,0,0,3.995237891380887,-1,-999,0,0,0,6,0,0,0,0
14,46,0,1,0,1,0,0,0,8,4.5683418861599305,-1,-999,0,9,0,13,0,0,0,0
21,27,0,0,0,1,0,1,0,54,4.864368007675684,-1,-999,0,0,0,0,0,0,0,1
15,19,0,0,1,0,0,0,0,13,4.314749870418975,-1,-999,0,0,0,0,0,0,0,1
26,31,0,0,0,1,1,0,0,6,4.396168704467279,-1,-999,0,8,0,7,0,0,0,1
16,32,0,1,0,1,1,0,0,0,4.1402433785524035,-1,-999,0,0,0,23,1,1,0,1
19,100,0,0,0,0,3,0,0,5,4.508865198131816,-1,-999,0,0,0,0,0,0,0,1
15,1,0,0,0,0,0,0,0,0,3.8492239123906247,-1,-999,0,0,0,0,0,0,0,1
14,11,0,1,0,1,0,0,0,4,4.513794876803092,-1,-999,0,0,0,0,0,0,0,1
18,22,0,0,0,0,0,0,0,3,4.266730872678045,-1,-999,0,0,0,4,0,0,0,0
22,33,0,0,0,1,0,0,1,6,4.456324996828518,-1,-999,1,6,2,26,0,0,0,0
19,17,0,0,0,1,0,0,0,0,4.220128777433188,-1,-999,0,0,0,0,0,0,0,0
13,49,0,0,0,0,0,1,1,0,4.309281725284142,-1,-999,0,0,0,0,0,0,0,1
13,26,0,0,0,0,0,0,0,0,4.300978674371633,-1,-999,0,0,0,0,0,0,0,1
19,416,0,1,0,1,0,0,0,60,5.626844035623762,-1,-999,0,8,0,12,0,0,1,1
8,27,0,0,0,0,0,0,0,0,4.091622411276601,-1,-999,0,3,0,8,0,0,0,0
25,38,0,1,0,1,0,0,0,0,4.357150029403487,-1,-999,0,0,1,18,0,0,0,0
25,1,0,0,0,1,1,0,0,0,3.528757379025014,-1,-999,0,0,0,11,0,0,1,1
29,6,0,0,0,5,0,0,0,1,4.189238255803026,-1,-999,0,0,0,0,0,0,0,1
13,59,0,0,0,0,0,1,0,0,4.413662903073641,-1,-999,0,0,0,0,0,0,0,1
14,22,0,0,0,1,0,0,0,6,4.23128619690549,-1,-999,0,3,0,14,0,0,1,0
11,1,0,1,0,0,0,0,0,0,3.6464393446710157,-1,-999,0,0,0,0,0,0,0,0
13,16,0,0,0,1,0,0,0,0,3.9029905438190675,-1,-999,0,0,0,0,0,0,0,0
7,49,0,1,0,0,0,0,0,1,4.436561560418857,-1,-999,0,0,0,1,0,0,1,1
13,76,0,1,0,1,1,0,0,8,4.875141865390158,-1,-999,0,0,0,0,0,0,0,1
21,32,0,0,0,0,0,0,0,0,4.0818913308357265,-1,-999,0,0,0,8,0,0,0,1
21,28,0,0,0,0,1,0,0,0,4.269159109782289,-1,-999,0,0,0,0,0,0,0,1
11,30,0,0,0,1,0,0,0,0,4.154528721224705,-1,-999,0,0,0,6,0,0,0,1
30,6,0,1,0,3,0,0,0,2,4.023948449120703,-1,-999,0,0,0,0,0,0,0,1
21,1,0,0,0,2,0,0,0,6,3.9523029776623857,-1,-999,0,0,0,0,0,0,0,1
17,86,0,0,0,0,0,1,0,0,4.410180829491131,-1,-999,0,0,0,0,0,0,0,1
20,1,0,1,0,1,0,0,0,0,3.788341339656749,-1,-999,0,0,0,3,0,0,1,0
10,48,0,0,0,0,0,0,0,3,4.3219166589825955,-1,-999,0,2,1,16,0,0,0,1
34,28,0,0,0,1,0,0,0,0,4.41946159527115,-1,-999,0,0,0,21,0,1,0,0
20,1,0,1,0,1,0,0,0,0,3.995237891380887,-1,-999,0,19,1,41,0,0,1,0
50,69,0,1,0,3,2,0,1,19,4.68876964428174,-1,-999,0,0,0,0,0,0,0,1
18,18,0,0,0,1,0,0,0,0,4.06279520858371,-1,-999,0,1,1,26,0,0,0,0
6,6,0,0,0,0,0,0,0,1,3.747413039531642,-1,-999,0,0,0,0,0,0,0,1
16,41,0,1,0,1,0,0,0,0,4.503459259902292,-1,-999,0,4,0,5,0,0,0,0
15,25,0,1,0,1,0,0,0,0,4.1373803454010725,-1,-999,0,0,0,6,0,0,0,0
19,1,0,1,0,1,0,0,0,0,4.012188403968661,-1,-999,0,3,2,2,0,0,0,0
26,1,0,0,0,1,0,0,0,0,4.0796786498829745,-1,-999,0,0,0,15,0,0,0,0
12,44,0,0,0,0,0,0,0,8,4.436368710490015,-1,-999,0,12,1,26,0,0,0,0
16,14,0,1,0,1,0,0,0,0,4.06057447452875,-1,-999,0,4,0,5,0,0,0,0
14,1,0,1,0,0,0,0,0,0,3.588354347173233,-1,-999,0,0,1,20,0,0,0,0
18,15,0,0,0,1,0,0,0,0,4.093942707918269,-1,-999,0,1,1,26,0,0,0,0
8,24,0,1,0,0,0,0,0,0,4.006198332810095,-1,-999,0,0,0,5,0,0,0,0
13,4,0,1,0,1,0,0,0,0,3.813660689688186,-1,-999,0,0,0,3,0,0,0,0
50,19,0,0,0,3,2,0,1,9,4.521910778052353,-1,-999,0,0,0,0,0,0,0,1
19,15,0,0,0,0,0,0,1,0,4.259514199528965,-1,-999,0,0,0,0,0,0,0,1
37,138,0,1,0,1,0,0,2,44,4.741775933073431,-1,-999,0,0,0,0,0,0,0,1
18,21,0,1,0,1,0,0,0,0,4.250669436461801,-1,-999,0,2,2,24,0,0,0,0
18,33,0,0,0,1,0,0,0,4,4.484726848718183,-1,-999,0,5,0,28,0,0,0,0
27,1,0,1,0,1,0,0,0,0,4.044110417748401,-1,-999,0,13,1,33,0,0,1,0
21,35,0,1,0,1,0,0,0,0,4.508969969293428,-1,-999,0,0,0,7,0,0,0,0
22,11,0,1,0,1,0,0,1,1,4.238666566058884,-1,-999,0,0,0,0,0,0,0,1
13,75,0,1,0,0,0,0,0,6,4.372288215480746,-1,-999,0,0,0,1,1,0,0,0
12,45,0,0,0,1,1,0,0,0,4.428072516654254,-1,-999,0,0,1,5,0,0,0,0
17,42,0,0,0,1,0,0,0,0,4.156993740111657,-1,-999,0,2,0,12,0,0,0,1
13,14,0,0,0,1,0,0,0,0,4.113362385992582,-1,-999,0,1,0,3,0,0,0,0
21,1,0,1,0,1,0,0,0,0,3.831401845392172,-1,-999,0,0,0,0,0,0,0,0
20,8,0,0,0,1,0,0,0,0,3.932874360347046,-1,-999,0,0,0,30,0,0,1,0
37,19,0,0,0,2,0,0,0,0,4.280552098268471,-1,-999,0,0,0,0,0,0,0,1
19,31,0,0,0,1,0,0,0,0,4.147993522633027,-1,-999,0,0,0,0,0,0,0,0
20,12,0,0,0,0,0,0,0,0,4.057855988582063,-1,-999,0,0,0,0,0,0,0,1
17,145,0,0,0,0,1,0,1,8,4.598983056779253,-1,-999,0,0,0,0,0,0,0,1
13,20,0,0,0,0,0,0,0,0,3.8348295085032618,-1,-999,0,0,0,0,0,0,0,1
42,65,0,0,0,3,2,0,0,22,4.759876464943227,-1,-999,0,0,0,0,0,0,0,1
13,58,0,1,0,1,1,0,0,10,4.837344400937049,-1,-999,0,0,0,0,0,0,0,1
25,70,0,1,0,1,2,0,0,24,4.866677581176619,-1,-999,0,0,0,5,0,0,0,1
25,3,0,0,0,1,0,0,0,0,3.946880788794848,-1,-999,0,20,1,6,0,0,0,0
17,7,0,1,0,1,0,0,0,4,4.081532376606413,-1,-999,0,27,0,102,0,0,1,0
14,1,0,1,0,1,0,0,0,0,3.7081320646586016,-1,-999,0,0,0,0,0,0,0,0
16,54,0,0,0,1,0,0,0,0,3.9915847178627133,-1,-999,0,0,0,0,0,0,0,1
25,74,0,0,0,1,0,0,1,1,4.342400526272765,-1,-999,0,4,0,21,0,0,1,0
54,68,0,1,0,4,2,0,1,18,4.758374409121933,-1,-999,0,0,0,0,0,0,0,1
8,12,0,1,0,0,0,0,0,6,3.950212064914747,-1,-999,0,0,0,0,0,0,0,1
14,51,0,0,0,0,1,0,0,0,4.402225093148078,-1,-999,0,0,0,0,0,0,0,1
27,28,0,0,0,1,0,0,0,0,4.358459262490948,-1,-999,0,0,0,0,0,0,0,1
26,20,0,0,0,3,0,1,0,0,4.077767399725443,-1,-999,0,0,0,0,0,0,0,1
24,83,0,1,0,1,0,0,0,3,4.386004829006068,-1,-999,0,0,0,1,1,0,0,0
19,33,0,0,0,0,1,0,0,0,4.197895754171034,-1,-999,0,0,0,0,0,0,0,1
25,12,0,0,0,1,0,0,0,1,4.098652005434406,-1,-999,0,0,0,0,0,0,0,1
23,44,0,0,0,1,0,0,0,0,4.272179765138528,-1,-999,0,0,0,1,1,0,0,0
19,1,0,0,0,1,0,0,0,0,3.782122224145305,-1,-999,0,0,0,1,0,0,0,0
43,1,0,0,0,2,0,0,2,10,4.509989802458863,-1,-999,0,0,0,0,0,0,0,1
13,1,0,1,0,1,0,0,0,0,3.6635327548042547,-1,-999,0,0,0,0,0,0,0,0
18,13,0,1,0,1,0,0,0,0,3.7308075910906924,-1,-999,0,0,0,14,0,0,0,0
21,1,0,1,0,1,0,0,0,0,3.781076011914607,-1,-999,0,2,1,19,0,0,0,0
16,1,0,0,0,0,0,0,0,0,3.688721875540867,-1,-999,0,2,0,12,0,0,0,0
13,13,0,0,0,0,0,0,0,0,3.8589572866686432,-1,-999,0,2,0,15,0,0,0,0
15,0,0,1,0,1,0,0,0,0,3.4642346527265664,-1,-999,1,29,0,35,0,0,0,0
11,0,0,0,0,0,0,0,0,0,3.614369445886757,-1,-999,0,2,0,43,0,0,0,0
14,62,0,0,0,1,0,0,0,6,4.653737968206947,-1,-999,0,0,0,0,0,0,0,0
24,25,0,0,0,1,0,0,1,0,4.206484556133594,-1,-999,0,1,0,20,0,0,0,0
14,42,0,0,0,1,0,0,0,5,4.586030074424606,-1,-999,0,0,1,53,0,0,0,0
15,17,0,0,0,0,0,0,0,3,3.996564718695828,-1,-999,0,0,0,0,0,0,0,1
16,21,0,0,0,0,1,0,0,0,4.024899448665394,-1,-999,0,0,0,0,0,0,0,1
20,40,0,0,0,1,0,0,1,13,4.785940878544194,-1,-999,0,0,0,0,0,0,0,1
21,16,0,0,0,1,0,0,0,0,3.9362600275315276,-1,-999,0,1,2,22,0,0,0,0
9,36,0,0,0,0,0,1,0,0,4.44039534215702,-1,-999,0,0,0,0,0,0,0,1
15,372,0,1,0,1,0,0,0,49,5.899072429212303,-1,-999,0,0,0,8,0,0,1,1
10,79,0,0,0,0,0,0,0,0,4.577805762241359,-1,-999,0,0,0,17,0,0,0,0
26,1,0,1,0,1,0,0,0,3,4.207435516759526,-1,-999,0,2,0,4,1,0,0,1
13,23,0,1,0,0,0,0,0,0,4.038310595615006,-1,-999,0,0,1,12,0,0,0,1
17,10,0,0,0,1,0,0,0,0,3.9764499732851237,-1,-999,0,0,0,14,0,0,0,0
16,23,0,1,0,1,0,0,0,0,4.216421766792934,-1,-999,0,0,0,1,0,0,0,0
16,21,0,1,0,1,0,0,0,0,4.322315530038771,-1,-999,0,4,0,5,0,0,0,0
13,116,0,0,0,0,1,1,0,25,4.774681152241695,-1,-999,0,0,0,0,0,0,0,1
11,48,0,0,0,1,0,0,0,7,4.515699377092074,-1,-999,0,0,0,0,0,0,0,0
16,18,0,1,0,1,0,0,0,0,4.198532530221198,-1,-999,0,0,0,0,0,0,0,1
25,111,0,0,0,1,0,0,0,46,4.962459665548882,-1,-999,0,0,0,0,0,0,0,1
25,24,0,0,0,1,1,0,0,0,4.296119377716699,-1,-999,0,0,0,1,1,0,0,0
16,28,0,0,0,0,1,0,0,0,4.123528901585399,-1,-999,0,0,0,0,0,0,0,1
43,13,0,1,0,3,0,0,2,16,4.564867633875558,-1,-999,0,0,0,0,0,0,0,1
37,36,0,0,0,1,0,0,0,0,4.191682589575969,-1,-999,0,0,0,0,0,0,0,1
11,60,0,1,0,0,1,0,0,0,4.302880433249068,-1,-999,0,0,0,0,0,0,0,1
18,26,0,0,0,1,3,0,0,0,4.174767686920441,-1,-999,1,4,0,6,0,0,1,1
6,10,0,0,0,0,0,0,0,7,4.001822825622231,-1,-999,0,0,0,3,0,0,0,1
17,31,0,0,0,1,0,0,0,1,4.345110286984824,-1,-999,0,8,0,27,0,0,0,0
14,1,0,0,0,1,0,0,0,0,3.6635327548042547,-1,-999,0,0,0,0,0,0,0,1
46,1,0,1,0,1,0,0,3,12,4.585460849691617,-1,-999,0,0,0,1,0,0,0,1
12,39,0,0,0,1,0,0,0,0,4.18667587496296,-1,-999,0,4,0,17,0,0,0,0
13,6,0,0,0,0,0,0,0,2,3.6714055834424975,-1,-999,0,7,0,14,0,0,0,1
20,1,0,1,0,1,0,0,0,0,4.021268494903765,-1,-999,0,24,1,75,0,0,0,0
13,14,0,1,0,0,0,0,0,0,4.150292659616669,-1,-999,0,0,0,0,0,0,0,1
18,184,0,1,0,0,1,0,3,97,4.769378357057024,-1,-999,0,0,0,0,0,0,0,1
17,29,0,1,0,1,0,0,0,4,4.759064585296481,-1,-999,0,0,0,11,0,0,0,1
11,72,0,1,0,1,0,0,0,0,4.381635489323727,-1,-999,0,0,0,0,0,0,0,0
20,42,0,0,0,0,2,0,1,0,4.354992305188445,-1,-999,0,0,0,0,0,0,0,1
15,1,0,1,0,1,0,0,0,0,3.7406015629507228,-1,-999,0,0,0,0,0,0,0,0
17,10,0,0,0,1,0,0,0,44,5.380016581939183,-1,-999,0,0,1,3,0,0,0,1
23,47,0,0,0,0,0,0,0,22,4.730255827984844,-1,-999,0,0,0,0,0,0,0,1
14,7,0,1,0,0,0,0,1,1,3.9523029776623857,-1,-999,0,0,0,0,0,0,0,1
18,23,0,0,0,0,0,0,0,0,4.386842188131012,-1,-999,0,0,0,1,0,0,0,1
26,0,0,0,0,1,0,0,0,0,3.9374448765408534,-1,-999,0,0,0,3,0,0,0,0
15,52,0,0,0,0,1,0,0,12,4.647512232570837,-1,-999,0,0,0,0,0,0,0,1
27,1,0,0,0,1,0,0,1,0,3.8785848023501854,-1,-999,0,0,0,0,0,0,0,1
50,69,0,1,0,3,2,0,1,18,4.665437589979664,-1,-999,0,0,0,0,0,0,0,1
21,21,0,0,0,1,0,0,0,5,4.204636702690701,-1,-999,0,12,1,30,0,0,0,0
15,56,0,0,0,0,1,0,0,9,4.621958552684628,-1,-999,0,0,0,0,0,0,0,1
21,60,0,1,0,1,1,0,0,0,4.81519740872862,-1,-999,0,0,0,1,1,0,0,0
24,6,0,0,0,1,0,0,0,0,3.9590570816697497,-1,-999,0,8,0,47,0,0,0,0
25,7,0,0,0,1,0,0,0,0,4.04106055186274,-1,-999,0,0,0,0,0,0,0,1
20,25,0,1,0,1,1,0,0,0,4.033761021698655,-1,-999,0,0,0,6,0,0,0,0
23,0,0,0,0,1,0,0,0,0,3.923231428797621,-1,-999,0,0,0,1,0,0,0,1
12,14,0,0,0,0,0,0,0,0,4.086526226193702,-1,-999,0,0,0,1,0,0,0,1
15,26,0,1,0,1,1,0,0,1,4.094230385665863,-1,-999,0,0,0,1,1,0,0,1
12,42,0,0,0,0,1,0,0,6,4.2088428713389945,-1,-999,0,0,0,0,0,0,0,1
26,21,0,0,0,3,0,0,0,2,4.357036697434506,-1,-999,0,0,0,0,0,0,0,1
13,49,0,1,0,0,0,1,0,0,4.358556585320527,-1,-999,0,0,0,0,0,0,0,1
18,46,0,0,0,2,0,0,0,11,4.0892303960047185,-1,-999,0,0,0,0,0,0,0,0
24,1,0,0,0,1,0,0,0,0,3.902518266288633,-1,-999,0,0,0,26,0,0,1,0
14,43,0,0,0,0,0,0,0,2,4.464364454101657,-1,-999,0,0,0,0,0,0,0,1
22,17,0,1,0,1,0,0,0,0,4.067901554211101,-1,-999,0,0,0,0,0,0,0,1
27,47,0,0,0,1,0,0,0,21,4.724195417197981,-1,-999,0,0,0,0,0,0,0,1
35,1,0,1,0,3,0,0,2,6,4.4422750844972185,-1,-999,0,0,0,0,0,0,0,1
35,12,0,0,0,2,0,0,1,0,4.330915395146163,-1,-999,0,0,0,0,0,0,0,1
15,81,0,0,0,0,0,0,0,17,4.574131694100553,-1,-999,0,0,0,0,0,0,0,1
14,56,0,1,0,1,0,0,0,0,4.124564559323988,-1,-999,0,2,3,12,0,0,0,0
22,1,0,0,0,1,0,0,0,0,4.056564762130955,-1,-999,0,2,0,7,0,0,0,0
20,49,0,0,0,1,0,0,1,1,4.7003011982906,-1,-999,0,0,0,1,0,0,0,0
25,1,0,0,0,1,0,0,0,4,4.18788919491935,-1,-999,0,0,0,1,0,0,0,1
14,22,0,0,1,0,0,0,0,11,4.2374411389168944,-1,-999,0,0,0,0,0,0,0,1
50,68,0,1,0,3,2,0,1,19,4.77859367127025,-1,-999,0,0,0,0,0,0,0,1
22,1,0,0,0,1,0,0,0,0,3.872905595320056,-1,-999,0,0,0,25,0,0,0,0
9,1,0,1,0,0,0,0,0,0,3.683542362433231,-1,-999,0,20,1,13,0,0,0,0
25,64,0,1,0,1,0,0,0,0,4.295221416056418,-1,-999,1,18,1,21,0,0,0,0
25,0,0,0,0,1,0,0,0,0,3.9917292966721747,-1,-999,0,1,1,11,0,0,0,0
23,50,0,0,0,1,0,0,0,2,4.381723446049345,-1,-999,0,1,0,31,0,0,1,0
14,16,0,0,0,0,0,0,0,0,4.121219243831912,-1,-999,0,4,1,30,0,0,0,0
21,1,0,1,0,1,0,0,0,0,3.948394345536403,-1,-999,0,13,1,123,0,0,0,0
10,0,0,0,0,0,0,0,0,0,3.499227547132693,-1,-999,0,0,0,0,0,0,0,0
42,26,0,0,0,3,1,1,2,3,4.493418984916933,-1,-999,0,0,0,0,0,0,0,1
20,87,0,0,0,1,1,0,0,0,4.192216715020466,-1,-999,0,0,0,1,1,0,0,0
21,0,0,0,0,1,0,0,0,1,3.8962915290459277,-1,-999,0,2,0,4,1,0,0,1
15,11,0,1,0,1,0,0,0,0,4.043057694064253,-1,-999,0,0,0,0,0,0,0,1
32,95,0,1,0,1,2,0,1,13,5.029487382372105,-1,-999,0,0,0,0,0,0,0,1
11,36,0,0,0,0,1,0,0,2,4.078549541836059,-1,-999,0,0,0,0,0,0,0,1
14,25,0,0,0,1,2,0,0,0,4.094244435147134,-1,-999,0,0,0,3,0,0,0,1
16,11,0,1,0,1,0,0,0,0,4.0860486123130375,-1,-999,0,9,0,9,0,0,0,0
11,16,0,1,0,1,0,0,0,0,4.036006945330955,-1,-999,0,0,1,14,0,0,0,0
19,42,0,1,0,1,0,0,0,2,4.314834335142547,-1,-999,0,2,7,106,0,0,0,0
17,1,0,1,0,1,0,0,0,0,3.873140679513133,-1,-999,0,0,0,0,0,0,0,0
16,28,0,1,0,1,0,0,0,0,4.214204862080625,-1,-999,0,4,0,5,0,0,0,0
16,21,0,0,0,0,0,0,0,0,4.1806892889443334,-1,-999,0,0,0,0,0,0,0,0
38,1,0,0,0,3,0,0,2,6,4.412270315214323,-1,-999,0,0,0,0,0,0,0,1
15,38,0,0,0,0,0,0,0,0,4.207751647240616,-1,-999,0,0,0,0,0,0,0,1
15,1,0,1,0,1,0,0,0,0,3.7406015629507228,-1,-999,0,0,0,6,0,0,0,0
18,24,0,0,0,1,0,0,0,0,3.763096457315197,-1,-999,0,0,0,0,0,0,0,1
14,80,0,1,0,0,0,1,0,1,4.477296709907703,-1,-999,0,0,0,0,0,0,0,1
48,85,0,1,0,1,1,0,0,47,5.192857343688871,-1,-999,0,0,0,0,0,0,0,1
21,46,0,0,0,0,0,0,0,0,4.280815030017583,-1,-999,0,0,0,0,0,0,0,1
17,165,0,0,0,0,0,0,0,76,4.518843379471478,-1,-999,0,0,0,0,0,0,0,1
12,55,0,0,0,0,0,0,0,0,4.292837825640726,-1,-999,0,0,0,0,0,0,0,1
14,50,0,1,0,0,0,1,0,13,4.849434539264068,-1,-999,0,0,0,0,0,0,0,1
30,23,0,0,0,1,0,0,0,6,4.316191689004784,-1,-999,0,0,0,7,0,0,0,1
18,1,0,0,0,1,1,0,1,0,3.95006375643621,-1,-999,0,0,0,0,0,0,0,1
12,195,0,0,1,0,1,0,0,42,5.0894077220231155,-1,-999,0,0,0,0,0,0,0,1
17,171,0,0,0,1,3,0,0,54,5.33001549408842,-1,-999,0,0,0,0,0,0,0,1
15,57,0,0,0,1,0,0,0,0,4.154896261718885,-1,-999,0,0,0,0,0,0,0,1
22,39,0,1,0,1,0,0,0,8,4.647509964742304,-1,-999,0,12,0,21,0,0,0,1
42,69,0,1,0,3,2,0,0,17,4.7573453634398355,-1,-999,0,0,0,0,0,0,0,1
31,0,0,0,0,1,0,0,0,0,4.083067973799102,-1,-999,0,0,0,1,0,0,0,1
17,89,0,0,0,1,0,0,0,0,4.391032862708242,-1,-999,0,5,0,8,0,0,0,0
18,1,0,1,0,1,0,0,0,0,3.6898916687500067,-1,-999,1,22,0,22,0,0,0,0
24,1,0,1,0,1,0,0,0,0,3.8013774524295485,-1,-999,0,0,0,0,0,0,0,0
16,12,0,0,0,1,0,0,0,3,4.171860873964197,-1,-999,0,0,0,0,0,0,0,1
13,22,0,1,0,1,0,0,0,0,3.896626673055183,-1,-999,0,0,0,0,0,0,0,1
24,25,0,0,0,1,0,0,0,0,4.3336169753972325,-1,-999,0,1,0,18,0,0,0,0
26,1,0,1,0,1,0,0,0,0,4.164299088064471,-1,-999,0,1,0,7,0,0,0,0
14,101,0,0,0,0,0,0,0,0,4.829948957451987,-1,-999,0,3,0,17,0,0,0,1
24,22,0,1,0,1,0,0,1,5,4.100105160750668,-1,-999,0,0,0,0,0,0,0,1
19,14,0,0,0,1,0,0,0,0,4.158694969562842,-1,-999,0,0,0,0,0,0,0,0
20,34,0,0,0,1,0,0,0,0,4.477799788659761,-1,-999,0,0,0,0,0,0,0,0
20,1,0,0,0,1,0,0,0,0,3.699513850319966,-1,-999,0,1,0,3,0,0,0,0
19,40,0,0,0,1,0,0,0,0,4.3929741426964695,-1,-999,0,0,0,0,0,0,0,0
33,1,0,0,0,1,0,0,0,0,3.9739164935644116,-1,-999,0,2,1,32,0,0,0,0
14,90,0,0,0,0,1,1,0,0,4.528892454241356,-1,-999,0,0,0,1,1,0,0,1
49,13,0,1,0,3,0,0,2,17,4.580989582550627,-1,-999,0,0,0,0,0,0,0,1
11,8,0,0,0,0,0,0,0,0,3.5944825065194204,-1,-999,0,0,0,6,0,0,1,1
8,1,0,1,0,0,0,0,0,0,3.41041725276052,-1,-999,0,4,0,30,0,0,0,0
23,1,0,0,0,1,0,0,1,2,4.195816471537619,-1,-999,0,0,0,0,0,0,0,1
14,31,0,1,0,1,1,0,0,0,4.2158645019704135,-1,-999,1,40,1,76,0,0,0,0
18,21,0,0,0,1,0,0,0,0,4.468576629687865,-1,-999,0,0,0,6,0,0,0,0
40,22,0,0,0,2,1,0,1,0,4.533956298602891,-1,-999,0,0,0,0,0,0,0,1
27,12,0,0,0,1,0,0,1,4,4.42292738033765,-1,-999,0,0,0,0,0,0,0,1
75,28,0,0,0,11,0,0,0,28,4.409306278510222,-1,-999,0,0,0,0,0,0,1,1
22,38,0,0,0,1,0,0,0,0,4.351016572240092,-1,-999,0,10,2,21,0,0,0,0
10,1,0,0,0,0,0,0,0,0,3.3082708345352603,-1,-999,0,0,0,0,0,0,0,1
50,47,0,0,0,1,0,0,5,22,4.918669152656362,-1,-999,0,0,0,0,0,0,0,1
21,42,0,0,0,1,0,0,0,0,4.255361189415323,-1,-999,0,3,0,15,0,0,0,1
23,71,0,0,0,1,0,0,0,1,4.324620698803325,-1,-999,0,0,0,0,0,0,0,0
10,79,0,0,0,0,1,0,1,34,4.9620981881601365,-1,-999,0,0,0,0,0,0,0,1
23,1,0,1,0,1,0,0,0,3,3.952819531114783,-1,-999,0,0,0,0,0,0,0,1
16,1,0,1,0,1,0,0,0,0,3.7532696895151085,-1,-999,0,6,0,26,0,0,0,0
27,51,0,0,0,0,1,0,0,0,4.752423996235875,-1,-999,0,0,0,0,0,0,0,1
32,0,0,0,0,1,0,0,0,1,4.057855988582063,-1,-999,0,0,0,1,0,0,0,1
23,1,0,0,0,1,0,0,0,0,3.8456631498513825,-1,-999,0,146,0,86,0,0,0,0
17,23,0,1,0,1,0,0,0,0,4.040400719733289,-1,-999,0,0,0,0,0,0,0,1
25,11,0,0,0,1,1,0,0,0,4.126862359796814,-1,-999,0,0,0,1,1,0,0,0
19,30,0,0,0,1,0,0,0,0,4.3165702174975324,-1,-999,0,0,0,1,0,0,0,1
50,67,0,0,0,3,2,0,1,17,4.649701762159046,-1,-999,0,0,0,0,0,0,0,1
16,30,0,0,0,1,0,0,0,0,4.230107662388592,-1,-999,0,2,0,6,0,0,0,0
37,57,0,0,0,1,1,0,0,19,4.687661203122841,-1,-999,0,0,0,0,0,0,0,1
13,29,0,0,1,0,0,0,0,10,4.142486058657706,-1,-999,0,0,0,0,0,0,0,1
42,19,0,0,0,3,0,0,2,4,4.3321945113048805,-1,-999,0,0,0,0,0,0,0,1
16,29,0,1,0,1,0,0,0,4,4.817309900624752,-1,-999,0,0,0,1,1,0,0,1
14,51,0,1,0,1,0,0,0,11,4.6882584327872125,-1,-999,0,2,0,15,0,0,0,0
23,128,0,0,0,1,1,0,0,35,5.049817220787065,-1,-999,0,0,0,0,0,0,0,1
42,19,0,0,0,3,2,0,0,10,4.421898415277084,-1,-999,0,0,0,0,0,0,0,1
21,32,0,0,0,2,0,0,0,3,4.690328621280336,-1,-999,0,0,0,0,0,0,0,0
14,1,0,0,0,1,0,0,0,1,3.6635327548042547,-1,-999,0,0,0,3,0,0,0,0
19,100,0,0,0,1,0,0,0,11,4.873130202633653,-1,-999,0,21,1,70,0,0,0,0
42,68,0,0,0,3,2,0,0,16,4.600875576071825,-1,-999,0,0,0,0,0,0,0,1
22,77,0,0,0,0,0,0,0,19,4.788392131558313,-1,-999,0,0,0,0,0,0,0,1
24,1,0,0,0,1,0,0,1,0,4.007048827786958,-1,-999,0,0,0,1,0,0,0,1
18,21,0,1,0,2,0,0,0,0,4.205101150289965,-1,-999,0,4,0,5,0,0,0,0
18,20,0,0,0,1,0,0,0,0,3.9396648422860236,-1,-999,0,0,0,32,0,0,0,0
21,86,0,0,0,1,0,1,0,0,4.449522121022492,-1,-999,0,0,0,0,0,0,0,1
29,199,0,1,0,1,1,0,1,13,5.515812769859284,-1,-999,0,0,0,0,0,0,0,1
24,1,0,0,0,1,0,0,0,0,3.667837797403416,-1,-999,0,2,8,9,0,0,0,0
16,40,0,1,0,1,0,0,0,7,4.561889062229566,-1,-999,0,1,2,4,0,0,0,0
40,18,0,0,0,3,1,0,2,3,4.285539305496438,-1,-999,0,0,0,0,0,0,0,1
20,9,0,0,0,1,0,0,0,0,4.0067499186387785,-1,-999,0,0,0,0,0,0,0,0
40,21,0,0,0,2,1,0,0,2,4.284472268689637,-1,-999,0,0,0,0,0,0,0,1
13,3,0,0,0,1,0,0,0,0,3.7622673906514943,-1,-999,0,0,0,0,0,0,0,1
19,30,0,0,0,1,0,0,0,0,4.463782996317238,-1,-999,0,3,0,15,0,0,0,0
15,0,0,0,0,0,0,0,0,0,3.8230679822736615,-1,-999,0,0,1,40,0,0,0,0
16,11,0,1,0,1,0,0,0,0,4.090296503327815,-1,-999,0,4,0,5,0,0,0,0
29,42,0,0,0,0,0,0,0,2,4.364806547415783,-1,-999,0,2,0,48,0,0,0,1
14,56,0,0,0,0,1,0,0,6,4.515253794712847,-1,-999,0,0,0,0,0,0,0,1
35,23,0,0,0,1,0,0,0,0,4.129513006264495,-1,-999,0,1,2,22,0,0,0,0
14,46,0,0,0,0,0,0,0,0,3.8649828570636737,-1,-999,0,0,0,0,0,0,0,1
7,32,0,1,0,0,0,0,0,3,4.6797076712784085,-1,-999,0,5,0,34,0,0,0,1
14,1,0,0,1,0,0,0,0,11,3.4130884364257574,-1,-999,0,0,0,0,0,0,0,1
18,42,0,0,0,1,1,1,0,0,4.402119327513167,-1,-999,0,0,0,0,0,0,0,1
15,35,0,0,1,0,1,0,0,12,4.411947585047357,-1,-999,0,0,0,0,0,0,0,1
18,208,0,1,0,1,0,0,0,11,4.596392336215825,-1,-999,0,0,0,0,0,0,0,1
16,87,0,1,0,1,0,0,0,0,4.292327855574402,-1,-999,0,3,2,32,0,0,0,0
11,1,0,0,0,1,0,0,0,3,3.576617644908666,-1,-999,0,0,0,0,0,0,0,1
19,35,0,1,0,1,0,0,0,1,4.294359771345189,-1,-999,0,0,0,6,0,0,0,0
27,83,0,0,0,0,2,0,0,0,4.280025642585551,-1,-999,0,0,0,0,0,0,0,1
21,1,0,0,0,1,0,0,0,0,3.9262723741395074,-1,-999,0,0,0,6,0,0,0,1
42,19,0,0,0,3,2,0,0,11,4.427638996535366,-1,-999,0,0,0,0,0,0,0,1
21,1,0,1,0,1,0,0,1,7,4.323231428797621,-1,-999,0,0,0,0,0,0,0,1
11,94,0,0,0,0,0,0,0,28,5.30723645359024,-1,-999,0,0,0,1,0,0,0,1
26,44,0,1,0,1,0,0,0,8,4.67112782144898,-1,-999,0,0,1,1,0,0,0,1
21,18,0,0,0,1,0,0,0,2,4.482816239080335,-1,-999,0,0,0,0,0,0,0,0
16,100,0,0,0,0,0,0,0,35,5.123312274199408,-1,-999,0,0,0,0,0,0,0,1
14,31,0,0,0,1,0,0,0,4,4.574723936095959,-1,-999,0,3,2,30,0,0,0,0
25,98,0,1,0,1,0,0,1,7,5.42948917411774,-1,-999,0,5,0,34,0,0,0,1
17,47,0,0,0,1,2,0,0,3,4.6422039865517615,-1,-999,0,0,0,0,0,0,0,1
22,1,0,1,0,1,0,0,1,0,3.993730584231477,-1,-999,0,2,1,63,0,0,0,0
15,1,0,1,0,1,0,0,0,0,3.573934896284056,-1,-999,1,3,0,29,0,0,0,0
16,22,0,0,0,1,0,0,1,0,4.174426151548691,-1,-999,0,6,0,40,0,0,0,0
23,66,0,1,0,1,1,1,0,0,4.322085070889686,-1,-999,0,0,0,0,0,0,0,1
16,41,0,0,0,1,1,0,0,0,4.389566369049407,-1,-999,0,31,0,34,0,0,0,0
12,1,0,0,0,1,0,0,0,0,3.6464393446710157,-1,-999,0,1,0,6,0,0,0,0
11,25,0,1,0,0,0,0,0,0,4.243300368538958,-1,-999,0,0,0,3,0,0,0,0
14,18,0,0,0,1,0,0,0,0,4.006573937300012,-1,-999,0,0,0,125,0,0,0,1
10,95,0,0,0,0,0,0,0,0,4.355431679978174,-1,-999,0,0,0,23,0,0,0,0
14,43,0,0,0,0,0,0,0,10,4.572123781480403,-1,-999,0,4,1,36,0,0,0,0
14,1,0,1,0,0,0,0,1,0,3.8492239123906247,-1,-999,0,4,0,21,0,0,0,0
19,29,0,0,0,0,1,0,0,0,4.142939096461847,-1,-999,0,0,0,0,0,0,0,1
22,10,0,0,0,1,0,0,0,0,4.160420091146166,-1,-999,0,0,0,0,0,0,0,1
34,21,0,0,0,1,0,0,0,10,4.712362141682182,-1,-999,0,0,0,0,0,0,0,1
20,70,0,0,0,1,0,1,0,7,5.102924355151727,-1,-999,0,0,0,0,0,0,0,1
26,44,0,0,0,1,0,0,0,22,4.743614949589132,-1,-999,0,0,0,21,0,0,0,1
27,47,0,0,0,0,0,0,2,4,4.583617368458317,-1,-999,0,3,0,2,0,0,0,0
11,18,0,0,0,1,0,0,0,2,4.287301737252942,-1,-999,0,1,1,7,0,0,0,0
14,56,0,0,0,0,0,0,0,15,4.7258029817886005,-1,-999,0,0,0,1,0,0,0,1
12,198,0,0,1,0,1,0,0,36,4.9958168442217525,-1,-999,0,0,0,0,0,0,0,1
21,16,0,0,0,0,0,0,0,0,4.036040925839782,-1,-999,0,0,0,0,0,0,0,1
25,1,0,0,0,1,0,0,0,0,3.945464952495108,-1,-999,0,0,0,4,0,0,0,0
15,3,0,0,0,0,0,0,0,0,3.9736606896881863,-1,-999,0,0,0,0,0,0,0,1
43,38,0,0,0,0,0,0,0,0,4.345168977179215,-1,-999,0,0,0,0,0,0,0,1
13,9,0,0,0,1,0,0,0,1,3.995237891380887,-1,-999,0,0,0,1,0,0,0,1
25,17,0,0,0,1,0,0,0,4,4.346567691310767,-1,-999,0,3,1,17,0,0,0,0
13,1,0,1,0,1,0,0,0,0,3.629219686524097,-1,-999,0,0,0,0,0,0,0,0
61,57,0,1,0,1,1,0,4,44,4.884035821983281,-1,-999,0,0,0,0,0,0,0,1
17,45,0,1,0,1,0,0,0,0,4.131218961759712,-1,-999,0,0,1,3,0,0,0,0
12,98,0,0,0,1,0,0,0,0,4.335807895088228,-1,-999,0,0,0,0,0,0,0,0
27,0,0,0,0,1,0,0,0,1,4.1162996057016965,-1,-999,0,2,0,4,1,0,0,1
15,29,0,1,0,1,0,0,0,2,4.645202002011234,-1,-999,0,0,0,0,0,0,0,1
15,0,0,1,0,1,0,0,0,0,3.729446194905256,-1,-999,0,1,1,12,0,0,0,0
25,13,0,0,0,1,1,0,0,0,4.157650873722837,-1,-999,0,0,0,1,1,0,0,0
13,30,0,0,0,1,0,0,0,1,4.155783629896564,-1,-999,1,17,0,12,0,0,0,0
21,41,0,1,0,1,0,0,0,5,4.431168424936136,-1,-999,1,4,1,16,0,0,1,0
13,1,0,1,0,0,0,0,0,0,3.7887549139935035,-1,-999,0,2,0,13,0,0,0,0
22,35,0,0,0,1,0,0,0,0,3.845506696105124,-1,-999,0,0,0,0,0,0,0,1
20,52,0,0,0,0,0,0,0,6,4.472828812555657,-1,-999,0,0,0,0,0,0,0,1
16,107,0,1,0,1,0,0,0,8,5.379335740728437,-1,-999,0,0,0,13,0,0,0,1
18,41,0,0,0,1,0,0,0,5,4.36946476414657,-1,-999,0,2,0,24,0,0,0,0
14,22,0,1,0,1,0,0,0,0,4.170134892428194,-1,-999,0,0,0,8,0,0,0,0
50,69,0,1,0,3,2,0,1,16,4.801681379898587,-1,-999,0,0,0,0,0,0,0,1
15,91,0,0,0,0,0,0,0,9,4.515667269433311,-1,-999,0,0,0,0,0,0,0,0
21,13,0,0,0,1,0,0,0,0,3.945983639229615,-1,-999,0,0,0,0,0,0,0,1
16,62,0,0,0,0,0,0,0,0,4.330000638640411,-1,-999,0,7,0,29,0,0,0,0
22,1,0,0,0,1,0,0,0,4,3.802910079649727,-1,-999,0,0,0,0,0,0,0,1
15,30,0,0,0,1,0,0,0,5,4.335175901608574,-1,-999,0,0,0,0,0,0,0,0
11,16,0,0,0,1,0,0,0,0,3.9002708419385668,-1,-999,0,0,0,0,0,0,0,0
18,30,0,0,0,1,0,0,0,0,4.251560341026158,-1,-999,0,0,0,0,0,0,0,0
23,0,0,0,0,0,0,0,1,0,4.0402239289418524,-1,-999,0,0,0,10,0,0,0,0
16,102,0,0,0,0,0,0,0,7,4.439455042025706,-1,-999,0,2,0,20,0,0,0,0
16,14,0,1,0,1,0,0,0,0,4.155565013329719,-1,-999,0,4,0,5,0,0,0,0
37,31,0,0,0,2,0,0,0,0,4.274880857909424,-1,-999,0,0,0,0,0,0,0,1
31,36,0,0,0,1,1,0,0,0,4.22723305574514,-1,-999,0,0,0,0,0,0,0,1
48,31,0,0,0,1,0,0,0,9,4.547417081636497,-1,-999,0,0,0,0,0,0,0,1
25,5,0,0,0,0,0,0,0,0,3.9590570816697497,-1,-999,0,0,0,0,0,0,0,1
15,52,0,1,0,1,0,0,0,0,4.241305641219818,-1,-999,0,8,0,14,0,0,0,0
16,58,0,0,0,2,0,0,0,0,4.458126047021519,-1,-999,0,0,0,0,0,0,0,0
32,1,0,0,0,1,1,0,0,1,4.165311532225102,-1,-999,0,0,1,1,0,0,0,1
34,1,0,0,0,1,1,0,0,0,4.15091348260215,-1,-999,0,0,0,1,0,0,0,0
24,1,0,0,0,2,0,0,1,0,4.045958593344349,-1,-999,0,0,0,0,0,0,0,1
13,4,0,0,0,0,0,0,0,0,3.688721875540867,-1,-999,0,0,0,0,0,0,0,1
16,27,0,0,0,0,1,0,0,3,3.9451422503837748,-1,-999,0,3,1,17,0,0,0,1
22,166,0,0,0,0,0,0,0,18,5.100408197909048,-1,-999,0,0,0,0,0,0,0,1
20,20,0,1,0,1,0,0,0,0,4.157268229617389,-1,-999,0,4,0,5,0,0,0,0
50,66,0,1,0,3,2,0,1,24,4.816086531162493,-1,-999,0,0,0,0,0,0,0,1
14,20,0,1,0,0,0,0,0,0,4.15091348260215,-1,-999,0,7,0,194,0,0,1,0
21,1,0,1,0,1,0,0,0,0,3.831401845392172,-1,-999,0,0,0,3,0,0,0,0
17,10,0,1,0,1,0,0,0,0,4.014438730983428,-1,-999,0,0,0,87,0,0,0,0
16,4,0,1,0,1,0,0,0,1,4.0836169753972325,-1,-999,0,0,0,1,0,0,0,0
18,35,0,0,0,0,1,0,0,0,4.255330863445171,-1,-999,0,0,0,0,0,0,0,1
11,60,0,0,0,0,0,0,0,6,4.757717893905994,-1,-999,0,0,0,0,0,0,0,1
12,1,0,1,0,1,0,0,0,0,3.5225715891363603,-1,-999,0,21,9,50,0,0,0,0
42,69,0,0,0,3,2,0,0,20,4.802552001487789,-1,-999,0,0,0,0,0,0,0,1
18,1,0,1,0,1,0,0,0,0,3.9302703722934536,-1,-999,0,0,0,9,0,0,0,0
41,1,0,0,0,1,0,0,2,2,4.19667018176084,-1,-999,0,0,0,0,0,0,0,1
31,1,0,1,0,1,0,0,0,0,4.0653115322251026,-1,-999,0,6,1,64,0,0,0,0
48,85,0,1,0,1,1,0,0,45,5.209398748195394,-1,-999,0,0,0,0,0,0,0,1
31,38,0,1,0,1,1,0,3,9,4.777887801550821,-1,-999,0,0,0,0,0,0,0,1
38,0,0,0,0,1,0,0,0,1,4.197656852829064,-1,-999,0,2,0,4,1,0,0,1
15,16,0,0,0,1,1,0,0,0,4.053609671726371,-1,-999,0,1,0,18,0,0,0,0
24,1,0,0,0,1,0,0,0,0,4.030639062229566,-1,-999,0,0,0,0,0,0,0,1
15,13,0,0,0,0,0,0,0,0,3.9188679318992445,-1,-999,0,2,0,15,0,0,0,1
19,8,0,0,0,1,0,0,0,0,3.814397767275508,-1,-999,0,0,0,0,0,0,0,1
35,341,0,1,0,1,0,1,2,60,5.92767048639468,-1,-999,0,0,0,0,0,0,0,1
11,1,0,1,0,1,0,0,0,0,3.5464393446710156,-1,-999,0,0,1,15,0,0,0,0
25,0,0,0,0,1,0,0,0,0,4.140319531114783,-1,-999,0,0,0,0,0,0,0,0
35,28,0,0,0,1,1,0,1,6,4.516882710650421,-1,-999,0,0,0,0,0,0,0,1
20,16,0,1,0,1,0,0,0,0,4.086559528715327,-1,-999,0,4,0,5,0,0,0,0
16,38,0,1,0,1,1,0,0,0,4.214446570661588,-1,-999,0,11,2,10,0,0,0,0
11,1,0,1,0,0,0,0,0,0,3.484183719779189,-1,-999,0,12,0,4,0,0,0,0
20,47,0,0,0,1,0,0,0,6,4.638129974077122,-1,-999,0,4,0,13,0,0,0,0
13,44,0,0,0,1,0,0,0,22,4.46187119214479,-1,-999,0,0,0,0,0,0,0,1
38,32,0,1,0,1,0,0,1,7,4.5998365222288555,-1,-999,0,0,0,0,0,0,0,1
38,21,0,0,0,3,0,0,2,6,4.488284658688186,-1,-999,0,0,0,0,0,0,0,1
17,11,0,1,0,1,0,0,0,0,3.496624141510993,-1,-999,0,4,4,26,0,0,0,0
15,30,0,0,0,0,1,0,0,0,4.23672560394004,-1,-999,0,0,0,0,0,0,0,1
18,44,0,0,0,1,0,0,0,4,4.331057747878253,-1,-999,0,0,0,1,1,0,0,0
23,94,0,1,0,1,0,0,1,10,5.205260928284163,-1,-999,0,0,0,0,0,0,0,1
14,57,0,1,0,1,1,0,0,0,4.9843018752970085,-1,-999,0,0,0,16,0,0,0,0
13,1,0,1,0,1,0,0,0,0,3.2998963911678914,-1,-999,0,3,1,34,0,0,1,0
23,0,0,0,0,1,0,0,0,1,3.961406329721843,-1,-999,0,2,0,4,1,0,0,1
19,1,0,1,0,0,0,0,0,3,3.7673757978160416,-1,-999,0,0,0,18,0,0,0,0
16,28,0,0,0,0,0,0,0,0,4.076659106966512,-1,-999,0,0,0,0,0,0,0,1
5,6,0,1,0,0,0,0,0,1,3.6421498816369047,-1,-999,0,4,0,3,0,0,0,1
22,21,0,0,0,1,0,0,1,0,4.5210768800263725,-1,-999,0,4,0,1,0,0,0,1
15,53,0,0,0,1,0,0,0,7,4.572924553625851,-1,-999,0,0,0,11,0,0,0,1
15,29,0,0,0,0,0,0,0,0,4.088229508256374,-1,-999,0,2,0,15,0,0,0,1
16,1,0,1,0,1,0,0,0,0,3.8332696895151086,-1,-999,0,11,1,12,0,0,0,0
34,1,0,0,0,1,0,0,2,5,4.243158791671846,-1,-999,0,0,0,0,0,0,0,1
10,67,0,1,0,0,0,0,0,1,4.0398883413592515,-1,-999,0,14,0,49,0,1,0,0
19,23,0,0,0,1,0,0,0,0,3.994626619926348,-1,-999,0,0,0,0,0,0,0,0
16,34,0,1,0,1,1,0,0,0,4.322487029162716,-1,-999,0,4,0,5,0,0,0,0
27,1,0,1,0,1,0,0,0,0,3.9675857649105266,-1,-999,0,2,1,26,0,0,0,0
15,25,0,0,0,1,0,0,0,0,4.235989522932167,-1,-999,0,0,0,22,0,0,0,1
16,35,0,0,0,1,0,0,1,0,4.268656693965778,-1,-999,0,6,2,40,0,0,0,0
15,36,0,0,0,1,0,0,0,2,4.178945167795604,-1,-999,0,0,0,0,0,0,0,0
26,1,0,0,0,1,0,0,0,0,4.1162996057016965,-1,-999,0,0,0,4,0,0,0,0
7,0,0,0,0,0,0,0,0,0,3.235926350629033,-1,-999,0,11,0,61,0,0,0,0
19,29,0,0,0,0,0,0,0,5,4.447103750156402,-1,-999,0,0,0,1,1,0,0,0
21,5,0,1,0,1,0,0,0,0,3.9764499732851237,-1,-999,0,0,0,0,0,0,0,1
23,74,0,1,0,1,0,0,0,7,4.582629033464512,-1,-999,0,0,0,1,1,0,0,0
22,1,0,0,0,1,0,0,0,0,3.939572261986723,-1,-999,0,0,0,0,0,0,0,0
28,18,0,1,0,1,0,0,3,0,4.295739585136224,-1,-999,0,0,0,12,0,0,1,0
38,1,0,0,0,1,0,0,3,1,4.42292738033765,-1,-999,0,0,0,0,0,0,0,1
27,26,0,0,0,1,1,0,0,0,4.287582004007327,-1,-999,0,0,0,0,0,0,0,1
29,35,0,0,0,2,1,0,0,3,4.30944831182725,-1,-999,0,0,0,0,0,0,0,1
23,35,0,1,0,1,0,0,1,2,4.362037112696978,-1,-999,0,6,2,22,0,0,0,0
16,1,0,0,0,1,0,0,0,0,3.542481250360578,-1,-999,0,1,0,11,0,0,0,0
24,1,0,0,0,2,0,0,1,4,3.9445488277869583,-1,-999,0,0,0,0,0,0,0,1
30,19,0,0,0,1,0,0,1,0,4.246924958035208,-1,-999,0,0,0,0,0,0,0,1
32,0,0,0,0,1,0,0,0,0,4.005501014736771,-1,-999,0,2,0,9,0,0,0,0
43,38,0,0,0,0,0,0,0,0,4.215591313782438,-1,-999,0,0,0,0,0,0,0,1
25,1,0,1,0,1,0,0,0,0,4.1162996057016965,-1,-999,0,12,0,72,0,0,0,0
17,1,0,1,0,1,0,0,0,0,3.8441065448145384,-1,-999,0,0,0,0,0,0,0,0
15,38,0,0,0,1,0,0,0,0,4.073720914241175,-1,-999,0,9,0,13,0,0,0,0
15,19,0,0,0,0,0,0,0,0,4.013176017331163,-1,-999,0,0,0,0,0,0,0,1
19,57,0,0,0,1,0,0,0,0,4.204219365024933,-1,-999,0,0,0,13,0,0,0,0
19,17,0,0,0,1,0,0,0,0,4.123029870578661,-1,-999,0,0,0,8,0,0,0,0
13,80,0,0,0,1,0,0,0,9,4.629695161302113,-1,-999,0,0,0,0,0,0,0,0
23,47,0,0,0,0,0,0,0,19,4.583372138840595,-1,-999,0,0,0,0,0,0,0,1
19,40,0,0,0,1,0,0,0,0,4.194195120290958,-1,-999,0,0,1,24,0,0,0,0
12,19,0,0,0,0,0,0,0,0,4.233618885307021,-1,-999,0,0,0,0,0,0,0,1
54,69,0,0,0,4,2,0,1,23,4.841058877717117,-1,-999,0,0,0,0,0,0,0,1
25,1,0,1,0,1,0,0,0,0,3.9513101799829666,-1,-999,0,0,0,0,0,0,0,0
15,1,0,1,0,1,0,0,0,0,3.542481250360578,-1,-999,0,0,0,58,0,0,0,0
22,11,0,0,0,2,0,0,0,0,4.0841837197791895,-1,-999,0,0,0,0,0,0,0,1
26,1,0,0,0,1,0,0,0,0,4.0796786498829745,-1,-999,1,16,0,69,0,0,0,0
16,0,0,0,0,1,0,0,0,0,3.675310868912364,-1,-999,0,0,0,11,0,0,0,0
18,37,0,1,0,1,0,0,0,8,4.455211424897842,-1,-999,0,2,1,39,0,0,1,0
15,30,0,0,0,0,0,0,0,0,4.226801439620117,-1,-999,0,22,0,31,0,0,0,0
13,1,0,0,0,1,0,0,0,0,3.427333493898265,-1,-999,0,0,1,17,0,0,1,0
18,35,0,0,0,1,0,0,0,0,4.385487053689448,-1,-999,0,4,0,7,0,0,0,0
15,23,0,1,0,0,0,0,0,0,4.174885868724236,-1,-999,0,0,0,0,0,0,0,0
17,1,0,0,0,1,0,0,0,0,3.7034651896016473,-1,-999,0,0,0,0,0,0,0,0
18,13,0,0,0,1,0,0,0,0,4.1287347499440905,-1,-999,0,1,0,46,0,0,0,0
11,28,0,0,0,0,2,0,0,0,4.030713380773163,-1,-999,0,0,0,0,0,0,0,1
25,1,0,0,0,1,0,0,0,0,3.861983513035609,-1,-999,0,0,0,0,0,0,0,0
17,82,0,0,0,0,0,1,0,0,4.544990356877415,-1,-999,0,0,0,0,0,0,0,1
39,11,0,0,0,3,0,0,0,20,4.460278944734434,-1,-999,0,0,0,0,0,0,0,1
17,16,0,0,0,1,0,0,0,0,4.2250705203641825,-1,-999,0,1,1,19,0,0,0,0
37,26,0,0,0,1,2,0,1,0,4.436744989587038,-1,-999,0,0,0,0,0,0,0,1
14,291,0,1,0,1,2,0,0,10,4.757959712590971,-1,-999,1,6,0,8,0,0,0,1
25,179,0,1,0,1,0,0,0,69,4.201300882659278,-1,-999,0,0,0,0,0,0,0,1
16,18,0,0,0,1,0,0,0,0,4.113172736114331,-1,-999,0,2,0,6,0,0,0,0
23,1,0,1,0,1,0,0,0,0,4.054229296672175,-1,-999,0,0,0,4,0,0,0,0
19,1,0,1,0,1,0,0,1,0,4.039148671903071,-1,-999,0,0,3,61,0,0,1,0
25,1,0,1,0,1,0,0,0,0,3.9368917977572884,-1,-999,0,2,0,51,0,0,0,0
10,35,0,0,0,0,0,1,0,0,4.486893331717589,-1,-999,0,0,0,0,0,0,0,1
16,33,0,1,0,1,0,0,0,0,4.236508988556128,-1,-999,0,4,0,5,0,0,0,0
45,1,0,0,0,4,0,0,2,5,4.39340996488017,-1,-999,0,0,0,0,0,0,0,1
29,34,0,0,0,0,1,0,0,0,4.216234402684467,-1,-999,0,0,0,0,0,0,0,1
39,29,0,0,0,2,1,0,1,6,4.575652864904122,-1,-999,0,0,0,0,0,0,0,1
15,18,0,0,0,1,0,0,0,0,4.0653115322251026,-1,-999,0,0,0,0,0,0,0,1
33,1,0,0,0,1,0,0,0,0,4.043544614839371,-1,-999,0,0,0,9,0,0,0,0
13,22,0,0,0,1,1,0,0,0,3.912818244506912,-1,-999,0,0,0,0,0,0,0,1
21,1,0,0,0,1,0,0,0,6,4.142295219190901,-1,-999,0,0,0,0,0,0,0,1
31,0,0,0,0,1,0,0,0,0,3.9847696187067436,-1,-999,0,2,0,4,1,0,0,1
15,5,0,0,0,1,0,0,0,0,3.8841550945958043,-1,-999,0,4,0,4,0,0,0,0
18,69,0,1,0,1,0,0,0,10,5.100988704837011,-1,-999,0,0,0,0,0,0,0,1
12,16,0,0,1,0,0,0,0,9,4.318867931899244,-1,-999,0,0,0,0,0,0,0,1
47,12,0,0,0,3,0,0,0,0,4.235301840324246,-1,-999,0,0,0,0,0,0,0,1
14,1,0,0,0,1,0,0,0,0,3.6635327548042547,-1,-999,0,0,0,0,0,0,0,0
13,1,0,0,0,1,0,0,0,0,3.594465636961452,-1,-999,0,0,0,2,0,0,0,0
15,4,0,1,0,1,0,0,0,0,3.4541684103574037,-1,-999,0,5,1,47,0,0,1,0
15,12,0,1,0,1,0,0,0,0,4.221441945207328,-1,-999,0,4,1,13,0,0,0,0
21,36,0,0,0,1,0,0,0,0,4.052418704467279,-1,-999,0,14,0,93,0,1,1,0
17,29,0,0,0,1,0,0,0,3,4.512413725685676,-1,-999,0,0,0,0,0,0,0,1
6,7,0,1,0,0,0,0,0,1,3.9754180179138334,-1,-999,0,0,0,2,0,0,0,1
17,1,0,1,0,1,0,0,0,0,3.7671834678914613,-1,-999,0,0,0,18,0,0,0,0
15,5,0,0,0,1,0,0,0,2,3.8100810205217304,-1,-999,0,0,0,0,0,0,0,1
17,1,0,0,0,1,0,0,0,0,3.6732696895151085,-1,-999,0,0,0,0,0,0,0,0
26,0,0,0,0,1,0,0,0,1,4.0895524525606675,-1,-999,0,2,0,4,1,0,0,1
50,69,0,1,0,3,2,0,1,18,4.810765670376748,-1,-999,0,0,0,0,0,0,0,1
22,21,0,0,0,1,1,0,0,0,3.919596201603433,-1,-999,0,0,0,0,0,0,0,1
12,1,0,1,0,0,0,0,1,0,3.6178096843744556,-1,-999,0,0,0,1,0,0,0,0
13,16,0,0,0,0,0,0,0,5,4.249941238143319,-1,-999,0,0,0,0,1,0,0,1
20,0,0,0,0,0,0,0,0,0,3.676390632579626,-1,-999,0,0,0,0,0,0,0,0
14,0,0,0,0,1,0,0,0,5,3.916126946588284,-1,-999,0,0,0,8,0,0,0,0
39,21,0,0,0,3,0,0,2,4,4.473503751588554,-1,-999,0,0,0,0,0,0,0,1
20,69,0,0,0,2,0,0,0,27,5.27612145393215,-1,-999,0,0,0,0,0,0,0,1
16,0,0,0,0,0,0,0,0,0,3.7622673906514943,-1,-999,0,0,0,0,0,0,0,0
17,17,0,1,0,1,0,0,0,0,4.008056339745007,-1,-999,0,2,0,33,0,0,0,0
10,34,0,0,0,1,0,0,0,0,4.07470096049377,-1,-999,0,0,0,0,0,0,0,0
20,17,0,0,0,1,1,0,0,0,3.9540036423298544,-1,-999,1,3,0,6,0,0,0,1
17,8,0,0,0,0,0,0,0,0,3.9917292966721747,-1,-999,0,0,0,1,0,0,0,1
22,0,0,1,0,1,0,0,0,2,3.948394345536403,-1,-999,0,0,0,4,1,0,0,1
14,22,0,0,0,1,0,0,0,6,4.295353348118594,-1,-999,0,3,0,10,0,0,1,0
8,30,0,0,0,0,0,0,0,0,4.225326019447653,-1,-999,0,0,0,1,0,0,0,1
22,15,0,0,0,1,0,0,0,0,4.083765141069551,-1,-999,0,1,1,21,0,0,0,0
23,47,0,0,0,0,0,0,0,22,4.774994054453107,-1,-999,0,0,0,0,0,0,0,1
18,1,0,1,0,1,0,0,0,0,3.9302703722934536,-1,-999,0,1,5,10,0,0,0,0
11,44,0,0,0,0,0,0,0,0,4.208408714297722,-1,-999,0,0,0,4,0,0,0,1
16,1,0,0,0,1,0,0,0,0,3.7720552088742005,-1,-999,0,0,0,0,0,0,0,0
14,46,0,0,0,1,0,0,0,18,4.524919325290886,-1,-999,0,0,0,0,0,0,0,1
11,100,0,0,0,0,0,0,0,19,5.179095155329586,-1,-999,0,0,0,1,0,0,0,1
29,0,0,0,0,1,0,0,0,0,3.850926572126645,-1,-999,0,0,0,8,0,0,0,0
11,10,0,1,0,1,0,0,0,0,3.8052456498523717,-1,-999,0,0,0,11,0,0,0,0
17,1,0,0,0,1,0,0,0,0,3.7532696895151085,-1,-999,0,0,0,33,0,0,0,0
27,1,0,1,0,1,0,0,0,0,4.197159723424149,-1,-999,0,4,0,24,0,0,0,0
29,1,0,1,0,1,0,0,0,0,4.415661470191763,-1,-999,0,0,0,5,0,0,0,0
23,41,0,1,0,1,0,0,1,0,4.322567627960445,-1,-999,0,0,0,9,0,0,0,0
11,80,0,0,0,0,0,0,0,12,5.466715012849719,-1,-999,0,0,0,0,0,0,0,1
50,69,0,1,0,3,2,0,1,26,4.855992899271435,-1,-999,0,0,0,0,0,0,0,1
20,55,0,1,0,1,0,1,0,7,4.853527173181363,-1,-999,0,0,0,0,0,0,0,1
18,6,0,0,0,1,0,0,0,0,3.937751955408587,-1,-999,0,0,0,0,0,0,0,0
32,99,0,1,0,1,0,0,1,4,5.227418469076572,-1,-999,0,5,0,34,0,0,0,1
17,0,0,0,0,1,0,0,0,0,3.834962500721156,-1,-999,0,0,0,0,0,0,0,1
11,1,0,1,0,1,0,0,0,0,3.5464393446710156,-1,-999,0,4,1,63,0,0,0,0
17,25,0,0,0,1,0,0,0,0,4.311152640422816,-1,-999,0,1,1,27,0,0,0,0
20,1,0,0,0,1,0,0,0,0,3.7803946541231945,-1,-999,0,0,0,7,0,0,0,0
14,1,0,0,0,1,0,0,0,2,3.629219686524097,-1,-999,0,0,0,0,0,0,0,0
18,9,0,1,0,1,0,0,0,0,3.9357276594930424,-1,-999,0,0,0,1,0,0,0,0
12,34,0,1,0,1,0,0,0,2,4.2148641788536505,-1,-999,0,1,1,41,0,0,0,0
26,30,0,0,0,0,0,0,0,3,4.340873829376093,-1,-999,0,0,0,0,0,0,0,1
14,54,0,0,1,0,2,0,0,11,4.570448071229946,-1,-999,0,0,0,0,0,0,0,1
19,29,0,1,0,1,0,0,0,6,4.432467092420265,-1,-999,0,0,0,1,0,0,0,0
10,54,0,1,0,0,0,0,0,0,4.1296353961957895,-1,-999,0,0,0,0,0,0,0,1
21,8,0,0,0,2,0,0,0,0,4.231746181697385,-1,-999,0,0,0,0,0,0,0,0
23,33,0,0,0,0,0,0,0,0,4.347580963768851,-1,-999,0,0,0,0,0,0,0,1
25,1,0,0,0,1,0,0,0,2,4.12728313431329,-1,-999,0,0,0,0,0,0,0,1
11,1,0,1,0,1,0,0,0,0,3.4464393446710155,-1,-999,1,9,0,110,0,0,0,0
24,1,0,1,0,1,0,0,0,0,4.043801694853791,-1,-999,0,7,1,47,0,0,0,0
9,0,0,0,0,1,0,0,0,0,3.077819531114783,-1,-999,0,0,0,0,0,0,0,0
17,18,0,0,0,1,0,0,0,0,3.9511430177077886,-1,-999,0,0,0,1,0,0,0,0
35,21,0,1,0,3,0,0,0,14,4.546973149067329,-1,-999,0,0,0,0,0,0,0,1
18,1,0,0,0,1,1,0,0,0,4.026986833359287,-1,-999,0,0,0,0,0,0,0,0
50,67,0,1,0,3,2,0,1,23,4.70606504209905,-1,-999,0,0,0,0,0,0,0,1
14,49,0,0,0,0,0,0,0,0,4.233522668313,-1,-999,0,0,0,0,0,0,0,0
18,13,0,1,0,2,0,0,0,0,4.150410872541982,-1,-999,0,4,0,5,0,0,0,0
11,80,0,0,0,0,0,0,0,11,5.578496833690365,-1,-999,0,0,0,0,0,0,0,1
34,38,0,1,0,2,0,0,0,10,4.619990870907098,-1,-999,0,0,0,0,0,0,0,0
22,1,0,0,0,1,0,0,0,0,3.939572261986723,-1,-999,0,0,0,28,0,0,1,0
13,14,0,0,0,1,0,0,0,0,4.1162996057016965,-1,-999,0,0,0,0,0,0,0,0
12,42,0,0,0,0,0,0,0,0,4.162043642285333,-1,-999,0,0,0,1,1,0,0,0
30,30,0,1,0,1,0,0,0,4,4.9128216529518225,-1,-999,0,0,0,10,0,0,0,1
15,52,0,1,0,1,0,0,0,6,4.505373610946796,-1,-999,0,5,1,14,0,0,0,0
50,19,0,0,0,3,2,0,1,9,4.6164777649956825,-1,-999,0,0,0,0,0,0,0,1
12,58,0,0,0,0,0,0,0,12,4.55845147749576,-1,-999,0,6,1,19,0,0,0,0
49,23,0,1,0,3,0,0,2,17,4.713642911367446,-1,-999,0,0,0,0,0,0,0,1
17,26,0,0,0,1,1,0,0,3,4.366370130156181,-1,-999,0,0,0,0,1,0,0,1
24,0,0,0,0,1,0,0,0,2,3.993730584231477,-1,-999,0,2,0,4,1,0,0,1
29,32,0,0,0,1,0,0,1,1,4.22175664359419,-1,-999,0,9,1,28,0,0,0,0
22,15,0,1,0,1,0,0,0,1,4.075217408288466,-1,-999,0,0,0,0,0,0,0,1
14,64,0,1,0,0,0,0,0,8,4.3033199442366135,-1,-999,0,1,0,39,0,0,0,0
17,0,0,1,0,1,0,0,1,0,3.813660689688186,-1,-999,0,0,0,0,0,0,0,1
29,7,0,0,0,1,0,0,0,0,3.9873274760758837,-1,-999,0,0,0,0,0,0,0,0
6,4,0,0,0,0,0,0,0,2,3.41041725276052,-1,-999,0,0,0,0,0,0,0,1
15,63,0,0,0,0,0,0,0,22,4.603016820063185,-1,-999,0,0,0,2,0,0,0,1
25,14,0,0,0,1,0,0,0,6,4.294663586209604,-1,-999,0,0,0,0,0,0,0,1
16,75,0,1,0,0,3,0,1,0,4.354894155792576,-1,-999,0,0,0,0,0,0,0,1
6,8,0,1,0,0,0,0,0,1,3.936260027531527,-1,-999,0,0,0,0,0,0,1,1
16,46,0,0,0,1,0,0,0,5,4.827018509858231,-1,-999,0,1,0,8,0,0,0,1
17,13,0,0,0,0,0,0,0,0,4.249729716863357,-1,-999,0,0,0,0,0,0,0,1
24,1,0,0,0,1,0,0,0,0,3.9292292966721747,-1,-999,0,0,0,0,0,0,0,1
15,9,0,1,0,1,0,0,0,1,4.054229296672175,-1,-999,0,0,1,41,0,0,0,0
14,11,0,0,0,0,0,0,0,0,4.030639062229566,-1,-999,0,0,2,23,0,0,0,0
20,62,0,0,0,1,0,0,0,8,4.5987802746967095,-1,-999,0,0,0,0,0,0,0,0
20,44,0,0,0,1,0,0,0,21,4.813692494612527,-1,-999,0,0,0,0,0,0,0,0
18,26,1,0,0,1,0,0,0,6,4.519976679963127,-1,-999,0,1,0,29,0,0,1,1
29,1,0,0,0,1,0,0,0,1,4.175273297885966,-1,-999,1,17,1,31,0,0,0,1
25,102,0,0,0,1,0,0,0,24,5.120494746528644,-1,-999,0,0,0,0,0,0,0,1
12,21,0,0,0,0,1,0,0,0,3.9470851333950883,-1,-999,0,0,0,0,0,0,0,1
14,33,0,0,0,1,0,0,0,6,4.736006946447656,-1,-999,0,0,0,0,0,0,0,0
13,22,0,1,0,1,0,0,0,0,4.472321731245031,-1,-999,0,0,0,1,1,0,0,0
14,1,0,1,0,1,0,0,0,0,3.642489673166126,-1,-999,0,1,0,37,0,0,0,0
33,1,0,0,0,1,0,0,1,3,4.083434176385706,-1,-999,0,0,0,0,0,0,0,1
20,1,0,1,0,1,0,0,0,0,3.8143719431796272,-1,-999,0,0,0,13,0,0,0,0
20,30,0,1,0,1,1,0,0,0,4.462737328839514,-1,-999,0,0,0,0,0,0,0,0
15,54,0,1,0,1,0,0,0,12,4.417724249202108,-1,-999,0,0,0,9,0,0,0,0
19,1,0,1,0,1,0,0,0,0,4.012188403968661,-1,-999,0,0,0,0,0,0,0,0
26,106,0,0,0,1,0,0,0,36,5.024166389849189,-1,-999,0,16,1,19,0,0,0,1
26,22,0,0,0,1,0,0,0,0,4.1874052246990825,-1,-999,0,4,0,10,0,0,0,0
24,15,0,0,0,0,0,0,0,2,4.218364129593801,-1,-999,0,0,0,0,1,0,0,1
18,1,0,1,0,1,0,0,0,2,3.828237501842955,-1,-999,0,0,0,1,0,0,0,0
21,1,0,0,0,1,0,0,0,0,3.8573068568981284,-1,-999,0,0,0,4,0,0,0,0
19,16,0,0,0,1,0,0,0,5,4.141619208183979,-1,-999,0,15,0,88,0,1,1,0
16,11,0,1,0,1,0,0,0,0,4.2430101595548555,-1,-999,0,0,0,1,0,0,0,0
9,33,0,0,0,0,0,0,0,0,4.133340441068116,-1,-999,0,0,0,0,0,0,0,1
18,21,0,1,0,1,0,0,1,0,4.400021564305501,-1,-999,0,0,0,1,0,0,0,0
11,24,0,0,0,0,0,0,0,0,4.050919888787394,-1,-999,0,0,0,0,0,0,0,1
35,1,0,1,0,3,0,0,0,5,4.282739857027813,-1,-999,0,0,0,0,0,0,0,1
13,23,0,1,0,1,0,0,0,0,4.419103493391448,-1,-999,0,0,0,5,1,0,0,0
38,78,0,1,0,1,0,0,0,0,4.979825411130903,-1,-999,0,0,0,0,0,0,0,1
36,100,0,1,0,1,0,0,1,16,5.2907895019188125,-1,-999,0,0,0,0,0,0,0,1
13,28,0,0,0,0,0,0,0,0,4.054047012067739,-1,-999,0,0,0,0,0,0,0,1
23,14,0,0,0,1,0,0,0,1,4.263313653112509,-1,-999,0,1,0,29,0,0,0,1
25,79,0,1,0,1,0,0,1,7,4.533166750004372,-1,-999,0,0,0,1,1,0,0,0
11,0,0,0,0,0,0,0,0,0,3.614369445886757,-1,-999,0,0,0,1,0,0,0,0
27,45,0,0,0,1,0,0,0,0,4.365189654783279,-1,-999,0,0,0,1,1,0,0,0
12,1,0,1,0,1,0,0,0,0,3.427333493898265,-1,-999,0,0,0,0,0,0,0,0
11,44,0,0,0,0,0,0,0,3,4.734055334713576,-1,-999,0,2,0,18,0,0,0,0
18,28,0,1,0,1,0,0,0,6,4.486304289866841,-1,-999,0,0,0,5,0,0,0,0
40,10,0,0,0,3,1,0,2,0,4.132716936610626,-1,-999,0,0,0,0,0,0,0,1
30,16,0,1,0,1,0,0,0,3,4.204254323388027,-1,-999,0,0,0,0,0,0,0,1
68,320,0,0,0,6,2,0,3,74,5.147345484013079,-1,-999,0,0,0,0,0,0,0,1
26,44,0,0,0,0,0,0,0,0,4.199584879304317,-1,-999,0,0,0,0,0,0,0,1
50,68,0,1,0,3,2,0,1,16,4.824138999055894,-1,-999,0,0,0,0,0,0,0,1
15,1,0,1,0,0,0,0,0,0,3.7720552088742005,-1,-999,0,0,1,23,0,0,0,0
20,72,0,0,0,1,0,0,0,32,4.94466805036737,-1,-999,0,0,0,1,0,0,0,0
42,1,0,0,0,1,0,0,0,4,4.456174630069642,-1,-999,0,0,0,0,0,0,0,1
42,68,0,1,0,3,2,0,0,8,4.589082805026307,-1,-999,0,0,0,0,0,0,0,1
18,1,0,1,0,1,0,0,0,0,3.7541634277688805,-1,-999,1,8,1,9,0,0,0,0
22,1,0,1,0,1,0,0,0,0,4.128724445269142,-1,-999,0,3,0,2,1,0,0,0
24,1,0,1,0,1,0,0,0,0,4.104407755459851,-1,-999,0,0,0,0,0,0,0,0
21,50,0,1,0,1,0,0,0,4,4.386794236832494,-1,-999,0,4,0,7,0,0,0,0
16,14,0,0,0,1,0,0,0,1,3.962454298401447,-1,-999,0,0,0,20,0,0,0,1
17,26,0,1,0,1,0,0,0,0,4.187158558405723,-1,-999,0,0,0,0,0,0,0,1
11,1,0,0,0,1,0,0,0,3,3.576617644908666,-1,-999,0,0,0,0,0,0,0,1
15,49,0,1,0,1,0,0,0,0,4.317727134271601,-1,-999,0,8,0,8,0,0,0,0
14,10,0,0,0,0,0,0,0,0,3.784368487596862,-1,-999,0,0,0,0,0,0,0,1
21,16,0,0,0,1,0,0,0,2,4.371379278161679,-1,-999,0,0,0,0,0,0,0,0
36,1,0,1,0,1,0,0,0,0,4.127762474435138,-1,-999,0,2,1,45,0,0,0,0
13,1,0,1,0,1,0,0,0,0,3.4474015047059154,-1,-999,0,0,0,1,0,0,0,0
7,4,0,0,0,0,0,0,0,0,3.3921472236645345,-1,-999,0,0,0,1,0,0,0,1
25,11,0,1,0,1,0,0,0,8,4.464558038845994,-1,-999,0,0,0,0,0,0,0,1
14,1,0,1,0,1,0,0,0,0,3.621175542919471,-1,-999,1,9,1,38,0,0,0,0
17,27,0,0,0,0,0,1,0,54,4.876602415266721,-1,-999,0,0,0,0,0,0,0,1
28,1,0,1,0,1,0,0,0,0,4.387443772646929,-1,-999,0,0,0,5,0,0,0,0
43,1,0,0,0,1,0,0,0,0,3.344911137966836,-1,-999,0,0,0,1,0,0,0,1
16,8,0,1,0,1,0,0,0,0,4.241729296672175,-1,-999,0,0,0,1,0,0,0,0
37,68,0,1,0,5,1,0,1,23,5.046216633868675,-1,-999,0,0,0,0,0,0,0,1
18,52,0,1,0,1,0,0,0,0,4.220638438469161,-1,-999,0,2,0,32,0,0,0,0
18,26,0,0,0,1,0,0,0,0,4.382730488818215,-1,-999,0,0,0,1,0,0,0,0
16,1,0,1,0,1,0,0,0,3,3.8634651896016474,-1,-999,0,0,0,18,0,0,0,0
13,6,0,0,0,0,0,0,0,0,4.103909910282364,-1,-999,0,0,0,0,0,0,0,1
21,0,0,0,0,1,0,0,0,0,3.950212064914747,-1,-999,0,5,0,0,0,0,0,0
26,1,0,1,0,0,0,0,0,0,4.093149802473812,-1,-999,0,1,2,7,0,0,0,0
20,19,0,0,0,1,1,0,0,2,4.501397825434103,-1,-999,0,0,0,0,0,0,0,1
31,0,0,0,0,1,0,0,0,0,3.9880774349981327,-1,-999,0,2,0,4,0,0,0,1
23,19,0,0,0,0,0,0,0,0,4.084225793917433,-1,-999,0,0,0,0,0,0,0,1
14,92,0,1,0,1,1,0,0,25,5.4258519555862765,-1,-999,0,0,0,0,0,0,0,1
26,7,0,0,0,1,0,0,0,1,4.162814895472356,-1,-999,0,4,0,10,0,0,0,0
16,18,0,1,0,1,0,0,0,0,4.157214970851921,-1,-999,0,0,0,1,0,0,0,0
30,1,0,1,0,1,1,0,1,0,4.231058232227281,-1,-999,0,0,0,0,0,0,0,1
28,1,0,1,0,1,0,0,0,0,4.154870932962629,-1,-999,0,0,0,0,0,0,0,0
24,1,0,0,0,1,0,0,0,0,3.9917292966721747,-1,-999,0,1,0,12,0,1,0,0
16,9,0,1,0,1,0,0,0,3,4.165013816065912,-1,-999,0,0,0,1,1,0,0,0
16,32,0,0,0,1,0,0,0,14,4.401116022647661,-1,-999,0,0,0,0,0,0,0,0
18,0,0,0,0,1,0,0,0,0,4.053660689688186,-1,-999,0,0,0,4,0,0,0,0
11,30,0,0,0,0,0,0,0,0,4.157268229617389,-1,-999,0,1,0,3,0,0,0,0
19,56,0,1,0,0,0,0,0,4,4.479468167644174,-1,-999,0,0,0,0,0,0,0,1
21,0,0,0,0,1,0,0,0,0,4.021640636343318,-1,-999,0,4,2,12,0,0,0,0
19,1,0,0,0,1,0,0,0,0,3.6339740759971573,-1,-999,0,1,0,5,0,0,0,0
21,23,0,0,0,1,0,0,0,5,4.866162293368285,-1,-999,0,0,0,11,0,0,0,0
31,8,0,0,0,1,0,0,1,0,4.308903195602073,-1,-999,0,0,0,0,0,0,0,0
14,19,0,0,0,1,0,0,0,0,4.165311532225102,-1,-999,0,3,1,17,0,0,0,0
18,33,0,0,0,1,0,0,0,0,4.454807236761122,-1,-999,0,6,0,13,0,1,0,0
25,13,0,0,0,1,1,0,0,0,4.23564587381899,-1,-999,0,0,0,1,1,0,0,0
19,44,0,1,0,1,1,0,0,0,4.08350684732068,-1,-999,0,0,0,33,0,0,0,0
27,0,0,1,0,1,0,0,1,0,4.028445159431229,-1,-999,0,0,0,0,0,0,0,1
16,89,0,0,0,1,0,0,0,4,4.454326022174493,-1,-999,0,0,0,14,0,0,0,0
21,28,0,1,0,1,0,0,0,0,4.345681243407427,-1,-999,0,4,0,4,0,0,0,0
17,39,0,1,0,1,0,0,0,0,4.2554884298164914,-1,-999,0,0,0,0,0,0,0,1
22,33,0,0,0,1,0,0,0,0,4.219953673730879,-1,-999,0,17,0,13,0,0,0,0
21,72,0,0,0,1,0,0,0,0,4.4139503420836474,-1,-999,0,0,0,0,0,0,0,1
21,44,0,0,0,0,0,0,0,0,4.004597447549596,-1,-999,0,0,0,0,0,0,0,1
38,1,0,0,0,1,0,0,0,3,4.319560260725401,-1,-999,0,0,0,0,0,0,0,1
21,142,0,1,0,1,0,1,0,6,4.89094202222536,-1,-999,1,26,1,36,0,0,0,1
13,1,0,1,0,1,0,0,0,0,3.572623663895164,-1,-999,0,1,1,25,0,0,0,0
19,22,0,0,0,1,0,0,0,1,4.058208073322318,-1,-999,0,0,0,0,0,0,0,1
17,1,0,0,0,1,0,0,0,0,3.6430741894285696,-1,-999,0,0,0,0,0,0,0,0
12,186,0,0,0,0,1,0,0,72,4.729631808071263,-1,-999,0,3,0,40,0,0,0,1
20,47,0,0,0,0,0,0,0,1,4.236084704826945,-1,-999,0,0,0,0,0,0,0,1
14,19,0,0,0,0,0,0,0,1,4.704993772857999,-1,-999,0,0,0,0,0,0,0,0
49,13,0,1,0,3,0,0,2,17,4.577208689600764,-1,-999,0,0,0,0,0,0,0,1
19,0,0,0,0,1,0,0,0,0,4.026986833359287,-1,-999,1,8,0,8,0,0,0,0
13,0,0,0,0,1,0,0,0,0,3.7219280948873625,-1,-999,0,0,0,1,0,0,0,0
13,1,0,1,0,1,0,0,0,0,3.5383105956150063,-1,-999,0,0,0,1,1,0,0,0
20,98,0,0,0,1,0,0,0,0,4.100008664755472,-1,-999,0,8,1,16,0,0,0,0
28,33,0,0,0,3,1,0,0,22,4.627165415571696,-1,-999,0,0,0,0,0,0,0,1
18,24,0,0,0,1,0,0,0,0,4.149925405118936,-1,-999,0,1,1,26,0,0,0,0
26,18,0,0,0,1,0,0,0,0,4.351168910888081,-1,-999,0,0,0,8,0,0,0,1
42,1,0,0,0,1,0,0,0,0,4.0239818205809055,-1,-999,0,0,0,0,0,0,0,0
33,10,0,1,0,3,0,0,0,0,3.949906294285921,-1,-999,0,0,0,0,0,0,0,1
14,35,0,0,1,0,1,0,0,11,4.468181378134551,-1,-999,0,0,0,0,0,0,0,1
15,7,0,1,0,1,0,0,0,0,3.9068905956085187,-1,-999,0,0,0,0,0,0,0,1
11,28,0,1,0,0,0,0,0,2,4.153007937189824,-1,-999,0,1,0,10,0,0,0,0
16,107,0,1,0,1,0,0,0,3,5.298352476662382,-1,-999,0,0,0,13,0,0,0,1
61,57,0,0,0,1,1,0,4,43,4.8234668109575445,-1,-999,0,0,0,0,0,0,0,1
15,60,0,1,0,1,0,0,0,21,4.981561548207118,-1,-999,0,0,0,0,0,0,0,0
27,0,0,1,0,1,0,0,0,4,4.147439360470673,-1,-999,0,0,0,2,1,0,1,1
22,1,0,0,0,1,0,0,0,0,3.964735178725505,-1,-999,0,0,0,8,0,0,0,0
22,21,0,0,0,1,0,0,0,0,4.088367439558378,-1,-999,0,0,0,1,0,0,0,0
18,23,0,1,0,1,0,0,0,0,4.402789885232471,-1,-999,0,4,0,4,0,0,0,0
24,19,0,0,0,1,0,0,0,0,4.096174630069641,-1,-999,0,8,0,6,0,0,0,0
18,18,0,1,0,1,0,0,0,0,4.077750084103861,-1,-999,0,10,1,30,0,0,0,0
23,1,0,0,0,1,0,0,0,0,3.9503441981686898,-1,-999,0,0,0,0,0,0,0,0
56,32,0,0,0,5,1,0,1,1,4.716232319219169,-1,-999,0,0,0,0,0,0,0,1
13,22,0,0,0,0,1,0,0,0,3.9191197327566836,-1,-999,0,0,0,0,0,0,0,1
22,5,0,0,0,1,0,0,0,0,3.984234164652489,-1,-999,0,1,1,21,0,0,0,0
27,10,0,1,0,3,0,0,0,1,3.991280042211221,-1,-999,0,0,0,0,0,0,0,1
25,468,0,0,0,1,0,0,0,72,5.8486904472188845,-1,-999,0,0,0,0,0,0,0,1
22,10,0,0,0,1,0,0,0,1,4.028490680178816,-1,-999,0,6,0,12,0,0,0,1
11,76,0,0,0,1,0,0,0,28,4.921194639936411,-1,-999,0,0,0,0,0,0,0,0
21,35,0,0,0,1,0,0,0,2,4.232325012517422,-1,-999,0,0,0,2,0,0,0,1
28,24,0,0,0,1,0,0,0,0,4.028675625882958,-1,-999,0,1,3,28,0,0,0,0
20,34,0,0,0,1,0,0,0,8,4.453049378752762,-1,-999,0,0,0,1,0,0,0,1
31,37,0,0,0,5,0,0,1,17,4.789973317186082,-1,-999,0,0,0,0,0,0,0,1
11,19,0,1,0,1,0,0,0,0,3.925853014561283,-1,-999,0,0,0,3,0,0,0,0
18,20,0,0,0,1,0,0,0,0,4.116868585642404,-1,-999,0,1,1,26,0,0,0,0
12,65,0,1,0,1,0,0,0,0,4.376636013766975,-1,-999,0,0,0,3,0,0,0,0
41,1,0,0,0,1,0,0,0,0,4.154528721224705,-1,-999,0,2,0,21,0,0,0,0
22,0,0,0,0,0,0,0,0,0,3.5780011510322707,-1,-999,0,6,0,18,0,0,0,0
35,10,0,0,0,1,1,0,3,5,4.39199548703902,-1,-999,0,0,0,0,0,0,0,1
10,1,0,1,0,0,0,0,0,0,3.6421498816369047,-1,-999,0,0,0,0,0,0,0,0
13,15,0,0,0,1,0,0,0,0,3.8785848023501854,-1,-999,0,0,0,0,0,0,0,0
18,1,0,1,0,1,0,0,0,0,3.8561962982193796,-1,-999,0,1,0,22,0,0,0,0
31,1,0,1,0,1,0,0,2,0,4.146439344671016,-1,-999,0,0,1,1,0,0,0,1
19,167,0,0,0,0,1,1,0,19,5.022574454498371,-1,-999,0,24,0,76,0,0,1,1
15,5,0,0,0,0,0,0,0,0,3.8841550945958043,-1,-999,0,0,0,1,0,0,0,1
16,35,0,1,0,1,0,0,0,0,4.380453380156915,-1,-999,0,4,0,5,0,0,0,0
16,46,0,1,0,1,0,0,0,7,5.0537942667286195,-1,-999,0,0,0,0,0,0,0,1
6,8,0,0,0,0,0,0,0,3,3.844232898763192,-1,-999,0,0,0,0,0,0,1,1
35,1,0,1,0,1,0,0,0,0,4.0426430634637205,-1,-999,0,0,0,23,1,1,0,0
24,23,0,0,0,1,0,0,0,2,4.306020262209256,-1,-999,0,0,0,1,1,0,0,0
23,1,0,1,0,1,0,0,0,0,3.8195488277869583,-1,-999,0,0,0,0,0,0,0,0
14,25,0,1,0,0,0,0,0,0,4.266730872678045,-1,-999,0,0,0,32,0,0,1,1
16,107,0,1,0,1,0,0,0,6,5.317217817538693,-1,-999,0,0,0,13,0,0,0,1
24,31,0,1,0,1,0,0,0,0,4.213269067196606,-1,-999,0,0,1,13,0,0,0,0
18,49,0,0,0,0,0,0,0,0,4.14279183850883,-1,-999,0,0,0,1,0,0,0,1
29,1,0,0,0,1,0,0,0,6,4.283381405994074,-1,-999,0,0,0,0,0,0,0,1
24,115,0,0,0,3,0,0,0,19,4.989291389376111,-1,-999,0,0,0,0,0,0,0,1
8,60,0,0,0,0,0,0,0,0,4.310625572322977,-1,-999,0,0,0,23,0,0,0,1
13,1,0,1,0,0,0,0,0,0,3.572623663895164,-1,-999,0,0,0,24,0,0,0,0
19,72,0,0,0,0,0,0,1,25,4.718326554419983,-1,-999,0,0,0,0,0,0,0,1
16,0,0,0,0,1,0,0,0,0,3.795088586397732,-1,-999,0,0,0,0,0,0,0,1
15,56,0,0,0,1,2,0,0,0,4.204675457727666,-1,-999,0,0,0,0,0,0,0,1
17,1,0,1,0,1,0,0,0,0,3.6612262562697895,-1,-999,0,0,0,1,1,0,0,0
17,33,0,0,0,1,0,0,0,8,4.320945988421162,-1,-999,0,0,0,0,0,0,0,0
15,29,0,0,0,1,1,0,0,0,4.147942872131213,-1,-999,0,0,1,22,0,0,0,1
19,1,0,1,0,1,0,0,0,0,3.797902689682947,-1,-999,0,4,0,60,0,0,0,0
16,1,0,0,0,1,0,0,0,0,3.7406015629507228,-1,-999,0,6,0,56,0,0,0,0
23,1,0,1,0,1,0,0,0,0,4.140319531114783,-1,-999,0,11,1,26,0,0,0,0
25,1,0,1,0,1,0,0,1,0,4.0796786498829745,-1,-999,0,8,0,13,0,0,0,0
18,13,0,1,0,1,0,0,1,0,4.233618885307021,-1,-999,0,0,0,1,0,0,0,0
20,1,0,0,0,1,0,0,0,0,3.9407598325400897,-1,-999,0,4,0,19,0,0,0,0
39,1,0,0,0,1,0,0,0,0,4.175993372539952,-1,-999,0,2,0,7,0,0,0,0
24,71,0,0,0,1,0,0,0,0,4.405057848291568,-1,-999,0,0,0,0,0,0,0,0
22,4,0,0,0,0,0,0,0,0,3.9912157102019847,-1,-999,0,0,0,1,0,0,0,1
150,94,0,0,0,6,2,0,6,69,4.919690102116625,-1,-999,0,0,0,0,0,0,0,1
16,6,0,0,0,1,0,0,0,0,3.8404025467025056,-1,-999,0,1,4,18,0,0,0,0
16,22,0,1,0,1,0,0,0,0,4.127065630893371,-1,-999,0,4,0,5,0,0,0,0
22,8,0,0,0,1,0,0,0,0,4.046762824854521,-1,-999,0,1,1,21,0,0,0,0
31,48,0,1,0,2,0,0,0,10,4.54627992239247,-1,-999,0,0,0,0,0,0,0,0
13,84,0,0,0,1,0,0,0,8,4.391391158578573,-1,-999,0,1,0,30,0,0,0,0
42,19,0,0,0,3,2,0,0,10,4.597753650865814,-1,-999,0,0,0,0,0,0,0,1
15,36,0,0,0,1,0,0,0,0,4.309869789234109,-1,-999,0,3,3,163,0,0,0,0
12,1,0,1,0,0,0,0,0,0,3.6537567082870015,-1,-999,0,0,0,0,0,0,0,1
37,138,0,1,0,1,0,0,2,41,4.789315773827047,-1,-999,0,0,0,0,0,0,0,1
19,1,0,0,0,0,0,0,0,0,3.8841550945958043,-1,-999,0,0,0,4,0,0,0,1
25,0,0,0,0,1,0,0,0,1,3.9496987351738495,-1,-999,0,0,0,1,0,0,0,1
15,25,0,0,0,1,0,0,0,2,4.245870234564298,-1,-999,0,2,1,14,0,0,0,0
42,19,0,1,0,3,2,0,0,10,4.6353543047239,-1,-999,0,0,0,0,0,0,0,1
22,19,0,0,0,1,0,0,0,0,4.019102928664278,-1,-999,0,0,0,12,0,0,0,0
11,169,0,0,0,0,0,0,0,49,5.185758078374639,-1,-999,0,0,0,0,0,0,0,1
23,30,0,0,0,1,0,0,0,2,4.487473402852923,-1,-999,0,36,0,17,0,0,0,0
38,1,0,0,0,4,0,0,0,3,4.265424934732509,-1,-999,0,0,0,0,0,0,0,1
19,1,0,1,0,1,0,0,0,0,3.797902689682947,-1,-999,0,0,0,0,0,0,0,0
22,116,0,1,0,2,0,0,0,73,4.5420705341856795,-1,-999,0,0,0,0,0,0,0,1
15,90,0,1,0,1,0,0,0,5,5.3933025680306965,-1,-999,0,0,0,0,0,0,0,1
25,1,0,1,0,1,0,0,0,0,3.679395106517186,-1,-999,0,1,1,4,0,0,0,0
27,1,0,0,0,1,0,0,0,0,4.071581588126285,-1,-999,0,5,0,11,0,0,0,0
19,46,0,0,0,1,0,0,0,0,4.280493056757482,-1,-999,0,0,0,0,0,0,0,1
32,1,0,1,0,1,0,0,0,0,3.9211165658478135,-1,-999,0,0,0,1,0,0,0,1
12,51,0,0,0,0,0,0,0,12,4.820118556210203,-1,-999,0,0,0,1,0,0,0,1
26,21,0,1,0,3,0,0,0,4,4.305115178980829,-1,-999,0,0,0,0,0,0,0,1
11,15,0,1,0,0,0,0,0,0,3.8588029144615943,-1,-999,0,1,0,9,0,0,1,0
16,23,0,0,0,0,0,0,0,0,3.719350685194166,-1,-999,0,0,0,0,0,0,0,1
13,69,0,0,0,1,0,0,0,6,4.419444319834999,-1,-999,0,1,0,9,0,0,0,0
23,116,0,1,0,0,2,1,1,2,4.52104335733586,-1,-999,0,0,0,0,0,0,0,1
12,24,0,1,0,0,0,0,0,0,3.9540036423298544,-1,-999,0,0,0,0,0,0,0,1
19,1,0,0,0,1,0,0,0,0,3.7080481500712312,-1,-999,0,3,0,40,0,0,0,0
24,18,0,1,0,1,0,0,0,0,4.111272380112911,-1,-999,0,1,1,50,0,0,0,0
19,30,0,0,0,0,0,0,0,6,4.54545004951116,-1,-999,0,0,0,0,0,0,0,1
23,6,0,0,0,0,0,0,0,0,4.099665973303956,-1,-999,0,0,0,1,0,0,0,1
10,32,0,0,0,0,0,0,0,6,4.678499579198326,-1,-999,0,0,1,104,0,0,0,0
16,18,0,1,0,1,0,0,0,0,3.8152023999804867,-1,-999,0,0,0,23,1,1,0,1
22,10,0,0,0,1,0,0,0,0,4.067865207186248,-1,-999,0,0,0,0,0,0,0,1
12,58,0,0,0,0,0,0,0,18,4.749981507974496,-1,-999,1,35,0,18,0,0,0,1
15,1,0,1,0,1,0,0,0,0,3.8239348962840563,-1,-999,0,1,0,4,0,0,0,0
14,10,0,0,0,1,0,0,0,1,4.002268084440845,-1,-999,0,0,0,0,0,0,0,1
50,66,0,1,0,3,2,0,1,24,4.808566765925048,-1,-999,0,0,0,0,0,0,0,1
17,59,0,0,0,0,0,0,0,20,4.666442593658671,-1,-999,0,0,0,0,0,0,0,1
23,16,0,0,0,1,0,0,0,10,4.232483203009177,-1,-999,0,0,0,0,0,0,0,1
25,0,0,0,0,1,0,0,1,0,3.965018266288633,-1,-999,0,2,3,33,0,1,0,0
24,31,0,0,0,1,0,0,0,4,4.50236939960712,-1,-999,0,3,1,17,0,0,0,0
21,1,0,0,0,1,0,0,1,0,3.83127625337525,-1,-999,0,27,1,46,0,0,1,0
21,64,0,0,0,1,0,0,0,6,4.749267083223279,-1,-999,0,0,0,22,0,0,1,0
9,1,0,1,0,0,0,0,0,0,3.683542362433231,-1,-999,0,0,0,0,0,0,0,0
22,1,0,1,0,0,0,0,0,0,4.235981390822669,-1,-999,0,4,3,12,0,0,1,0
13,1,0,1,0,1,0,0,0,0,3.629219686524097,-1,-999,0,0,0,2,0,0,0,0
13,1,0,1,0,1,0,0,0,0,3.4130884364257574,-1,-999,0,3,0,19,0,0,0,0
19,111,0,0,0,1,0,0,0,9,5.438836801254598,-1,-999,0,0,0,19,0,0,0,1
35,9,0,1,0,1,1,0,3,0,4.493469096728849,-1,-999,0,0,0,1,0,0,0,1
17,43,0,1,0,1,0,0,0,0,4.4173909669468365,-1,-999,0,2,1,18,0,0,0,0
23,7,0,0,0,0,0,0,1,0,4.121219243831912,-1,-999,0,0,0,0,0,0,0,1
17,73,0,0,0,1,1,0,0,18,4.677895802435426,-1,-999,0,0,0,0,0,0,0,1
27,35,0,0,0,1,0,0,0,7,4.483696428684623,-1,-999,0,2,1,16,0,0,0,0
13,58,0,1,0,1,1,0,0,10,4.797531147421521,-1,-999,0,0,0,0,0,0,0,1
14,1,0,1,0,1,0,0,0,0,3.8492239123906247,-1,-999,1,50,1,76,0,0,0,0
9,0,0,0,0,0,0,0,0,0,3.202819531114783,-1,-999,0,0,1,19,0,0,0,0
20,1,0,1,0,1,0,0,0,0,4.021268494903765,-1,-999,0,0,0,25,0,0,1,0
25,1,0,0,0,0,0,0,0,0,3.9912157102019847,-1,-999,0,0,0,0,0,0,0,1
18,1,0,0,0,1,0,0,0,1,4.103909910282364,-1,-999,0,0,0,1,0,0,0,1
42,69,0,1,0,3,2,0,0,19,4.85820044204624,-1,-999,0,0,0,0,0,0,0,1
39,72,0,1,0,5,3,0,1,21,5.003777905943419,-1,-999,0,0,0,0,0,0,0,1
15,31,0,0,0,1,0,0,0,0,4.229318153332622,-1,-999,0,0,0,0,0,0,0,0
22,27,0,0,0,1,0,0,0,0,4.282639243749494,-1,-999,0,14,0,106,0,1,1,0
15,36,0,1,0,0,0,0,0,0,4.1251755159430115,-1,-999,0,10,1,4,0,0,0,0
42,19,0,0,0,3,2,0,0,7,4.4912078788388055,-1,-999,0,0,0,0,0,0,0,1
17,15,0,1,0,0,0,0,0,2,4.275070520364182,-1,-999,0,0,0,0,0,0,0,1
16,20,0,1,0,1,0,0,0,0,4.2089873002588005,-1,-999,0,4,0,5,0,0,0,0
16,26,0,0,0,0,1,0,1,0,4.0100324873174396,-1,-999,0,0,0,1,0,0,0,1
16,32,0,0,0,0,0,0,0,6,4.755678975815084,-1,-999,0,0,0,0,0,0,0,1
14,6,0,1,0,1,0,0,0,0,4.012188403968661,-1,-999,0,0,0,0,0,0,0,0
15,1,0,1,0,1,0,0,0,0,3.6572682296173893,-1,-999,0,0,0,0,0,0,0,0
31,35,0,1,0,2,0,0,0,6,4.619954596131901,-1,-999,0,0,0,0,0,0,0,0
16,1,0,1,0,1,0,0,0,0,3.6430741894285696,-1,-999,0,0,0,0,0,0,0,0
13,65,0,0,0,1,1,0,0,23,4.678418183818778,-1,-999,0,0,0,7,0,0,0,1
30,27,0,0,0,1,0,0,3,0,4.3859339852164405,-1,-999,0,9,0,16,0,0,1,0
18,27,0,0,0,1,0,0,0,3,4.371716950260307,-1,-999,0,0,0,0,0,0,0,0
21,59,0,0,0,0,0,0,0,23,4.746795364209209,-1,-999,0,0,0,0,0,0,0,1
18,1,0,0,0,1,0,0,0,0,3.4454708534068352,-1,-999,0,0,0,1,1,0,0,0
18,16,0,0,0,1,0,0,0,0,4.1315846264110005,-1,-999,0,39,0,12,0,0,0,0
16,25,0,0,0,1,0,0,0,0,4.2801876989901,-1,-999,0,0,0,1,1,0,0,0
18,53,0,0,0,1,0,0,0,5,4.545366649466203,-1,-999,0,0,0,0,0,0,0,0
16,107,0,1,0,1,0,0,0,4,5.39360939299273,-1,-999,0,0,0,13,0,0,0,1
15,1363,0,0,0,0,2,0,0,269,5.854047373748282,-1,-999,0,0,2,21,0,0,0,1
13,404,0,0,1,0,1,1,0,17,4.713713338008888,-1,-999,0,0,0,0,0,0,0,1
16,38,0,1,0,1,0,0,0,0,4.344672924228474,-1,-999,0,4,0,5,0,0,0,0
11,9,0,0,0,1,0,0,0,0,3.9302703722934536,-1,-999,0,0,0,10,0,0,0,0
19,14,0,1,0,1,0,0,0,0,3.9763522367378235,-1,-999,0,3,0,6,0,0,1,0
15,76,0,0,0,0,0,0,0,47,4.672743519630505,-1,-999,0,0,0,0,0,0,0,1
22,1,0,1,0,1,0,0,0,0,4.082597923010944,-1,-999,0,16,0,32,0,0,0,0
15,36,0,0,0,1,0,0,0,0,4.269823513430077,-1,-999,0,4,0,31,0,0,0,0
14,1,0,0,0,0,0,0,1,0,3.936260027531527,-1,-999,0,0,0,0,0,0,0,1
27,25,0,0,0,1,0,0,0,2,4.38920010125244,-1,-999,0,0,0,0,0,0,0,1
21,18,0,1,0,1,0,0,0,0,3.8920576710942836,-1,-999,0,0,0,0,0,0,0,1
72,1,0,0,0,1,0,0,2,0,4.033583253616557,-1,-999,0,0,0,0,0,0,0,1
14,7,0,0,0,0,0,0,0,0,3.5836169753972325,-1,-999,0,0,0,0,0,0,0,1
30,18,0,0,0,1,0,0,0,0,4.0964318141963485,-1,-999,0,1,4,27,0,0,0,0
54,10,0,1,0,1,1,0,0,0,4.192776267294522,-1,-999,0,0,0,0,0,0,0,1
19,17,0,0,0,1,0,0,0,0,4.0078061858720755,-1,-999,0,0,0,0,0,0,0,0
50,67,0,0,0,3,2,0,1,19,4.77052766590774,-1,-999,0,0,0,0,0,0,0,1
20,1,0,1,0,1,0,0,0,0,3.9002417706166295,-1,-999,0,1,1,33,0,0,0,0
14,57,0,1,0,1,0,0,0,4,4.5934539577019216,-1,-999,0,2,0,15,0,0,0,0
24,36,0,1,0,1,0,1,0,0,4.380142123934961,-1,-999,0,0,0,0,0,0,0,1
21,26,0,0,0,1,0,0,0,0,4.438339651611601,-1,-999,0,0,0,12,0,0,0,0
20,26,0,1,0,1,2,0,0,5,4.083023151469137,-1,-999,0,0,0,0,0,0,0,1
13,28,0,0,0,0,0,0,0,0,3.839661719245795,-1,-999,0,0,0,0,0,0,0,1
24,46,0,0,0,1,0,0,0,0,4.29485599116237,-1,-999,0,0,0,0,0,0,0,1
8,44,0,0,0,0,0,0,0,0,4.237972499537141,-1,-999,0,17,0,28,0,0,0,0
42,68,0,0,0,3,2,0,0,22,4.793027639672582,-1,-999,0,0,0,0,0,0,0,1
22,27,0,0,0,1,1,0,0,0,4.0793521368699555,-1,-999,0,0,0,0,0,0,0,1
17,1,0,0,0,1,0,0,0,0,3.7230741894285697,-1,-999,0,0,0,0,0,0,0,0
17,1,0,1,0,1,0,0,0,3,4.103909910282364,-1,-999,0,4,0,62,0,0,1,0
16,25,0,1,0,1,0,0,0,0,4.2386706203351965,-1,-999,0,4,0,5,0,0,0,0
22,1,0,0,0,1,0,0,0,0,4.002910079649727,-1,-999,0,0,1,5,0,0,0,1
30,30,0,1,0,0,0,0,0,0,4.165736475731594,-1,-999,0,0,0,0,0,0,0,0
15,46,0,1,0,1,0,0,0,0,4.329610422224487,-1,-999,0,0,0,0,0,0,0,0
26,1,0,1,0,1,0,0,0,0,3.9357276594930424,-1,-999,0,7,0,28,0,0,1,0
18,1,0,1,0,1,0,0,0,0,3.9302703722934536,-1,-999,0,0,0,1,0,0,0,0
18,1,0,0,0,1,0,0,0,6,3.9790978911348054,-1,-999,0,3,1,17,0,0,0,1
19,1,0,1,0,1,0,0,0,0,3.994680368408909,-1,-999,0,4,1,7,0,0,0,0
18,23,0,1,0,2,0,0,0,0,4.096739631715131,-1,-999,0,4,0,5,0,0,0,0
23,1,0,1,0,1,0,0,2,0,4.030639062229566,-1,-999,0,4,0,23,0,0,0,0
18,1,0,0,0,1,0,0,0,0,3.7671834678914613,-1,-999,0,0,0,0,0,0,0,0
12,13,0,0,0,1,0,0,0,7,4.286225937278034,-1,-999,0,0,0,0,0,0,0,0
28,24,0,0,0,1,0,0,0,0,4.134584949196295,-1,-999,0,0,0,0,0,0,0,1
16,107,0,1,0,1,0,0,0,7,5.29074991925594,-1,-999,0,0,0,13,0,0,0,1
50,69,0,1,0,3,2,0,1,26,4.736492439641128,-1,-999,0,0,0,0,0,0,0,1
16,31,0,1,0,1,0,0,0,0,4.544285167755428,-1,-999,0,4,0,5,0,0,0,0
14,61,0,1,0,1,0,0,0,4,4.369091547659473,-1,-999,0,2,0,17,0,0,1,0
16,26,0,0,0,1,0,0,0,0,3.9892253442836867,-1,-999,0,0,0,3,0,0,0,0
10,55,0,0,0,0,0,0,0,24,4.97073252518562,-1,-999,0,0,0,13,0,0,0,1
22,1,0,1,0,0,0,0,0,0,4.042433003725894,-1,-999,0,10,2,76,0,0,0,0
50,69,0,1,0,3,2,0,1,18,4.771391950651822,-1,-999,0,0,0,0,0,0,0,1
54,67,0,0,0,4,2,0,1,11,4.602287936639368,-1,-999,0,0,0,0,0,0,0,1
31,1,0,0,0,1,1,0,2,0,4.199132270744292,-1,-999,0,0,0,0,0,0,0,1
19,39,0,1,0,1,0,0,0,0,4.2334389152270635,-1,-999,0,4,0,19,0,0,1,0
17,1,0,1,0,1,0,0,0,0,3.4885252948977485,-1,-999,1,12,0,30,0,0,0,0
15,57,0,0,0,0,0,1,1,0,4.415031896934838,-1,-999,0,0,0,0,0,0,0,1
39,285,0,0,0,4,0,0,0,44,5.772602090765153,-1,-999,0,0,0,0,0,0,0,1
14,0,0,0,0,0,0,0,0,0,3.6178096843744556,-1,-999,0,0,2,56,0,0,0,0
46,69,0,1,0,4,2,0,0,21,4.737840688704918,-1,-999,0,0,0,0,0,0,0,1
13,100,0,0,0,1,1,0,0,2,4.508923045701293,-1,-999,0,0,0,0,0,0,0,1
18,99,0,1,0,1,1,0,0,11,4.976310647931135,-1,-999,0,0,0,0,0,0,0,1
24,47,0,0,0,1,0,0,0,7,5.1090903632707265,-1,-999,0,2,0,15,0,1,0,1
16,107,0,1,0,1,0,0,0,5,5.3998891007450815,-1,-999,0,0,0,13,0,0,0,1
14,1,0,0,1,0,0,0,0,11,3.5039975273348483,-1,-999,0,0,0,0,0,0,0,1
16,1,0,1,0,1,0,0,0,0,3.7532696895151085,-1,-999,0,0,0,12,0,0,0,0
16,18,0,1,0,1,0,0,0,0,4.0050635535766075,-1,-999,0,4,0,5,0,0,0,0
11,71,0,0,0,0,0,0,0,0,4.0342681969418095,-1,-999,0,2,0,1,0,0,0,0
14,0,0,0,0,0,0,0,0,0,3.6537567082870015,-1,-999,0,0,0,0,0,0,0,0
14,47,0,1,0,0,0,0,0,17,4.795057928037725,-1,-999,0,0,0,0,0,0,0,0
17,13,0,1,0,1,0,0,0,0,4.1813663288914595,-1,-999,0,0,0,0,0,0,0,0
16,1,0,1,0,1,0,0,0,0,3.7532696895151085,-1,-999,0,3,0,32,0,0,0,0
17,17,0,1,0,1,0,0,0,1,3.8948447325506392,-1,-999,0,0,1,18,0,0,0,0
27,12,0,1,0,1,0,0,0,4,4.254175756384791,-1,-999,0,0,2,50,0,0,1,1
6,0,0,0,0,0,0,0,0,0,3.3927474104487847,-1,-999,0,0,1,11,0,0,0,0
12,12,0,0,0,0,0,0,1,4,4.192595004759881,-1,-999,0,0,0,0,0,0,0,1
52,1,0,1,0,3,0,0,2,0,4.4014879520687185,-1,-999,0,0,0,0,0,0,0,1
14,1,0,1,0,1,0,0,0,0,3.522711955680758,-1,-999,0,0,0,0,0,0,0,0
29,21,0,1,0,3,0,0,0,1,4.343352177335084,-1,-999,0,0,0,0,0,0,0,1
15,37,0,1,0,0,0,0,0,0,3.989631221614229,-1,-999,1,12,0,52,0,0,0,1
16,11,0,1,0,1,0,0,0,0,4.2430101595548555,-1,-999,0,0,0,1,0,0,0,0
16,107,0,1,0,1,0,0,0,5,5.3006952830950755,-1,-999,0,0,0,13,0,0,0,1
19,80,0,0,0,1,0,0,0,18,4.652172521550479,-1,-999,0,0,0,0,0,0,0,1
15,21,0,0,0,1,0,0,0,0,3.859193173649676,-1,-999,0,0,0,0,0,0,0,1
18,1,0,1,0,1,0,0,0,0,4.0043444463675275,-1,-999,0,13,0,31,0,0,0,0
17,19,0,0,0,1,0,0,0,0,4.164295859202321,-1,-999,0,7,0,16,0,0,0,0
20,3,0,1,0,1,0,0,0,0,4.202819531114783,-1,-999,0,0,0,0,0,0,0,1
12,76,0,0,0,1,0,0,0,7,4.383301825870759,-1,-999,0,0,0,12,0,0,1,0
20,1,0,1,0,0,0,0,0,0,3.935398667466763,-1,-999,0,0,0,0,0,0,0,0
24,45,0,1,0,2,0,1,0,14,4.6603930739859045,-1,-999,0,0,0,23,1,1,0,1
16,1,0,1,0,1,0,0,0,0,3.6732696895151085,-1,-999,0,0,0,15,0,0,0,0
16,1,0,0,0,1,0,0,0,1,3.8239348962840563,-1,-999,0,0,0,2,0,0,0,0
12,13,0,0,0,1,0,0,0,7,4.309101316131472,-1,-999,0,0,0,0,0,0,0,0
54,68,0,0,0,4,2,0,1,18,4.743758195881396,-1,-999,0,0,0,0,0,0,0,1
26,1,0,1,0,1,0,0,0,0,4.071581588126285,-1,-999,0,7,0,2,0,0,0,0
21,22,0,0,0,1,1,0,0,4,4.28307418942857,-1,-999,0,28,0,17,0,0,0,0
23,16,0,0,0,1,0,0,0,0,4.420756391857001,-1,-999,0,0,0,0,0,0,0,1
26,25,0,1,0,1,0,0,0,0,4.0708828291994505,-1,-999,0,0,1,44,0,0,0,0
26,1,0,1,0,1,0,0,0,0,3.829741775363137,-1,-999,0,0,0,0,0,0,0,0
17,1,0,0,0,1,0,0,0,0,3.7034651896016473,-1,-999,0,0,0,1,0,0,0,0
23,10,0,0,0,1,0,0,0,0,4.208694969562842,-1,-999,0,0,0,0,0,0,0,1
14,1,0,1,0,1,0,0,1,0,3.8164027166443866,-1,-999,0,4,1,10,0,0,0,0
27,4,0,0,0,1,0,0,0,0,4.168465671110589,-1,-999,0,0,0,0,0,0,0,1
26,24,0,0,0,1,1,0,2,0,4.139846269181971,-1,-999,0,3,1,19,0,0,0,0
12,61,0,0,0,1,0,0,0,2,4.502689896091422,-1,-999,0,0,0,0,0,0,0,0
15,0,0,0,0,1,0,0,0,0,3.9139770731827523,-1,-999,0,0,0,0,0,0,0,1
17,49,0,0,0,0,1,0,0,0,4.474269203549111,-1,-999,0,0,0,0,0,0,0,1
20,1,0,0,0,1,0,0,0,0,3.797902689682947,-1,-999,0,0,0,0,0,0,0,0
12,80,0,1,0,0,2,0,1,5,4.503563380781241,-1,-999,0,2,0,8,0,0,0,1
17,69,0,0,0,1,2,0,0,6,4.5958964138100775,-1,-999,0,0,0,0,0,0,0,1
16,22,0,1,0,1,0,0,0,0,4.294663586209604,-1,-999,0,4,0,5,0,0,0,0
17,31,0,1,0,0,0,0,0,0,4.14127947659068,-1,-999,0,0,0,0,0,0,0,1
17,13,0,1,0,0,0,0,0,0,4.271100790318224,-1,-999,0,0,0,0,0,0,0,1
13,24,0,0,0,1,0,0,0,4,4.252172175938122,-1,-999,0,2,0,12,0,0,0,0
16,34,0,1,0,1,0,0,0,0,4.355646031166068,-1,-999,0,4,0,4,0,0,0,0
15,57,0,1,0,1,0,0,0,8,4.654426964684141,-1,-999,0,4,0,3,0,0,0,0
18,1,0,0,0,1,0,0,0,0,3.7962176025900565,-1,-999,0,3,1,26,0,0,0,0
21,20,0,1,0,1,0,0,0,0,4.204636702690701,-1,-999,0,4,0,5,0,0,0,0
21,26,0,0,0,0,0,0,0,4,4.639353595542589,-1,-999,0,0,0,8,0,0,0,1
14,80,0,0,0,1,1,0,0,1,4.332736030038556,-1,-999,0,0,0,0,0,0,0,1
27,103,0,1,0,1,1,0,1,5,5.389906631099009,-1,-999,0,5,0,34,0,0,0,1
18,31,0,1,0,1,0,0,0,5,4.361864199568877,-1,-999,0,15,1,45,0,0,0,0
9,1,0,1,0,0,0,0,0,0,3.3082708345352603,-1,-999,0,1284,1,47,0,0,0,0
19,19,0,1,0,2,0,0,0,0,3.741514815817076,-1,-999,0,7,0,25,0,0,0,0
16,23,0,1,0,1,0,0,0,0,4.179499692462942,-1,-999,0,4,0,5,0,0,0,0
18,5,0,0,0,1,0,0,0,0,3.831401845392172,-1,-999,0,0,0,4,0,0,0,1
21,42,0,0,0,1,0,0,0,0,4.480380474051225,-1,-999,0,1,3,26,0,0,0,0
26,0,0,0,0,1,1,0,2,0,4.051821770808045,-1,-999,0,0,0,11,0,0,1,1
16,17,0,1,0,1,0,0,0,0,3.994764127034493,-1,-999,0,0,0,1,1,0,0,0
16,1,0,1,0,1,0,0,0,0,3.7034651896016473,-1,-999,0,0,0,3,0,0,0,1
23,1,0,1,0,1,0,0,0,0,4.054229296672175,-1,-999,0,0,0,46,0,0,1,0
28,23,0,1,0,0,0,0,0,0,4.2023815593657865,-1,-999,0,2,1,89,0,1,0,1
18,58,0,1,0,1,1,0,0,4,4.4184309659594225,-1,-999,0,2,1,40,0,0,1,0
15,29,0,0,0,0,0,1,0,60,5.0203610037447985,-1,-999,1,8,1,21,0,0,0,1
20,49,0,1,0,1,0,0,0,2,4.569795754975441,-1,-999,0,0,0,0,0,0,0,0
5,12,0,0,0,0,0,0,0,5,3.9072682296173893,-1,-999,0,0,0,0,0,0,0,1
17,83,0,0,0,1,0,0,0,8,4.309824971030717,-1,-999,0,15,0,112,0,1,1,0
22,1,0,1,0,1,0,0,0,0,4.131300342505361,-1,-999,0,2,0,5,0,0,0,1
50,19,0,0,0,3,2,0,1,8,4.510360244386859,-1,-999,0,0,0,0,0,0,0,1
15,91,0,1,0,1,0,0,0,10,5.465765785723519,-1,-999,0,0,0,0,0,0,0,1
13,20,0,0,0,1,0,0,0,0,4.081687083026442,-1,-999,0,0,0,0,0,0,0,0
15,30,0,1,0,0,0,0,0,0,4.095291680733372,-1,-999,0,0,0,0,0,0,0,1
23,117,0,0,0,0,0,0,1,37,4.984416418760752,-1,-999,0,0,0,0,0,0,0,1
18,39,0,1,0,1,0,0,0,1,4.258595460503929,-1,-999,0,8,2,24,0,0,0,0
13,22,0,0,1,0,0,0,0,18,4.044003363657554,-1,-999,0,0,0,0,0,0,0,1
22,4,0,0,0,1,0,0,1,0,3.907734270742486,-1,-999,0,0,0,0,0,0,0,1
20,20,0,1,0,1,0,0,0,6,4.373734053066623,-1,-999,0,7,5,16,0,0,0,1
21,49,0,1,0,1,0,0,0,0,4.027336239766631,-1,-999,0,2,0,60,0,0,0,0
25,33,0,0,0,1,1,0,1,0,4.346831421942538,-1,-999,0,0,0,0,0,0,0,1
19,1,0,1,0,1,0,0,0,0,4.039148671903071,-1,-999,1,8,0,28,0,0,0,0
25,1,0,1,0,1,0,0,0,3,3.9542473996920804,-1,-999,0,0,0,0,0,0,0,1
14,11,0,1,0,1,0,0,0,5,4.369707376737533,-1,-999,0,6,0,30,0,0,1,1
19,34,0,1,0,1,0,0,0,0,4.161665157263952,-1,-999,0,14,0,31,0,0,1,0
15,4,0,0,0,1,0,0,0,0,3.9021748142117283,-1,-999,0,0,0,1,0,0,0,1
13,17,0,0,0,0,0,0,0,0,4.249729716863357,-1,-999,0,0,0,0,0,0,0,1
43,13,0,1,0,3,0,0,2,16,4.639162751096862,-1,-999,0,0,0,0,0,0,0,1
24,32,0,1,0,1,1,0,0,0,4.504749306657775,-1,-999,0,0,0,13,0,0,0,0
16,18,0,1,0,0,0,0,0,0,3.853527173181363,-1,-999,0,0,0,0,0,0,0,1
25,4,0,0,0,1,0,0,0,8,4.294653473544342,-1,-999,0,0,0,0,0,0,0,1
28,0,0,0,0,1,0,0,1,0,4.125871146123146,-1,-999,0,4,0,33,0,0,1,0
20,1,0,0,0,1,1,0,0,0,3.7229074943218796,-1,-999,0,0,0,1,0,0,0,0
22,15,0,0,0,1,0,0,0,0,3.9651451195042418,-1,-999,0,22,0,5,0,0,0,0
18,24,0,1,0,1,0,0,0,2,4.344021303503761,-1,-999,0,0,0,13,0,0,0,0
19,0,0,0,0,0,0,0,0,0,3.7483286603655745,-1,-999,0,0,0,0,0,0,0,0
17,19,0,1,0,1,0,0,0,0,4.226143834398879,-1,-999,1,52,2,29,0,0,0,0
17,9,0,1,0,1,0,0,0,0,3.8588029144615943,-1,-999,0,0,0,8,0,0,0,0
17,1,0,0,0,1,0,0,0,0,3.6732696895151085,-1,-999,0,0,0,0,0,0,0,0
14,12,0,1,0,1,0,0,0,0,4.043057694064253,-1,-999,0,2,0,25,0,0,1,0
25,43,0,1,0,1,0,0,0,6,4.4969451126940445,-1,-999,1,9,1,11,0,0,0,1
13,23,0,0,1,0,1,0,0,10,4.5340664296648825,-1,-999,0,0,0,1,0,0,0,1
18,1,0,1,0,1,0,0,0,0,3.8561962982193796,-1,-999,1,11,0,28,0,0,0,0
12,70,0,0,0,1,0,0,0,4,4.509622202407616,-1,-999,0,0,0,0,0,0,0,0
11,385,0,0,0,0,1,0,0,50,5.140668944736684,-1,-999,0,0,0,0,0,0,0,1
14,1,0,1,0,1,0,0,0,0,3.468576629687865,-1,-999,0,0,0,0,0,0,0,0
16,23,0,1,0,1,0,0,0,11,4.5144608760283615,-1,-999,0,0,0,18,1,0,1,1
26,34,0,0,0,1,0,0,0,0,4.2331041165700904,-1,-999,0,0,0,0,0,0,0,0
10,1,0,0,0,1,0,0,0,0,3.155221528859512,-1,-999,0,0,0,0,0,0,0,0
18,35,0,0,0,1,0,0,0,6,4.419250912838829,-1,-999,0,0,0,1,0,0,0,1
29,22,0,0,0,0,0,0,1,0,4.2529192032344545,-1,-999,0,0,0,0,0,0,0,1
30,1,0,1,0,1,0,0,2,0,4.387465039153175,-1,-999,0,4,0,37,0,1,0,0
10,1,0,0,0,0,0,0,0,0,3.1496734471867414,-1,-999,0,0,1,15,0,0,1,0
14,73,0,0,0,0,1,0,0,21,4.462046822750994,-1,-999,0,2,1,12,0,0,0,1
27,0,0,0,0,1,0,0,1,0,4.124083797069061,-1,-999,0,1,0,13,0,0,0,0
29,34,0,0,0,1,0,0,0,18,4.687942259950951,-1,-999,0,0,0,0,0,0,0,1
21,33,0,0,0,1,0,0,0,0,4.147652813456193,-1,-999,0,0,0,1,1,0,0,0
15,19,0,1,0,1,0,0,0,2,4.553944405764263,-1,-999,0,0,1,50,0,0,0,0
19,1,0,1,0,0,0,0,0,0,3.815410725242699,-1,-999,1,9,0,40,0,0,0,0
36,20,0,1,0,1,0,0,1,0,4.119457674083736,-1,-999,0,0,0,3,0,0,0,1
20,93,0,1,0,1,2,0,0,14,4.831828721217136,-1,-999,0,0,0,0,0,0,0,1
18,24,0,0,0,0,0,0,1,3,4.653089120058805,-1,-999,0,0,0,0,0,0,0,1
38,281,0,1,0,1,0,0,1,84,5.460033912216589,-1,-999,0,0,0,0,0,0,0,1
14,48,0,0,0,1,0,0,0,0,4.273461103660325,-1,-999,0,0,0,0,0,0,0,0
28,1,0,0,0,3,0,0,0,9,4.0860486123130375,-1,-999,0,0,0,0,0,0,0,1
21,39,0,0,0,1,0,0,0,1,4.248706826385266,-1,-999,0,0,0,0,0,0,0,1
10,1,0,1,0,0,0,0,0,0,3.4316235658474312,-1,-999,0,4,1,36,0,0,0,0
33,1,0,1,0,1,0,0,1,3,4.189238255803026,-1,-999,0,0,0,0,0,0,0,1
15,134,0,0,0,0,3,0,0,30,5.558329628320691,-1,-999,0,3,0,17,0,1,0,1
32,105,0,0,0,1,0,0,1,8,5.508558921368097,-1,-999,0,0,1,1,0,0,0,1
23,34,0,0,0,1,0,0,0,0,4.308518072054203,-1,-999,0,0,0,0,0,0,0,1
22,121,0,0,0,0,1,0,0,17,4.616069266600457,-1,-999,0,0,0,23,0,0,0,1
18,17,0,1,0,0,0,0,0,0,3.766169917835722,-1,-999,0,0,0,0,0,0,0,1
50,69,0,0,0,3,2,0,1,19,4.680175070708236,-1,-999,0,0,0,0,0,0,0,1
17,13,0,1,0,0,0,0,0,0,4.13569955274647,-1,-999,0,0,0,0,0,0,0,1
26,204,0,1,0,1,0,0,0,55,5.5730118545318845,-1,-999,0,5,0,34,0,0,0,1
29,1,0,0,0,1,1,0,0,2,3.9696073391174034,-1,-999,0,0,0,0,0,0,0,1
42,69,0,1,0,3,2,0,0,15,4.679121847207229,-1,-999,0,0,0,0,0,0,0,1
14,4,0,1,0,1,0,0,0,0,3.6714055834424975,-1,-999,0,9,1,35,0,0,1,0
19,44,0,0,0,1,0,0,0,0,4.122919131603903,-1,-999,0,4,0,10,0,0,0,0
15,4,0,0,0,0,0,0,0,0,3.8441065448145384,-1,-999,0,0,0,0,0,0,0,1
12,50,0,0,0,0,0,0,0,8,4.739877574570947,-1,-999,0,0,0,1,0,0,0,1
27,15,0,0,0,1,0,0,1,0,3.8792902024895475,-1,-999,0,11,0,51,0,0,0,0
21,1,0,1,0,1,0,0,1,0,3.831401845392172,-1,-999,1,3,1,14,0,0,0,0
17,1,0,1,0,0,0,0,0,0,3.8441065448145384,-1,-999,0,0,0,0,0,0,0,1
13,1,0,1,0,1,0,0,0,1,3.6635327548042547,-1,-999,0,0,0,0,0,0,0,1
31,1,0,0,0,5,0,0,1,1,3.989778500580689,-1,-999,0,0,0,0,0,0,0,1
16,55,0,0,0,1,0,0,0,7,4.643873356441551,-1,-999,0,0,0,7,0,0,1,0
20,12,0,1,0,1,0,0,0,0,3.9373261452560087,-1,-999,0,2,1,6,0,0,0,0
25,12,0,0,0,1,1,0,0,0,4.112063152384018,-1,-999,0,0,0,1,1,0,0,0
38,287,0,1,0,1,0,0,1,84,5.477391064017992,-1,-999,0,0,0,0,0,0,0,1
15,6,0,0,0,1,0,0,0,0,3.6820058147602137,-1,-999,0,0,0,0,0,0,0,1
17,32,0,0,0,1,0,0,0,2,4.4072901364521035,-1,-999,0,0,0,12,0,0,0,0
16,45,0,0,0,1,0,0,0,0,4.17622240988155,-1,-999,0,0,0,0,0,0,0,0
49,13,0,1,0,3,0,0,2,17,4.587992796774528,-1,-999,0,0,0,0,0,0,0,1
33,46,0,1,0,2,0,0,0,6,4.4723780885663675,-1,-999,0,0,0,0,0,0,0,0
42,68,0,0,0,3,2,0,0,20,4.709726244459147,-1,-999,0,0,0,0,0,0,0,1
30,105,0,1,0,1,0,0,0,8,5.521178725427715,-1,-999,0,0,1,1,0,0,0,1
17,1,0,0,0,1,0,0,0,0,3.8332696895151086,-1,-999,0,0,0,0,0,0,0,0
14,17,0,1,0,1,0,0,0,0,3.8214641693801754,-1,-999,0,2,0,9,0,0,0,0
17,23,0,0,0,1,0,0,0,0,4.3414069365998955,-1,-999,0,1,0,26,0,0,0,0
13,1,0,0,0,0,0,0,0,0,3.7849418274376427,-1,-999,1,4,0,0,0,0,1,1
24,21,0,0,0,1,0,0,0,2,4.340762325751907,-1,-999,0,0,0,1,1,0,0,0
23,1,0,1,0,1,1,0,1,0,4.030639062229566,-1,-999,0,0,0,0,0,0,0,1
22,71,0,0,0,1,0,0,0,0,4.226409812678531,-1,-999,0,0,0,0,0,0,0,0
29,1,0,0,0,1,0,0,0,1,4.152171866202902,-1,-999,0,0,0,31,0,0,0,0
22,14,0,1,0,0,0,0,0,0,3.971160176469933,-1,-999,1,25,0,119,0,0,0,1
33,108,0,0,0,3,1,0,0,18,5.503705517308162,-1,-999,0,0,0,0,0,0,0,1
16,80,0,0,0,1,2,0,1,5,4.585183509164626,-1,-999,0,2,0,8,0,0,0,1
31,21,0,0,0,3,0,0,0,10,4.346992897935947,-1,-999,0,0,0,0,0,0,0,1
16,16,0,1,0,1,0,0,0,4,4.215311532225103,-1,-999,0,4,0,5,0,0,0,0
18,1,0,0,0,1,1,0,0,0,3.921029621737615,-1,-999,0,48,2,61,0,0,0,0
14,98,0,0,0,0,0,0,1,58,4.624595913986675,-1,-999,0,0,0,0,0,0,0,1
10,18,0,0,0,0,0,0,0,0,4.1427308737169435,-1,-999,0,0,0,0,0,0,0,1
30,1,0,0,0,1,0,0,0,0,4.113206053476119,-1,-999,0,0,0,0,0,0,0,0
10,18,0,1,0,0,0,0,0,0,4.048688113203416,-1,-999,0,0,0,0,0,0,0,1
21,1,0,0,0,1,0,0,1,0,3.771437029461126,-1,-999,0,50,0,130,0,0,0,0
11,27,0,0,0,0,0,0,0,0,4.280090318263435,-1,-999,0,0,0,7,0,0,0,1
15,34,0,0,0,1,0,0,0,1,4.204701244167347,-1,-999,0,4,0,37,0,0,0,1
10,52,0,0,0,1,0,0,0,3,4.555869224267572,-1,-999,1,11,0,38,0,0,0,1
20,1,0,0,0,1,0,0,0,0,4.012188403968661,-1,-999,0,0,0,12,0,0,1,0
25,69,0,0,0,1,0,0,0,0,4.097851668035598,-1,-999,0,0,0,0,0,0,0,1
15,36,0,1,0,1,0,0,0,2,4.624357778895274,-1,-999,0,4,1,16,0,0,0,0
20,39,0,0,0,0,0,0,0,0,4.2433634914703,-1,-999,0,0,0,0,0,0,0,1
29,1,0,1,0,1,0,0,0,3,4.0632025132158525,-1,-999,0,0,0,0,0,0,0,1
16,58,0,1,0,1,0,0,0,5,5.099252498673061,-1,-999,0,0,0,26,0,0,1,1
30,0,0,0,0,1,0,0,0,0,4.208924987016683,-1,-999,0,2,2,12,0,0,0,0
18,30,0,1,0,2,0,0,0,0,4.276129815595918,-1,-999,0,4,0,5,0,0,0,0
16,1,0,0,0,1,1,0,1,0,3.605388542207534,-1,-999,0,0,0,0,0,0,0,1
20,1,0,1,0,1,0,0,0,0,3.9523029776623857,-1,-999,0,0,0,0,0,0,0,0
211,42,0,0,0,11,0,1,0,45,5.171073170589359,-1,-999,0,0,0,0,0,0,0,1
13,44,0,1,0,0,0,0,0,0,4.1230122452376685,-1,-999,0,13,2,40,0,0,0,0
21,15,0,0,0,1,2,0,0,0,4.11162928928394,-1,-999,0,0,0,0,0,0,0,1
15,1,0,0,0,1,0,0,0,0,3.729446194905256,-1,-999,0,1,1,8,0,0,0,0
20,1,0,0,0,0,0,0,0,0,3.797902689682947,-1,-999,0,0,0,1,0,0,0,1
15,34,0,1,0,0,0,0,0,0,4.156593961153607,-1,-999,0,9,0,9,0,0,0,1
18,18,0,0,0,1,0,0,0,0,4.11162928928394,-1,-999,0,0,0,0,0,0,0,1
23,1,0,0,0,1,0,0,0,0,3.8890495359141695,-1,-999,0,0,0,3,1,0,0,0
23,47,0,0,0,1,0,0,0,9,4.680901684351334,-1,-999,0,0,0,1,0,0,0,0
19,98,0,0,0,1,0,0,0,17,4.6165401003851025,-1,-999,0,0,0,0,0,0,0,1
10,46,0,0,0,0,0,0,0,0,4.21481067842599,-1,-999,0,0,0,0,0,0,0,1
17,1,0,0,0,1,0,0,0,0,3.593269689515109,-1,-999,0,0,0,0,0,0,0,0
23,37,0,0,0,0,0,0,0,12,4.40340127379721,-1,-999,1,2,0,4,0,0,0,1
23,3,0,1,0,1,1,0,2,2,4.175123135113461,-1,-999,0,0,0,2,0,0,0,1
20,12,0,0,0,1,0,0,0,1,4.297470808272997,-1,-999,0,0,0,0,0,0,0,1
18,23,0,0,0,1,0,0,0,0,4.287782031835939,-1,-999,0,0,0,11,0,0,0,0
25,14,0,0,0,2,0,0,0,0,4.118579554250694,-1,-999,0,0,0,0,0,0,0,1
16,21,0,1,0,1,0,0,0,0,4.119087818311512,-1,-999,0,4,0,5,0,0,0,0
29,10,0,0,0,1,1,0,0,0,4.1128260215009025,-1,-999,0,0,0,0,0,0,0,1
12,1,0,0,0,1,0,0,0,0,3.508694969562842,-1,-999,0,2,1,36,0,0,1,0
22,101,0,1,0,0,0,0,0,14,4.907269833156461,-1,-999,0,0,0,0,0,0,0,1
18,194,0,0,0,0,0,0,0,0,3.8849058073002762,-1,-999,0,0,0,0,0,0,0,1
16,27,0,0,0,0,0,0,0,0,4.151272380112911,-1,-999,0,0,0,0,0,0,0,1
16,1,0,1,0,1,0,0,0,0,3.8634651896016474,-1,-999,0,2,0,41,0,0,1,0
19,1,0,1,0,1,0,0,0,0,3.994680368408909,-1,-999,0,0,2,10,0,0,0,1
24,177,0,0,0,1,2,0,0,35,4.983894985249989,-1,-999,0,0,0,0,0,0,0,1
16,1,0,1,0,1,0,0,0,0,3.7532696895151085,-1,-999,0,0,0,7,0,0,0,0
49,13,0,1,0,3,0,0,2,17,4.541634046805434,-1,-999,0,0,0,0,0,0,0,1
21,13,0,0,0,1,0,0,0,0,4.161953223919209,-1,-999,0,3,0,24,0,0,0,0
21,19,0,0,0,0,1,0,1,2,4.408327086125994,-1,-999,0,0,0,0,0,0,0,1
17,0,0,0,0,0,0,0,0,0,3.605388542207534,-1,-999,0,0,0,0,0,0,0,0
19,45,0,0,0,1,0,0,0,0,4.21312802251359,-1,-999,0,0,0,0,0,0,0,0
30,16,0,0,0,1,0,0,0,0,4.088413794382424,-1,-999,0,0,0,15,0,0,0,0
23,47,0,0,0,0,0,0,0,19,4.736622386370208,-1,-999,0,0,0,0,0,0,0,1
19,10,0,1,0,0,0,0,0,0,4.249729716863357,-1,-999,0,0,1,10,0,0,0,1
25,1,0,1,0,1,0,0,0,0,4.175123135113461,-1,-999,0,0,0,0,0,0,0,0
29,1,0,1,0,1,0,0,2,0,4.155565013329719,-1,-999,0,1,0,10,0,0,0,0
22,4,0,1,0,1,0,0,1,0,4.160704752887783,-1,-999,0,0,0,0,0,0,0,1
21,1,0,1,0,1,0,0,0,0,4.160704752887783,-1,-999,0,0,0,5,0,0,0,0
14,33,0,1,0,0,1,0,0,0,3.951446933268402,-1,-999,0,0,0,0,0,0,0,1
18,75,0,0,0,1,1,0,0,17,4.703444342530803,-1,-999,0,0,0,0,0,0,0,1
25,7,0,0,0,1,1,0,0,0,4.092342603144792,-1,-999,0,0,0,1,1,0,0,0
11,51,0,0,0,1,0,0,0,0,4.383977812434822,-1,-999,0,0,0,0,0,0,0,0
15,105,0,0,0,1,0,0,0,4,5.1526660902951615,-1,-999,0,0,0,0,0,0,0,1
18,33,0,1,0,1,0,0,1,0,4.243879542682849,-1,-999,0,0,0,0,0,0,0,0
22,18,0,0,0,1,0,0,0,3,4.426513319578619,-1,-999,0,0,0,8,0,0,0,0
14,136,0,0,0,1,0,0,0,13,5.273006264404145,-1,-999,0,0,0,1,0,0,0,1
17,52,0,0,0,0,0,0,0,0,4.196775257532111,-1,-999,0,0,0,0,0,0,0,1
18,33,0,0,0,1,0,0,0,0,4.27710884906359,-1,-999,0,0,0,1,1,0,0,0
22,22,0,0,0,1,0,0,0,10,4.640480430538345,-1,-999,0,0,0,11,0,1,0,1
35,95,0,1,0,1,0,0,1,15,5.5681714079334785,-1,-999,0,0,0,0,0,0,0,1
67,1,0,0,0,8,1,0,0,4,4.331779610831411,-1,-999,0,0,0,0,0,0,0,1
19,82,0,0,0,0,2,0,0,0,4.788782496566848,-1,-999,0,0,0,0,0,0,0,1
11,50,0,0,0,0,0,0,0,5,4.240920378711542,-1,-999,0,0,0,0,0,0,0,1
16,5,0,1,0,0,0,0,0,0,4.021268494903765,-1,-999,0,0,0,0,0,0,0,1
17,22,0,0,0,1,0,0,1,0,4.0879293469851055,-1,-999,0,0,0,1,0,0,0,0
10,32,0,0,0,1,0,0,0,0,4.219515395613162,-1,-999,0,0,1,20,0,0,0,0
39,27,0,0,0,3,0,1,2,4,4.619915532385116,-1,-999,0,0,0,0,0,0,0,1
25,12,0,1,0,1,0,0,0,9,4.485537262659802,-1,-999,0,0,0,0,0,0,0,1
50,67,0,0,0,3,2,0,1,11,4.683817741577581,-1,-999,0,0,0,0,0,0,0,1
12,46,0,1,0,1,0,0,0,16,4.0096374010881695,-1,-999,0,1,1,26,0,0,1,1
46,69,0,1,0,4,2,0,0,20,4.836659065682579,-1,-999,0,0,0,0,0,0,0,1
22,21,0,0,0,0,1,0,0,0,4.185979129983103,-1,-999,0,0,0,0,0,0,0,1
19,48,0,0,0,1,0,0,0,2,4.506920434285951,-1,-999,0,0,0,0,0,0,0,0
18,47,0,0,0,1,1,0,0,0,4.433319967558182,-1,-999,0,0,0,0,0,0,0,1
28,0,0,0,0,1,0,0,0,0,4.100711588373538,-1,-999,0,2,0,4,1,0,0,1
28,1,0,0,0,1,0,0,0,0,3.9885548621928453,-1,-999,0,8,0,36,0,0,0,0
19,1,0,1,0,1,0,0,0,0,3.7673757978160416,-1,-999,0,0,0,0,0,0,0,0
18,44,0,1,0,1,0,0,0,0,4.269926189538951,-1,-999,0,0,0,0,0,0,0,0
6,25,0,0,0,0,0,0,0,4,4.398857447483312,-1,-999,0,0,0,0,0,0,0,0
11,7,0,0,0,0,1,0,0,0,3.7532696895151085,-1,-999,0,0,0,14,0,0,0,0
13,20,0,0,0,1,0,0,0,0,3.9537016960573483,-1,-999,0,0,0,0,0,0,0,1
22,27,0,0,0,1,0,0,0,0,4.10274578087187,-1,-999,0,0,0,0,0,0,0,0
35,26,0,1,0,3,0,1,1,13,4.680937594980809,-1,-999,0,0,0,0,0,0,0,1
21,131,0,0,0,1,2,1,0,26,5.516158508081554,-1,-999,0,0,0,0,0,0,0,1
26,1,0,0,0,1,0,0,0,0,3.9032080616476805,-1,-999,0,0,0,1,0,0,0,0
23,1,0,1,0,1,0,0,0,0,3.8164280318460246,-1,-999,0,2,0,5,0,0,0,1
14,19,0,0,0,1,1,0,0,0,4.037326145256008,-1,-999,0,2,0,8,0,0,0,1
17,36,0,0,0,2,0,0,0,0,4.14274940507578,-1,-999,0,0,0,19,0,0,0,0
38,0,0,0,0,1,0,0,0,1,4.197656852829064,-1,-999,0,2,0,4,1,0,0,1
21,45,0,1,0,1,0,0,0,0,4.51712161674762,-1,-999,0,0,0,8,0,0,0,0
13,13,0,0,0,1,0,0,0,3,4.210764573772789,-1,-999,0,0,0,0,0,0,0,1
11,30,0,0,0,1,0,0,0,0,4.0957136787344055,-1,-999,0,30,2,75,0,0,0,0
25,50,0,0,0,1,0,0,0,8,4.479146139991885,-1,-999,0,0,0,1,0,0,0,0
25,1,0,0,0,0,0,0,0,0,4.165013816065912,-1,-999,0,0,0,0,0,0,0,1
16,24,0,1,0,1,0,0,0,0,3.911239658478711,-1,-999,0,0,0,23,1,1,0,0
22,1,0,1,0,1,0,0,0,0,4.17146526179041,-1,-999,0,0,0,0,0,0,0,0
10,73,0,1,0,0,1,1,0,0,4.497010564630755,-1,-999,0,0,0,0,0,0,0,1
16,102,0,0,0,1,0,0,0,13,5.007712443943509,-1,-999,0,0,0,0,0,0,0,0
25,1,0,0,0,2,0,0,0,9,4.369707376737533,-1,-999,0,0,0,0,0,0,0,1
42,10,0,0,0,3,0,0,2,1,4.219708575828711,-1,-999,0,0,0,0,0,0,0,1
23,24,0,0,0,0,0,0,1,1,4.1900079935705445,-1,-999,0,0,0,0,0,0,0,1
18,19,0,0,0,1,0,0,0,3,4.583765141069551,-1,-999,0,1,0,7,0,0,0,0
12,24,0,1,0,1,0,0,0,0,4.288754913993503,-1,-999,0,0,0,2,0,0,0,0
16,0,0,0,0,0,0,0,0,0,3.522711955680758,-1,-999,0,0,0,121,0,0,1,0
37,129,0,1,0,1,0,0,2,40,4.946799385671077,-1,-999,0,0,0,0,0,0,0,1
11,1,0,1,0,1,0,0,0,0,3.5464393446710156,-1,-999,0,2,10,8,0,0,0,0
18,28,0,1,0,1,0,0,0,6,4.551300123280303,-1,-999,0,0,0,5,0,0,0,0
12,7,0,0,0,0,0,0,1,0,3.9021748142117283,-1,-999,0,0,0,0,0,0,0,1
26,1,0,0,0,1,0,0,1,0,4.035273502696889,-1,-999,0,0,0,11,0,0,0,0
26,0,0,1,0,1,0,0,0,1,4.017917900762097,-1,-999,0,0,0,1,0,0,0,1
14,1,0,1,0,0,0,0,1,0,3.7622673906514943,-1,-999,0,0,0,0,0,0,0,1
27,1,0,1,0,1,0,0,0,0,4.099665973303956,-1,-999,0,0,0,7,0,0,0,0
18,1,0,0,0,1,0,0,0,0,3.8441065448145384,-1,-999,0,0,0,5,0,0,0,0
20,0,0,1,0,1,0,0,0,0,3.9407598325400897,-1,-999,0,0,0,0,0,0,0,0
15,176,0,1,0,1,0,0,0,28,5.603273836890661,-1,-999,0,8,0,12,0,0,1,1
18,12,0,0,0,1,0,0,0,0,3.838397799326232,-1,-999,0,0,0,0,0,0,0,1
18,1,0,0,0,1,0,0,0,0,3.738149333192866,-1,-999,0,0,0,34,0,0,1,0
21,7,0,0,0,1,0,0,0,0,4.436006945330955,-1,-999,0,0,0,0,0,0,0,0
23,21,0,1,0,1,0,0,1,0,4.188339901158579,-1,-999,0,6,2,22,0,0,0,0
21,1,0,1,0,1,0,0,0,0,4.123231428797621,-1,-999,0,0,1,25,0,0,1,0
22,41,0,0,0,1,0,0,0,0,4.4611665030805625,-1,-999,0,11,0,27,0,0,0,0
20,0,0,0,0,1,0,0,0,0,3.838039816898155,-1,-999,0,0,0,0,0,0,0,0
17,37,0,0,0,1,0,0,0,0,4.288852453654343,-1,-999,0,9,0,65,0,0,0,0
26,427,0,1,0,1,0,0,0,195,4.5054887131040795,-1,-999,0,0,1,1,0,0,0,1
7,11,0,1,0,0,0,0,0,2,3.5654483718208256,-1,-999,0,0,0,0,0,0,0,0
16,1,0,1,0,1,0,0,0,0,3.8634651896016474,-1,-999,0,2,0,5,0,0,0,0
19,1,0,1,0,1,0,0,0,0,3.699513850319966,-1,-999,0,0,0,0,0,0,0,0
22,0,0,0,0,1,0,0,0,0,3.8404025467025056,-1,-999,1,5,0,22,0,1,0,0
15,6,0,0,0,1,0,0,0,0,3.7264741182543752,-1,-999,0,0,0,0,0,0,0,1
14,22,0,0,0,1,0,0,0,0,4.338941789535506,-1,-999,0,3,2,5,0,0,0,0
18,1,0,1,0,1,0,0,0,0,3.7541634277688805,-1,-999,0,6,0,55,0,0,0,0
25,0,0,0,0,1,0,0,0,0,4.015319531114783,-1,-999,0,0,0,1,0,0,0,1
13,6,0,0,0,0,0,0,1,0,3.9790978911348054,-1,-999,0,0,0,0,0,0,0,1
7,0,0,0,0,0,0,0,0,0,3.5216406363433186,-1,-999,0,1,1,10,0,0,0,0
16,23,0,1,0,1,1,0,0,0,3.9729144596002466,-1,-999,0,0,0,23,1,1,0,1
11,53,0,0,0,0,0,0,0,0,4.239565303409166,-1,-999,0,18,0,32,0,0,0,1
22,38,0,0,0,1,0,0,0,1,4.375041056933179,-1,-999,0,4,1,37,0,0,0,0
18,23,0,1,0,1,0,0,0,0,4.123004049629477,-1,-999,0,4,2,25,0,0,0,0
21,15,0,0,0,0,0,0,0,0,4.274874638322402,-1,-999,0,62,0,55,0,0,0,1
7,14,0,1,0,0,0,0,0,5,4.021268494903765,-1,-999,0,0,0,1,0,0,0,1
17,100,0,0,0,0,0,1,0,0,4.512684536636334,-1,-999,0,0,0,0,0,0,0,1
16,57,0,1,0,1,0,0,0,5,5.168723425894132,-1,-999,0,0,0,0,0,0,0,1
13,44,0,0,0,0,0,0,0,0,4.169398195373883,-1,-999,0,0,0,0,0,0,0,1
42,1,0,0,0,1,1,0,2,0,4.2561746300696415,-1,-999,0,0,0,0,0,0,0,1
20,1,0,1,0,1,0,0,0,2,4.185230132909402,-1,-999,0,0,0,0,0,0,0,1
14,22,0,0,0,1,0,0,0,6,4.34186497602557,-1,-999,0,3,0,10,0,0,1,0
26,1,0,1,0,1,0,0,0,0,3.8541632888566615,-1,-999,0,1,4,40,0,0,0,0
31,90,0,1,0,1,0,0,1,10,5.271567909413486,-1,-999,0,5,0,34,0,0,0,1
26,1,0,0,0,1,0,0,0,0,4.101881223476018,-1,-999,0,0,0,1,0,0,0,0
13,65,0,0,0,0,0,0,0,1,4.318536708682196,-1,-999,0,0,0,0,0,0,0,1
15,27,0,1,0,1,0,0,0,2,4.216174630069641,-1,-999,0,0,0,6,0,0,0,0
24,20,0,1,0,1,1,0,0,0,4.1668126804131225,-1,-999,0,0,0,0,0,0,0,1
18,29,0,1,0,1,0,0,0,0,4.103529260115679,-1,-999,0,0,0,12,0,0,0,0
18,43,0,1,0,0,1,0,0,0,4.519786646013218,-1,-999,0,0,0,0,0,0,0,1
24,1,0,1,0,1,1,0,1,0,4.0785061502394475,-1,-999,0,0,0,0,0,0,0,1
17,112,0,0,0,1,0,0,0,4,4.756023959238231,-1,-999,0,4,1,15,0,0,0,0
15,36,0,0,0,1,0,0,0,4,4.562739609007143,-1,-999,0,0,0,0,0,0,0,0
23,1,0,0,0,1,0,0,0,0,3.937751955408587,-1,-999,0,0,0,0,0,0,0,0
14,14,0,0,0,1,0,0,0,1,4.433153646184959,-1,-999,0,1,0,8,0,0,0,0
29,23,0,0,0,4,0,0,0,0,4.548824871352451,-1,-999,0,0,0,0,0,0,0,1
21,25,0,0,0,1,0,0,0,2,4.223229776037644,-1,-999,0,0,0,0,0,0,0,1
20,82,0,0,0,0,1,0,0,22,4.95796878886415,-1,-999,0,0,0,1,0,0,0,1
17,0,0,0,0,0,0,0,0,0,4.001629167387823,-1,-999,0,0,0,4,0,0,0,0
13,38,0,0,0,0,0,0,0,0,4.5371502021541446,-1,-999,0,0,0,0,0,0,0,1
25,24,0,1,0,3,0,0,0,3,4.183534427000797,-1,-999,0,0,0,0,0,0,0,1
11,1,0,0,0,1,0,0,0,0,3.181366328891459,-1,-999,0,0,0,1,0,0,0,0
19,1,0,0,0,1,0,0,0,0,4.0043444463675275,-1,-999,1,5,0,19,0,0,0,0
22,59,0,0,0,1,0,0,0,5,4.450338654631441,-1,-999,0,0,0,0,0,0,0,0
53,60,0,0,0,6,3,0,2,24,4.89262746928224,-1,-999,0,0,0,0,0,0,0,1
15,49,0,1,0,0,0,0,0,8,4.379510203934193,-1,-999,0,0,0,1,1,0,0,0
16,4,0,0,0,0,0,0,1,0,3.8841550945958043,-1,-999,0,0,0,0,0,0,0,1
26,33,0,1,0,1,0,0,0,0,4.1999277206518215,-1,-999,0,0,0,0,0,0,0,0
25,1,0,1,0,1,0,0,0,0,3.9620315910594455,-1,-999,0,0,3,50,0,0,0,0
23,4,0,0,0,1,0,0,1,0,4.160704752887783,-1,-999,1,3,0,14,0,0,0,0
15,93,0,0,0,0,0,0,0,10,4.406171871795629,-1,-999,0,2,2,13,0,0,1,0
15,14,0,0,0,1,0,0,0,0,3.974937501201927,-1,-999,0,0,0,0,0,0,0,1
18,17,0,0,0,0,0,0,0,0,3.9284140071748546,-1,-999,0,0,0,0,0,0,0,1
12,28,0,0,0,0,0,0,0,1,4.323220703147271,-1,-999,0,0,0,0,0,0,0,1
23,57,0,1,0,1,0,0,0,0,4.178086881676514,-1,-999,0,3,0,70,0,0,0,0
13,42,0,1,0,0,0,0,0,3,4.578248725286938,-1,-999,0,38,1,31,0,0,0,0
26,95,0,1,0,1,0,0,0,4,4.447874852984747,-1,-999,0,0,0,1,1,0,0,0
21,64,0,1,0,1,0,0,0,8,4.340302097709553,-1,-999,0,0,0,0,0,0,0,0
19,23,0,0,0,1,0,0,0,1,4.323195302989815,-1,-999,0,1,0,12,0,0,0,0
13,103,0,0,0,1,0,0,0,6,4.399831947929028,-1,-999,0,1,0,30,0,0,0,0
16,0,0,0,0,1,0,0,0,0,3.653996738665709,-1,-999,0,0,0,0,0,0,0,1
21,94,0,0,0,1,0,1,0,0,4.477442888864253,-1,-999,0,0,0,0,0,0,0,1
15,38,0,1,0,1,0,0,0,1,4.299590519753583,-1,-999,0,0,0,1,0,0,0,0
42,26,0,0,0,3,0,1,2,1,4.452384698266302,-1,-999,0,0,0,0,0,0,0,1
18,22,0,1,0,1,1,0,1,0,4.464661719245795,-1,-999,0,0,0,0,0,0,0,1
19,17,0,0,0,1,0,0,0,0,4.109306836490687,-1,-999,0,1,0,4,0,0,0,0
32,21,0,1,0,3,0,0,0,5,4.502973666582545,-1,-999,0,0,0,0,0,0,0,1
18,0,0,0,0,0,0,0,0,0,3.813660689688186,-1,-999,0,0,0,16,0,0,1,0
18,39,0,1,0,1,0,0,0,0,4.097024247877514,-1,-999,0,0,1,19,0,0,1,0
18,31,0,0,0,2,0,0,0,3,4.452917932201099,-1,-999,0,0,0,0,0,0,0,0
19,81,0,0,0,1,0,0,0,17,4.614607268573908,-1,-999,0,0,0,0,0,0,0,1
50,40,0,0,0,4,2,0,1,23,4.8314689668915065,-1,-999,0,3,1,17,0,0,0,1
13,58,0,1,0,1,1,0,0,12,4.86392497650806,-1,-999,0,0,0,0,0,0,0,1
15,106,0,0,0,0,3,0,0,23,5.408890554999301,-1,-999,0,3,0,17,0,1,0,1
19,51,0,1,0,1,0,1,0,0,4.423787002670503,-1,-999,0,0,0,0,0,0,0,1
19,32,0,0,0,1,0,0,0,3,4.4875681769316405,-1,-999,0,4,0,12,0,0,0,0
17,25,0,0,0,1,0,0,0,0,4.278302834822065,-1,-999,0,0,1,69,0,1,0,0
13,0,0,0,0,0,0,0,0,0,3.8219280948873626,-1,-999,0,0,0,0,0,0,0,0
16,22,0,1,0,1,0,0,0,0,4.290321609248305,-1,-999,0,4,0,5,0,0,0,0
12,26,0,0,0,0,0,0,0,3,4.252421151644845,-1,-999,0,8,1,66,0,0,1,0
15,1,0,1,0,0,0,0,0,3,4.066108939837481,-1,-999,0,2,0,62,0,0,0,0
12,45,0,1,0,0,0,0,0,0,4.20931440638285,-1,-999,0,0,0,0,0,0,0,1
22,8,0,0,0,1,0,0,0,0,4.013111135723804,-1,-999,0,1,1,21,0,0,0,0
26,234,0,0,0,1,0,0,0,35,5.829193301676145,-1,-999,0,0,1,1,0,0,0,1
34,1,0,1,0,1,1,0,0,0,4.268719696310997,-1,-999,0,0,0,1,0,0,0,1
15,1,0,1,0,1,0,0,0,0,3.9387218755408675,-1,-999,0,2,0,10,0,0,0,0
24,22,0,0,0,0,0,0,0,1,4.341430955405388,-1,-999,0,1,0,14,0,0,0,1
18,19,0,0,0,1,0,0,0,6,4.397407619700921,-1,-999,0,0,0,1,0,0,0,0
16,1,0,1,0,1,0,0,0,0,3.7230741894285697,-1,-999,0,0,0,87,0,0,0,0
24,26,0,0,0,1,1,0,0,0,4.102272419180633,-1,-999,0,0,2,13,0,0,0,0
22,16,0,0,0,1,0,0,1,0,3.9309901861623975,-1,-999,0,0,0,1,1,0,0,1
20,1,0,1,0,1,0,0,0,0,3.8538632199977876,-1,-999,0,0,0,0,0,0,0,0
21,118,0,1,0,0,0,1,0,0,4.421733406736102,-1,-999,0,0,0,0,0,0,0,1
32,1,0,0,0,1,0,0,0,6,4.134183719779189,-1,-999,0,0,0,0,0,0,0,1
17,15,0,0,0,1,0,0,0,0,4.04106055186274,-1,-999,0,4,0,0,0,0,0,0
20,23,0,0,0,1,0,0,0,0,4.153786320494366,-1,-999,0,0,0,0,0,0,0,1
20,53,0,0,0,1,0,0,0,0,4.4014415777150475,-1,-999,0,0,0,1,1,0,0,0
32,103,0,1,0,1,2,0,1,13,5.0426803882118465,-1,-999,0,0,0,0,0,0,0,1
27,1,0,1,0,1,0,0,1,3,4.329239931817579,-1,-999,0,0,0,0,0,0,0,1
17,49,0,1,0,0,1,0,0,8,4.603128751566542,-1,-999,0,0,0,1,1,0,0,0
23,11,0,0,0,1,0,0,1,0,3.7569263239975883,-1,-999,0,0,0,0,0,0,0,1
21,1,0,1,0,1,0,0,0,0,4.072905595320056,-1,-999,0,0,0,0,0,0,0,0
13,114,0,0,0,0,1,0,0,5,4.657752196066166,-1,-999,0,0,0,0,0,0,0,1
15,43,0,0,0,1,0,0,0,8,4.4406332912879405,-1,-999,0,0,0,0,0,0,0,0
21,131,0,0,0,1,2,1,0,24,5.48329362704292,-1,-999,0,0,0,0,0,0,0,1
19,1,0,0,0,1,0,0,0,0,3.736006946447656,-1,-999,0,15,1,64,0,0,0,0
18,55,0,0,0,1,0,0,0,18,4.719467821157518,-1,-999,0,0,0,0,0,0,0,1
37,77,0,0,0,1,0,0,0,19,4.7385919912825125,-1,-999,0,2,0,32,0,0,0,1
23,1,0,1,0,1,0,0,0,0,3.8042292966721747,-1,-999,0,10,0,19,0,0,1,0
14,19,0,0,0,1,0,0,0,0,4.196439344671016,-1,-999,0,0,0,5,0,0,0,0
26,1,0,1,0,2,0,0,0,0,4.171860873964197,-1,-999,0,0,0,0,0,0,0,1
21,23,0,0,0,1,0,0,0,0,4.302847470756509,-1,-999,0,0,0,0,0,0,0,1
23,139,0,0,0,1,1,0,0,36,5.149248716540168,-1,-999,0,0,0,0,0,0,0,1
15,55,0,0,0,1,0,0,0,0,4.283119989765741,-1,-999,0,1,2,21,0,0,0,0
9,1,0,0,0,0,0,0,0,0,3.572469458770136,-1,-999,0,0,0,0,0,0,0,1
15,25,0,1,0,1,0,0,0,0,4.334147917027245,-1,-999,0,4,1,16,0,0,0,0
50,68,0,0,0,3,2,0,1,22,4.8952716423638325,-1,-999,0,0,0,0,0,0,0,1
14,102,0,0,0,0,0,0,0,37,4.084934928395835,-1,-999,0,0,0,0,0,0,0,1
13,8,0,0,0,0,1,0,0,0,3.6959472263874704,-1,-999,0,0,0,0,0,0,0,1
15,45,0,1,0,1,0,0,0,0,4.291131842049797,-1,-999,0,0,0,33,0,0,0,0
28,69,0,0,0,2,1,0,1,26,4.822398974130023,-1,-999,0,0,0,0,0,0,0,1
50,68,0,0,0,3,2,0,1,16,4.675515929439944,-1,-999,0,0,0,0,0,0,0,1
20,1,0,0,0,1,0,0,0,0,3.91379956460568,-1,-999,0,1,3,56,0,0,1,0
27,18,0,0,0,1,0,0,0,0,3.99764476729524,-1,-999,0,5,0,10,0,0,0,0
36,21,0,0,0,3,1,0,2,3,4.383467001462482,-1,-999,0,0,0,0,0,0,0,1
17,20,0,0,0,1,0,0,1,4,4.382520755336066,-1,-999,0,0,0,0,0,0,0,1
14,28,0,0,0,0,1,0,0,0,4.068292752057712,-1,-999,0,0,0,0,0,0,0,1
13,3,0,1,0,1,0,0,0,0,3.855388542207534,-1,-999,1,8,1,20,0,0,0,0
31,13,0,0,0,1,0,0,0,5,4.179504450061346,-1,-999,0,0,0,0,0,0,0,1
20,0,0,0,0,0,1,0,0,0,4.032303242743953,-1,-999,0,0,0,0,0,0,0,1
19,298,0,1,0,0,2,1,0,62,5.6728381542766275,-1,-999,0,0,0,0,0,0,0,1
16,43,0,0,0,1,0,0,0,7,4.385546491246878,-1,-999,1,52,0,37,0,0,0,0
16,17,0,1,0,1,0,0,0,0,3.897203151424737,-1,-999,0,0,0,3,0,0,0,0
15,214,0,1,0,0,1,0,0,88,4.947425613091077,-1,-999,0,0,0,0,0,0,0,1
18,12,0,0,0,0,0,0,0,0,4.154870932962629,-1,-999,0,0,0,0,0,0,0,1
13,33,0,0,0,1,0,0,0,21,4.524629180774193,-1,-999,0,0,0,11,0,0,1,1
10,26,0,0,0,0,1,0,0,0,3.9697719527697566,-1,-999,0,0,0,0,0,0,0,1
15,80,0,0,0,1,0,0,0,5,4.555012713746515,-1,-999,0,2,1,27,0,0,0,0
13,0,0,0,0,0,0,0,0,0,3.784183719779189,-1,-999,0,0,0,0,0,0,0,0
50,68,0,1,0,3,2,0,1,18,4.666564953189407,-1,-999,0,0,0,0,0,0,0,1
16,18,0,1,0,1,0,0,0,0,3.853527173181363,-1,-999,0,0,0,23,1,1,0,1
15,40,0,1,0,0,0,0,0,2,4.455465590469325,-1,-999,0,0,0,0,0,0,0,1
29,1,0,0,0,1,0,0,0,0,4.098117812148849,-1,-999,0,4,0,13,0,0,1,0
16,19,0,1,0,1,0,0,0,0,4.277797824812466,-1,-999,0,4,0,5,0,0,0,0
17,30,0,1,0,1,0,0,0,1,4.458252442012533,-1,-999,0,0,1,17,0,0,0,0
20,19,0,1,0,1,0,0,0,0,4.001531012109744,-1,-999,0,0,0,1,1,0,0,0
25,12,0,0,0,3,0,0,0,3,4.206717630483576,-1,-999,0,0,0,0,0,0,0,1
23,1,0,1,0,1,0,0,0,0,4.030639062229566,-1,-999,0,0,6,25,0,0,0,0
12,18,0,1,0,0,0,0,0,0,3.9682119744148836,-1,-999,0,0,0,0,0,0,0,1
27,14,0,0,0,1,0,0,0,3,4.2801876989901,-1,-999,0,0,0,0,0,0,0,1
18,21,0,0,0,1,0,0,0,0,3.884777652029749,-1,-999,0,12,0,12,0,0,0,0
22,0,0,1,0,1,0,0,0,0,3.9898980954642878,-1,-999,0,2,0,5,0,0,0,1
16,35,0,0,0,1,0,0,0,0,4.333780512473985,-1,-999,0,2,0,9,0,0,1,0
17,11,0,1,0,0,1,0,0,3,3.8718956694089632,-1,-999,0,0,0,0,0,0,0,1
18,39,0,0,0,1,0,0,0,0,4.284927837611595,-1,-999,0,0,1,8,0,0,0,0
18,1,0,1,0,1,0,0,0,0,3.782122224145305,-1,-999,0,0,1,85,0,0,1,0
20,1,0,0,0,1,0,0,0,0,3.8423709931771084,-1,-999,0,0,0,0,0,0,0,1
37,60,0,0,0,1,2,0,0,0,4.502720847506767,-1,-999,0,16,0,7,0,0,0,1
31,48,0,1,0,2,0,0,0,9,4.670196233324957,-1,-999,0,0,0,0,0,0,0,0
19,28,0,0,0,1,0,0,0,1,4.126861520714673,-1,-999,0,0,1,23,0,0,0,0
21,9,0,0,0,1,0,0,0,5,4.371087149178845,-1,-999,0,0,0,1,0,0,0,1
21,129,0,0,0,1,0,1,0,57,4.895642723989695,-1,-999,0,0,0,0,0,0,0,1
18,1,0,0,0,1,0,0,0,0,3.921029621737615,-1,-999,0,4,0,35,0,0,1,0
17,0,0,0,0,1,0,0,0,0,3.7720552088742005,-1,-999,0,0,0,0,0,0,0,0
15,1,0,1,0,1,0,0,1,0,3.6572682296173893,-1,-999,0,1,0,8,0,0,0,0
32,39,0,0,0,1,0,0,0,0,4.30777602157339,-1,-999,0,7,0,10,0,0,0,0
47,1,0,1,0,3,0,0,0,7,4.54139326152937,-1,-999,0,0,0,0,0,0,0,1
13,47,0,0,0,1,0,0,0,0,4.023524355675069,-1,-999,0,1,1,43,0,0,0,0
24,181,0,0,0,0,1,0,0,76,4.663949853713906,-1,-999,0,0,0,2,0,0,0,1
23,16,0,0,0,1,0,0,1,0,4.05869069550801,-1,-999,1,48,0,51,0,0,0,0
16,140,0,0,0,1,1,0,0,41,4.951570439157411,-1,-999,0,0,0,0,0,0,0,1
18,33,0,0,0,1,0,0,0,0,4.049466288410657,-1,-999,0,4,1,9,0,0,0,1
21,1,0,1,0,1,0,0,0,0,4.0062389286533895,-1,-999,0,1,0,24,0,0,0,0
24,69,0,0,0,1,0,0,0,11,4.6328584173462755,-1,-999,0,0,0,0,0,0,0,0
19,19,0,0,0,1,0,0,0,1,4.23564587381899,-1,-999,0,0,0,0,0,0,0,0
21,32,0,0,0,0,0,0,0,0,4.188664196778505,-1,-999,0,0,0,1,0,0,0,0
24,1,0,0,0,2,0,0,1,6,4.069548827786958,-1,-999,0,0,0,0,0,0,0,1
21,54,0,1,0,1,0,0,0,0,4.404882281073771,-1,-999,0,6,1,65,0,0,0,0
25,7,0,0,0,1,0,0,0,8,4.3748951674692504,-1,-999,0,0,0,0,0,0,0,1
25,9,0,0,0,1,0,0,0,8,4.473048041045147,-1,-999,0,0,0,0,0,0,0,1
25,10,0,1,0,1,0,0,0,0,3.983494986857732,-1,-999,0,0,0,6,0,0,0,0
15,8,0,0,0,0,0,0,0,0,3.6225797618424918,-1,-999,0,0,0,1,0,0,0,0
27,53,0,0,0,1,1,1,0,1,4.657414261987697,-1,-999,0,0,0,0,0,0,0,1
18,33,0,1,0,1,0,0,0,0,4.257383466108778,-1,-999,0,2,1,41,0,0,1,0
16,1,0,0,0,1,0,0,0,0,3.688721875540867,-1,-999,0,0,1,46,0,0,1,0
13,27,0,1,0,1,0,0,0,1,4.494427130042125,-1,-999,0,0,0,3,0,0,0,1
29,869,0,1,0,1,1,0,0,159,5.976712038477826,-1,-999,0,5,0,3,0,0,0,1
25,16,0,0,0,1,0,0,0,1,4.183208073322318,-1,-999,0,0,0,1,0,0,0,1
26,1,0,1,0,1,0,0,1,0,4.0855880165740865,-1,-999,0,0,0,0,0,0,0,1
25,11,0,0,0,1,0,0,0,8,4.454766207938904,-1,-999,0,0,0,0,0,0,0,1
15,38,0,1,0,1,0,0,0,7,4.858867206657081,-1,-999,0,0,0,41,0,0,1,1
20,60,0,1,0,1,0,0,0,0,4.392314256785772,-1,-999,0,0,2,24,0,0,0,0
20,1,0,1,0,1,0,0,0,2,4.021268494903765,-1,-999,0,1,0,18,0,1,0,0
19,17,0,0,0,1,0,0,0,0,3.9896499288691367,-1,-999,0,0,0,0,0,0,0,1
16,36,0,1,0,1,0,0,0,3,4.917155962520949,-1,-999,0,0,0,0,0,0,0,1
20,50,0,0,0,1,0,0,0,0,4.303780821983593,-1,-999,0,0,0,6,0,0,0,0
19,1,0,1,0,1,0,0,0,0,3.869331261111518,-1,-999,1,11,0,21,0,0,0,0
46,67,0,1,0,4,2,0,0,21,4.833166977888497,-1,-999,0,0,0,0,0,0,0,1
15,7,0,1,0,0,1,0,1,1,3.948394345536403,-1,-999,0,0,0,0,0,0,0,1
15,0,0,0,0,0,0,0,0,0,3.970573095811685,-1,-999,0,2,0,58,0,0,0,0
42,66,0,0,0,3,2,0,0,19,4.6817611354582676,-1,-999,0,0,0,0,0,0,0,1
18,1,0,1,0,0,0,0,1,0,3.828237501842955,-1,-999,0,2,0,5,0,0,0,0
18,20,0,0,0,1,0,0,0,0,4.00532302989454,-1,-999,0,2,0,12,0,0,0,0
15,11,0,0,0,1,0,0,0,1,4.063650847340264,-1,-999,0,0,0,0,0,0,0,0
44,27,0,0,0,3,2,1,3,0,4.380562124180647,-1,-999,0,0,0,0,0,0,0,1
4,4,0,0,0,0,0,0,0,1,3.323231428797621,-1,-999,0,4,0,1,0,0,0,1
24,20,0,0,0,0,0,0,0,0,3.9619293933464537,-1,-999,0,0,0,1,0,0,0,1
18,18,0,0,0,1,0,0,0,0,4.144417883102941,-1,-999,0,1,1,26,0,0,0,0
24,80,0,0,0,1,1,0,0,22,5.4528855472457405,-1,-999,0,0,0,0,0,0,0,1
20,1,0,1,0,1,0,0,0,2,4.142295219190901,-1,-999,0,0,0,0,0,0,0,1
16,59,0,0,0,1,1,0,0,0,4.405465115845953,-1,-999,0,23,0,31,0,0,0,0
13,1,0,0,0,1,0,0,0,0,3.427333493898265,-1,-999,0,0,0,29,0,0,0,0
22,50,0,0,0,1,0,0,0,6,4.442368408042155,-1,-999,0,0,0,1,1,0,0,0
17,21,0,0,0,1,0,0,0,1,3.9732153979377336,-1,-999,0,2,0,13,0,0,0,0
14,107,0,0,0,0,0,0,1,57,4.754097293060824,-1,-999,0,0,0,0,0,0,0,1
18,25,0,1,0,1,0,0,0,0,4.468918563962097,-1,-999,0,2,0,78,0,0,0,0
18,1,0,1,0,1,0,0,0,0,3.986187965046303,-1,-999,0,0,0,31,0,0,1,0
28,37,0,1,0,1,0,0,0,12,4.427915362097397,-1,-999,0,10,1,31,0,0,1,0
27,17,0,0,0,2,2,0,1,0,4.3607811657052,-1,-999,0,0,0,0,0,0,0,1
17,36,0,1,0,1,0,1,0,6,4.490824440173963,-1,-999,0,0,0,0,0,0,0,1
17,16,0,1,0,1,0,0,0,0,4.064392248309453,-1,-999,0,4,0,4,0,0,0,0
20,1,0,1,0,1,0,0,0,1,4.254195650150781,-1,-999,0,0,0,0,0,0,0,1
11,23,0,1,0,1,0,0,0,0,3.948765268419458,-1,-999,0,1,0,10,0,0,0,0
16,59,0,1,0,1,0,0,0,8,5.254830815378347,-1,-999,0,0,0,0,0,0,0,1
17,57,0,0,0,1,0,0,0,4,4.7630256274168286,-1,-999,0,0,0,2,1,0,0,0
22,46,0,1,0,0,0,0,0,14,4.804740730497955,-1,-999,0,4,1,132,0,0,0,1
50,68,0,1,0,3,2,0,1,25,4.7559892192759445,-1,-999,0,0,0,0,0,0,0,1
35,33,0,0,0,1,1,0,0,0,4.332087445315468,-1,-999,0,1,3,26,0,0,0,0
18,25,0,0,0,1,0,0,0,0,4.0639818205809055,-1,-999,0,0,0,1,1,0,0,0
23,47,0,0,0,0,0,0,0,19,4.685635813917571,-1,-999,0,0,0,0,0,0,0,1
21,7,0,0,0,1,1,0,0,3,4.378864088188098,-1,-999,0,0,0,0,0,0,0,1
28,20,0,0,0,1,0,0,2,0,4.3123781222615465,-1,-999,0,0,0,3,0,0,0,0
10,23,0,1,0,0,0,0,0,0,4.122693700152458,-1,-999,0,8,0,101,0,0,1,0
19,30,0,0,0,1,0,0,0,2,4.420770270419308,-1,-999,0,0,0,14,0,0,0,1
22,8,0,0,0,1,0,0,0,0,4.067165189777858,-1,-999,0,1,1,21,0,0,0,0
23,0,0,0,0,1,0,0,0,3,3.777747162910945,-1,-999,0,2,0,4,1,0,0,1
22,25,0,1,0,1,0,0,0,0,4.435194258664519,-1,-999,0,0,0,0,0,0,0,0
23,1,0,0,0,1,0,0,0,0,3.808719697344071,-1,-999,0,2,0,25,0,0,0,0
13,18,0,0,0,0,0,0,0,0,4.251235329734975,-1,-999,0,0,0,0,0,0,0,1
14,26,0,0,0,0,0,0,0,0,4.074082278795214,-1,-999,0,7,0,19,0,0,0,0
31,1,0,1,0,1,0,0,1,0,4.087326145256009,-1,-999,0,0,0,0,0,0,0,1
28,59,0,0,0,2,1,0,1,25,4.765535762853971,-1,-999,0,0,0,0,0,0,0,1
13,0,0,0,0,0,0,0,0,0,3.3841837197791893,-1,-999,0,0,2,44,0,0,1,0
15,0,0,0,0,1,0,0,0,2,3.8796640049025943,-1,-999,0,0,2,18,0,0,0,0
18,17,0,1,0,2,0,0,0,0,4.2374411389168944,-1,-999,0,4,0,5,0,0,0,0
14,1,0,1,0,1,0,0,0,0,3.8820451081368623,-1,-999,0,0,0,0,0,0,0,1
18,1,0,1,0,1,0,0,0,4,4.324848729602135,-1,-999,0,0,0,5,0,0,0,0
27,17,0,1,0,1,0,0,0,1,4.303724516543195,-1,-999,0,1,0,7,0,0,0,0
31,1,0,0,0,1,2,0,2,0,4.143624654426843,-1,-999,0,0,0,0,0,0,0,1
25,1,0,0,0,1,1,0,2,0,3.907734270742486,-1,-999,0,0,0,0,0,0,0,1
16,1,0,1,0,1,0,0,0,0,3.733660689688186,-1,-999,0,1,0,46,0,0,0,0
15,28,0,0,0,1,0,0,0,0,4.3537863204943665,-1,-999,0,3,1,158,0,0,0,0
10,13,0,0,0,1,0,0,1,0,3.9898980954642878,-1,-999,0,0,0,0,0,0,0,1
18,13,0,0,0,1,0,0,0,0,4.083067973799102,-1,-999,0,1,1,26,0,0,0,0
21,0,0,0,0,1,0,0,0,6,4.09306920777189,-1,-999,0,0,0,0,0,0,0,1
17,14,0,1,0,0,0,0,0,0,4.131054782742918,-1,-999,0,0,0,0,0,0,0,1
14,1,0,0,0,1,0,0,0,0,3.5383105956150063,-1,-999,0,2,0,6,0,0,0,0
19,4,0,1,0,1,0,0,1,0,3.937751955408587,-1,-999,0,11,0,7,0,0,0,0
12,13,0,1,0,0,0,0,0,0,3.836081907815205,-1,-999,0,0,0,0,0,0,0,1
14,43,0,0,0,1,0,0,0,0,4.289313383509937,-1,-999,0,3,2,6,0,0,0,0
20,31,0,0,0,1,0,0,0,0,4.054029435074284,-1,-999,0,1,1,38,0,0,0,0
19,48,0,0,0,0,0,0,0,0,4.237746232616325,-1,-999,0,4,2,28,0,0,0,0
16,27,0,0,0,0,0,0,0,0,4.33082650068666,-1,-999,0,2,0,6,0,0,1,0
14,47,0,1,0,0,0,0,0,10,4.630799402808094,-1,-999,0,0,0,0,0,0,0,1
17,88,0,0,0,0,0,1,0,0,4.545700296194727,-1,-999,0,0,0,0,0,0,0,1
18,62,0,0,0,1,0,0,0,1,4.530370980033227,-1,-999,0,0,0,2,0,0,0,1
26,20,0,1,0,1,0,0,0,6,4.491205447394441,-1,-999,0,7,5,16,0,0,0,1
14,10,1,1,0,0,0,0,0,2,4.215018266288633,-1,-999,0,0,0,0,0,0,0,1
22,63,0,0,0,0,0,0,0,13,4.597471092187035,-1,-999,0,0,0,0,0,0,0,1
22,1,0,0,0,1,0,0,0,0,3.9144093452479405,-1,-999,0,0,0,0,0,0,0,0
11,33,0,0,0,1,0,0,0,2,4.319607332957947,-1,-999,0,0,0,1,1,0,0,0
15,32,0,0,0,1,0,0,0,4,4.471846529660797,-1,-999,0,0,0,0,0,0,0,0
24,1,0,0,0,1,0,0,0,0,4.007048827786958,-1,-999,0,0,0,0,0,0,0,1
21,17,0,0,0,1,0,0,0,0,4.096431151452537,-1,-999,0,6,0,22,0,0,0,0
18,4,0,1,0,1,0,0,0,0,4.031401845392172,-1,-999,0,0,0,0,0,0,0,0
17,24,0,0,0,1,0,0,0,0,4.038320189106,-1,-999,0,0,0,0,0,0,0,0
25,9,0,1,0,1,0,0,0,0,4.091622411276601,-1,-999,0,1,1,10,0,0,0,0
23,47,0,0,0,0,0,0,0,22,4.570131229637298,-1,-999,0,0,0,0,0,0,0,1
13,53,0,1,0,1,0,0,0,0,4.318166244301905,-1,-999,0,0,0,1,1,0,0,0
29,11,0,0,0,1,0,0,0,2,4.535986660594079,-1,-999,0,0,0,0,0,0,0,0
14,53,0,0,0,1,0,0,0,5,4.776841629570236,-1,-999,0,0,0,0,0,0,0,1
16,33,0,0,0,1,0,0,0,0,4.332294941091036,-1,-999,0,0,0,1,1,0,0,0
16,1,0,1,0,1,0,0,0,1,3.9736606896881863,-1,-999,0,0,0,10,0,0,0,0
21,19,0,0,0,1,0,0,0,0,4.219928086715924,-1,-999,0,0,0,0,0,0,0,1
17,24,0,0,0,1,0,0,0,0,4.196854365656767,-1,-999,0,0,0,0,0,0,0,0
20,1,0,1,0,1,0,0,0,2,4.090234012145144,-1,-999,0,0,0,17,0,0,0,1
22,9,0,0,0,1,0,0,0,0,4.201231789474709,-1,-999,0,1,1,21,0,0,0,0
17,49,0,0,0,1,0,0,0,17,4.941230778710514,-1,-999,0,0,0,11,0,0,1,1
20,80,0,1,0,0,2,0,0,27,4.71422949370708,-1,-999,0,0,0,10,0,0,0,1
43,1,0,0,0,2,0,0,2,10,4.549205488733373,-1,-999,0,0,0,0,0,0,0,1
36,4,0,0,0,1,1,0,3,1,4.2950427723692055,-1,-999,0,0,0,1,0,0,0,1
17,144,0,0,0,0,1,0,0,27,5.300800650655143,-1,-999,0,0,0,0,0,0,0,1
11,14,0,0,0,0,0,0,0,1,3.73345859334435,-1,-999,0,0,0,6,0,0,0,0
6,69,0,1,0,0,0,0,0,15,4.882865190404103,-1,-999,0,0,0,7,0,0,0,1
15,24,0,0,0,1,0,0,0,0,4.379449119468085,-1,-999,0,3,0,170,0,0,0,0
16,31,0,1,0,1,0,0,0,0,4.211565233022163,-1,-999,0,4,0,5,0,0,0,0
30,1,0,1,0,1,0,0,1,4,4.490029141717278,-1,-999,0,0,0,0,0,0,0,1
49,20,0,0,0,2,0,0,5,2,4.36808512606703,-1,-999,0,0,0,0,0,0,0,1
21,16,0,0,0,1,0,0,0,0,4.248426788747655,-1,-999,0,0,0,0,0,0,0,0
24,9,0,0,0,1,0,0,0,0,4.189822782008756,-1,-999,0,0,0,0,0,0,0,1
8,1,0,0,0,0,0,0,0,0,3.452819531114783,-1,-999,0,0,1,30,0,0,0,0
17,1,0,1,0,1,0,0,0,0,3.738149333192866,-1,-999,0,0,0,0,0,0,0,0
11,11,0,0,0,0,0,0,1,0,4.073329701949522,-1,-999,0,0,0,8,0,0,0,0
19,1,0,1,0,1,0,0,0,0,3.574164743022575,-1,-999,0,2,0,36,0,0,0,0
50,67,0,0,0,3,2,0,1,18,4.693259189030108,-1,-999,0,0,0,0,0,0,0,1
19,13,0,0,0,0,0,0,0,2,4.425070520364182,-1,-999,0,0,0,0,0,0,0,1
19,1,0,0,0,1,0,0,1,0,3.9302703722934536,-1,-999,0,0,0,0,0,0,0,0
21,1,0,1,0,1,0,0,0,1,3.8565647621309544,-1,-999,0,2,0,4,1,0,0,1
22,35,0,0,0,1,0,0,0,8,4.503274219659049,-1,-999,0,0,0,1,0,0,0,0
14,226,0,0,0,0,1,0,0,59,4.6657587378205685,-1,-999,0,0,0,0,0,0,0,1
25,10,0,1,0,1,0,0,0,8,4.443365626644182,-1,-999,0,0,0,0,0,0,0,1
27,43,0,0,0,1,0,0,0,0,4.481826353730953,-1,-999,0,1,5,28,0,0,0,0
19,36,0,0,0,1,0,0,0,19,4.711945503795683,-1,-999,0,0,0,0,0,0,0,1
8,15,0,1,0,0,0,0,0,1,4.327819531114783,-1,-999,0,0,1,20,0,0,1,1
19,1,0,0,0,1,0,0,0,0,3.8841550945958043,-1,-999,0,0,0,0,0,0,0,0
13,74,0,0,0,0,1,0,0,0,4.424553309276573,-1,-999,0,0,0,0,0,0,0,1
30,11,0,1,0,2,1,0,0,7,4.491861884754925,-1,-999,1,4,0,44,0,0,0,1
18,74,0,1,0,1,0,1,1,7,4.994070888349661,-1,-999,0,0,0,0,0,0,0,1
13,77,0,1,0,1,1,0,0,0,4.247338516156202,-1,-999,0,0,0,1,1,0,0,0
10,1,0,0,0,1,0,0,0,0,3.3082708345352603,-1,-999,0,0,0,5,0,0,0,0
15,222,0,1,0,0,1,0,0,100,4.9693117136183265,-1,-999,0,0,0,0,0,0,0,1
16,13,0,1,0,1,0,0,0,0,4.087567554701195,-1,-999,0,4,0,5,0,0,0,0
16,9,0,1,0,1,0,0,0,0,4.142138437212473,-1,-999,0,0,0,1,0,0,0,0
15,1,0,1,0,1,0,0,0,0,3.8239348962840563,-1,-999,0,0,1,5,0,0,0,0
26,6,0,0,0,1,0,0,0,0,3.884653744936846,-1,-999,0,0,0,0,0,0,0,1
13,246,0,1,0,1,2,0,0,52,5.717614806865455,-1,-999,0,4,0,23,0,0,0,1
31,1,0,0,0,2,0,0,0,0,4.092342603144792,-1,-999,0,0,0,0,1,0,0,1
26,43,0,0,0,1,0,0,0,11,4.951742632043196,-1,-999,0,0,0,0,0,0,0,1
19,214,0,1,0,1,3,0,0,35,4.8258546192345815,-1,-999,0,0,0,23,1,1,0,1
32,1,0,1,0,1,0,0,0,7,4.143541333622539,-1,-999,0,0,0,0,0,0,0,1
16,31,0,1,0,1,0,0,0,0,4.233733977547137,-1,-999,0,4,0,5,0,0,0,0
13,0,0,0,0,0,0,0,0,0,3.8219280948873626,-1,-999,0,0,0,0,0,0,0,0
30,1,0,0,0,1,1,0,1,0,4.218469211370856,-1,-999,0,0,0,0,0,0,0,1
17,28,0,0,0,1,3,0,1,0,4.2217117760337635,-1,-999,0,0,0,0,0,0,0,1
26,0,0,0,0,1,0,0,0,0,4.028946391954607,-1,-999,0,2,0,4,1,0,0,1
29,1,0,1,0,1,0,0,0,0,4.221097250057958,-1,-999,0,2,0,5,0,0,0,1
15,12,0,0,0,0,0,0,0,0,4.0989440037669045,-1,-999,0,0,0,0,0,0,0,1
29,0,0,0,0,1,0,0,1,0,4.0724312513221195,-1,-999,0,0,14,15,0,0,0,0
13,59,0,0,0,1,0,0,0,0,4.29046967386494,-1,-999,0,1,0,49,0,0,0,0
27,59,0,1,0,1,0,0,0,0,4.314127586420959,-1,-999,0,0,0,0,0,0,0,1
14,10,0,0,0,0,0,0,0,0,3.84888461662912,-1,-999,0,0,0,0,0,0,0,1
26,1,0,1,0,3,0,0,0,3,3.771860873964197,-1,-999,0,0,0,0,0,0,0,1
32,1,0,0,0,1,0,0,0,0,4.075070520364182,-1,-999,0,7,0,20,0,0,0,0
20,10,0,0,0,0,0,0,0,0,4.026360459931184,-1,-999,0,0,0,8,0,0,0,1
25,49,0,0,0,1,0,0,0,8,4.512844608818181,-1,-999,0,0,0,0,0,0,0,0
13,1,0,0,0,0,0,0,0,1,3.880179922675738,-1,-999,0,0,0,0,0,0,0,1
13,1,0,1,0,1,0,0,0,0,3.481714572986073,-1,-999,0,0,1,18,0,0,0,0
18,20,0,0,0,1,0,0,0,0,4.055648863372104,-1,-999,1,30,2,31,0,0,0,0
21,29,0,0,0,0,2,0,0,4,4.41834281270701,-1,-999,0,0,0,0,0,0,0,1
19,55,0,0,0,1,0,0,0,17,4.462945300423534,-1,-999,0,0,0,0,0,0,0,1
4,5,0,0,0,0,0,0,0,0,3.202819531114783,-1,-999,0,0,1,9,0,0,0,1
30,85,0,1,0,1,0,0,1,16,5.184839074967461,-1,-999,0,5,0,34,0,0,0,1
18,88,0,1,0,1,0,0,0,1,4.344241438312634,-1,-999,0,12,1,20,0,0,0,0
14,56,0,0,1,0,0,0,0,12,4.66602834632891,-1,-999,0,0,0,1,0,0,0,1
18,1,0,1,0,1,0,0,0,0,3.763965742824081,-1,-999,0,0,4,32,0,0,0,0
27,1,0,0,0,1,0,0,0,0,3.9900172174899033,-1,-999,0,0,0,0,0,0,0,1
21,12,0,0,0,1,0,0,0,0,4.077567157116929,-1,-999,0,8,0,46,0,0,0,0
23,1,0,1,0,1,0,0,0,3,3.952819531114783,-1,-999,0,2,0,4,1,0,0,1
22,53,0,0,0,2,0,0,0,42,4.55864086730828,-1,-999,0,0,0,0,0,0,0,1
21,19,0,1,0,0,1,0,1,0,4.19870825257941,-1,-999,0,0,0,0,0,0,0,1
22,4,0,0,0,1,0,0,0,0,3.740771391823488,-1,-999,0,0,0,0,0,0,0,1
31,16,0,0,0,1,0,0,1,2,4.459069567885004,-1,-999,0,0,0,0,0,0,0,0
21,1,0,0,0,1,0,0,1,0,3.8573068568981284,-1,-999,0,0,1,17,0,0,0,0
24,1,0,0,0,1,0,0,0,0,4.390319531114783,-1,-999,0,0,0,0,0,0,0,1
31,34,0,0,0,1,0,0,0,0,4.0932160643218705,-1,-999,0,1,3,26,0,0,0,0
14,21,0,0,0,1,0,0,0,5,4.3297176493718394,-1,-999,0,3,0,10,0,0,1,0
18,49,0,0,0,1,0,0,0,0,4.359536433337314,-1,-999,0,0,0,0,0,0,0,0
15,13,0,1,0,1,0,0,0,0,4.104243668758971,-1,-999,0,1,0,35,0,0,0,1
21,28,0,0,0,1,0,1,0,57,4.933785209016701,-1,-999,0,0,0,0,0,0,0,1
20,114,0,1,0,1,0,0,2,70,4.827205045930689,-1,-999,0,0,0,0,0,0,0,1
32,10,0,1,0,0,1,0,0,0,4.096174630069641,-1,-999,0,0,0,0,0,0,0,1
16,17,0,1,0,1,0,0,0,0,3.9937435421572633,-1,-999,0,4,0,5,0,0,0,0
31,53,0,0,0,1,0,1,0,0,4.535972800375939,-1,-999,0,0,0,0,0,0,0,1
24,47,0,0,0,1,0,0,0,0,4.360007225690659,-1,-999,0,22,5,13,0,0,0,0
15,14,0,0,0,0,1,0,1,0,4.18354236243323,-1,-999,0,0,0,1,1,0,1,1
17,61,0,0,0,1,0,0,0,6,4.719899978107059,-1,-999,0,0,0,0,0,0,0,0
11,1,0,1,0,1,0,0,0,0,3.5464393446710156,-1,-999,0,0,0,0,0,0,0,0
27,1,0,0,0,1,0,0,0,0,3.8972997175517166,-1,-999,0,0,0,0,0,0,0,1
15,76,0,1,0,1,0,0,0,8,5.168132222654381,-1,-999,0,0,0,0,0,0,0,1
26,25,0,0,0,1,0,0,0,0,4.210586598202836,-1,-999,0,0,0,31,0,0,0,0
7,6,0,1,0,0,0,0,0,1,3.7849418274376427,-1,-999,0,0,0,0,0,0,0,1
11,33,0,0,0,0,0,0,0,1,4.187158558405723,-1,-999,0,0,0,0,0,0,0,1
27,1,0,0,0,1,0,0,0,0,3.921721231045241,-1,-999,0,0,0,7,0,0,0,0
11,2,0,1,0,0,0,0,0,0,3.6537567082870015,-1,-999,0,0,0,0,0,0,0,1
15,1,0,0,0,1,0,0,0,0,3.936180434129755,-1,-999,0,0,0,0,0,0,0,0
25,4,0,0,0,1,1,0,0,0,4.030493056757482,-1,-999,0,0,0,1,1,0,0,0
8,1,0,1,0,0,0,0,0,0,3.572469458770136,-1,-999,0,0,0,1,0,0,0,0
13,51,0,1,0,1,0,0,0,13,4.782559509609941,-1,-999,0,0,0,0,0,0,0,1
20,29,0,0,0,1,0,0,0,10,4.588804369244613,-1,-999,0,0,0,0,0,0,0,1
18,1,0,0,0,1,0,0,0,0,3.8441065448145384,-1,-999,0,0,0,0,0,0,0,1
19,0,0,0,0,1,0,0,0,1,3.95006375643621,-1,-999,0,0,0,1,0,0,0,0
23,81,0,1,0,1,0,0,0,9,5.1669931221455005,-1,-999,0,5,0,34,0,0,0,1
29,39,0,1,0,1,1,0,0,2,4.186649793191769,-1,-999,0,0,0,0,0,0,0,1
16,73,0,1,0,1,0,0,0,21,5.304041762749143,-1,-999,0,0,0,26,0,0,1,1
24,1,0,0,0,2,0,0,1,6,3.92095859334435,-1,-999,0,0,0,0,0,0,0,1
12,100,0,0,0,0,1,0,0,26,4.8800120958272775,-1,-999,0,0,0,0,0,0,0,1
29,9,0,1,0,1,0,0,0,0,3.9988018367653253,-1,-999,0,0,0,0,0,0,0,1
25,5,0,1,0,1,0,0,0,8,4.280693631807705,-1,-999,0,0,0,0,0,0,0,1
15,1,0,1,0,1,0,0,0,0,3.855388542207534,-1,-999,0,21,0,23,0,0,1,0
18,1,0,0,0,1,0,0,0,4,3.8441065448145384,-1,-999,0,0,0,40,0,0,1,0
16,107,0,1,0,1,0,0,0,8,5.418754441621393,-1,-999,0,0,0,13,0,0,0,1
26,1,0,1,0,1,0,0,1,0,4.071581588126285,-1,-999,0,0,0,0,0,0,0,1
17,0,0,0,0,0,0,0,0,1,3.653107168362811,-1,-999,0,0,0,0,0,0,0,0
22,52,0,1,0,1,3,0,0,3,4.457473195193397,-1,-999,0,0,0,0,0,0,0,1
11,8,0,1,0,0,0,0,0,2,4.106377316818027,-1,-999,0,0,0,15,0,0,0,1
22,25,0,0,0,1,0,0,0,0,4.256853187541597,-1,-999,0,0,0,0,0,0,0,1
25,1,0,0,0,1,0,0,0,0,3.942438726128142,-1,-999,0,2,0,26,0,0,0,0
24,11,0,0,0,1,0,0,2,0,4.0580531366523855,-1,-999,1,24,0,14,0,0,0,1
21,137,0,0,0,1,0,0,0,81,4.662298329555797,-1,-999,0,0,0,0,0,0,0,1
19,24,0,0,0,1,0,0,0,0,4.1079764393853,-1,-999,0,2,0,6,0,0,0,0
25,1,0,1,0,1,0,0,0,0,4.035273502696889,-1,-999,0,0,0,2,0,0,0,0
16,317,0,1,0,1,2,0,0,103,5.249746438712389,-1,-999,0,0,0,3,0,0,0,1
21,65,0,1,0,1,1,0,0,0,4.36323489593074,-1,-999,0,0,0,0,0,0,0,1
14,0,0,0,0,0,0,0,0,0,3.558518613048906,-1,-999,0,0,0,0,1,0,0,0
13,49,0,1,0,1,0,0,0,0,4.239598288733035,-1,-999,0,0,0,0,0,0,0,0
29,34,0,1,0,2,0,0,0,6,4.49449298608677,-1,-999,0,0,0,0,0,0,0,0
17,12,0,0,0,1,0,0,0,0,3.8956388075276673,-1,-999,0,0,0,0,1,0,0,1
27,61,0,1,0,1,0,0,1,1,4.49171552779875,-1,-999,0,0,0,7,0,0,0,1
10,7,0,1,0,0,0,0,0,5,4.2136606896881865,-1,-999,0,0,0,0,0,0,0,1
17,29,0,0,0,0,0,1,0,61,4.910488209264668,-1,-999,0,0,0,0,0,0,0,1
24,4,0,0,0,0,0,0,0,0,4.093149802473812,-1,-999,0,0,0,0,0,0,0,1
47,25,0,1,0,3,1,1,0,2,4.3905227106408535,-1,-999,0,0,0,0,0,0,0,1
30,29,0,0,0,1,0,0,0,10,4.60411154320752,-1,-999,0,0,0,0,0,0,0,1
18,58,0,0,0,1,0,0,0,0,4.3239711677522985,-1,-999,0,0,0,2,1,0,0,0
14,37,0,0,0,1,0,0,0,0,4.217316934850477,-1,-999,0,5,0,39,0,0,0,1
26,10,0,0,0,1,0,0,0,1,4.496032196562563,-1,-999,0,4,0,10,0,0,0,0
50,68,0,0,0,3,2,0,1,17,4.745387410689394,-1,-999,0,0,0,0,0,0,0,1
26,23,0,1,0,0,1,0,0,0,4.173181962688815,-1,-999,0,0,0,0,0,0,0,1
34,37,0,0,0,1,1,0,3,25,4.562278783042915,-1,-999,0,0,0,0,0,0,0,1
15,1,0,0,0,1,0,0,0,0,3.642489673166126,-1,-999,0,0,0,0,0,0,0,0
29,24,0,1,0,3,0,0,0,1,4.2583886741473975,-1,-999,0,0,0,0,0,0,0,1
23,1,0,1,0,1,0,0,0,2,3.652518266288633,-1,-999,0,0,0,0,0,0,0,1
16,66,0,0,0,0,3,0,0,4,4.438002179762828,-1,-999,0,4,0,26,0,0,0,1
28,1,0,0,0,1,0,0,0,0,3.7799500009615414,-1,-999,0,0,0,0,0,0,0,0
14,34,0,0,0,0,0,0,0,0,4.15666432377391,-1,-999,0,0,0,0,0,0,0,1
29,73,0,0,0,1,1,1,0,0,4.783501047036619,-1,-999,0,0,0,13,0,0,0,1
16,11,0,1,0,1,0,0,0,0,4.090296503327815,-1,-999,0,4,0,5,0,0,0,0
22,1610,0,1,0,1,1,0,0,267,5.996951720132782,-1,-999,0,0,0,0,0,0,0,1
14,51,0,0,0,1,0,0,0,0,4.273820752900348,-1,-999,0,0,0,0,0,0,0,0
25,210,0,1,0,1,4,0,0,25,4.743603799995629,-1,-999,0,0,0,0,0,0,0,1
28,1,0,1,0,1,0,0,0,0,4.026360459931184,-1,-999,0,0,0,0,0,0,0,0
9,22,0,0,0,0,0,0,0,4,4.5041206053780485,-1,-999,0,0,0,0,0,0,0,1
13,5,0,1,0,1,0,0,0,1,3.95006375643621,-1,-999,0,0,0,0,0,0,0,0
22,86,0,0,0,1,0,0,0,1,4.64815609193326,-1,-999,0,6,0,11,0,0,0,0
16,21,0,1,0,1,0,0,0,0,4.2166513633240275,-1,-999,0,4,0,5,0,0,0,0
33,29,0,0,0,1,0,0,0,10,4.547324827605828,-1,-999,0,0,0,0,0,0,0,1
11,0,0,1,0,0,0,0,0,0,3.536886723742168,-1,-999,0,0,0,0,0,0,0,1
22,10,0,0,0,1,0,0,0,0,4.019143808983937,-1,-999,0,0,0,0,0,0,0,1
17,32,0,0,0,0,0,0,0,6,4.362821832957942,-1,-999,0,1,2,52,0,0,0,0
22,15,0,1,0,0,0,0,0,1,4.163532262755957,-1,-999,0,0,0,0,0,0,0,1
39,28,0,0,0,2,1,0,1,6,4.5827263866432055,-1,-999,0,0,0,0,0,0,0,1
59,11,0,0,0,7,2,0,0,4,4.301430503197131,-1,-999,0,0,0,0,0,0,0,1
32,92,0,1,0,1,0,0,1,13,5.421325763492534,-1,-999,0,5,0,34,0,0,0,1
12,23,0,0,0,0,1,0,0,0,3.8738784344259662,-1,-999,0,9,0,15,0,0,0,1
11,1,0,1,0,0,0,0,0,0,3.6086949695628423,-1,-999,0,0,0,0,0,0,0,0
27,223,0,1,0,0,0,1,0,62,5.057611093929209,-1,-999,0,0,0,0,0,0,0,1
13,47,0,0,0,0,0,1,0,0,4.29827529826875,-1,-999,0,0,0,16,0,0,0,1
20,41,0,1,0,1,0,0,0,27,4.536010058748924,-1,-999,0,0,0,4,0,0,0,1
22,4,0,0,0,0,0,0,0,0,3.98319563424773,-1,-999,0,0,0,0,0,0,0,1
25,9,0,0,0,1,1,0,0,1,4.045980358012783,-1,-999,0,0,0,0,0,0,0,1
17,81,0,0,0,0,0,1,0,0,4.5230812536676135,-1,-999,0,0,0,0,0,0,0,1
16,19,0,0,0,1,0,0,0,1,4.248841720211617,-1,-999,0,0,0,0,0,0,0,1
25,238,0,0,0,1,0,0,0,61,5.068056056178391,-1,-999,0,0,0,0,0,0,0,1
14,56,0,1,0,1,0,0,0,4,4.574094635340468,-1,-999,0,2,0,15,0,0,0,0
29,1,0,0,0,1,0,0,2,0,3.992708770800467,-1,-999,0,0,0,0,0,0,0,1
11,30,0,0,0,1,1,0,0,4,4.125814583693912,-1,-999,0,0,2,11,0,0,0,0
14,53,0,1,0,1,0,0,0,4,4.704503500994273,-1,-999,0,2,0,15,0,0,0,0
20,13,0,0,0,1,0,0,0,0,4.375070520364182,-1,-999,0,0,0,0,0,0,0,0
23,0,0,1,0,1,0,0,0,0,4.106949132758152,-1,-999,0,0,0,16,0,0,0,1
50,68,0,1,0,3,2,0,1,19,4.738486711193079,-1,-999,0,0,0,0,0,0,0,1
19,8,0,0,0,0,0,0,0,0,3.8414473125268023,-1,-999,0,0,0,0,0,0,0,1
27,71,0,0,0,1,0,1,0,11,4.795204828511834,-1,-999,0,0,0,0,0,0,0,1
27,53,0,0,0,0,0,0,1,14,4.816990084041515,-1,-999,0,0,0,0,0,0,0,1
37,44,0,1,0,1,0,0,0,8,4.524703483365905,-1,-999,0,0,0,1,0,0,0,0
13,120,0,0,0,0,2,0,0,1,4.258537875886977,-1,-999,0,0,0,0,0,0,0,1
11,13,0,0,0,0,0,0,0,0,3.8858280691364318,-1,-999,0,0,0,6,0,0,0,0
12,108,0,0,0,0,0,0,0,34,4.90725473485082,-1,-999,0,0,0,1,0,0,0,1
16,31,0,1,0,1,0,0,0,9,4.343294551164645,-1,-999,0,0,0,23,1,1,0,1
23,15,0,0,0,1,0,0,1,4,4.501397825434103,-1,-999,0,0,0,0,0,0,0,1
8,1,0,1,0,0,0,0,0,0,3.5280643115840493,-1,-999,0,0,0,0,0,0,0,0
23,65,0,0,0,1,0,0,0,4,4.601942877798832,-1,-999,0,0,0,0,0,0,0,0
19,0,0,1,0,1,0,0,1,0,3.902311575917029,-1,-999,0,0,0,1,0,0,0,1
25,0,0,0,0,1,0,0,1,0,4.077819531114783,-1,-999,0,0,0,1,0,0,0,1
21,1,0,0,0,1,1,0,1,0,3.8143719431796272,-1,-999,0,0,0,0,0,0,0,1
30,1,0,0,0,2,1,0,0,3,4.1287347499440905,-1,-999,0,0,0,0,0,0,0,1
27,57,0,1,0,1,0,0,1,4,5.180639401474028,-1,-999,0,5,0,34,0,0,0,1
50,67,0,1,0,3,2,0,1,24,4.815995323008757,-1,-999,0,0,0,0,0,0,0,1
25,97,0,0,0,1,0,0,0,0,4.712691527300216,-1,-999,0,0,0,63,0,0,0,0
29,12,0,1,0,1,0,0,0,0,4.20667477350927,-1,-999,0,0,0,0,0,0,0,1
22,22,0,1,0,1,1,0,1,2,4.382568083276077,-1,-999,0,0,0,0,0,0,0,1
13,8,0,1,0,1,0,0,0,0,3.8143719431796272,-1,-999,0,0,1,6,0,0,0,0
32,17,0,1,0,1,0,0,0,0,4.236508988556128,-1,-999,0,0,0,1,0,0,0,0
24,10,0,0,0,2,0,0,0,0,4.143541333622539,-1,-999,0,0,0,1,0,0,0,1
22,1,0,0,0,1,0,0,0,0,3.8225797618424915,-1,-999,0,2,0,40,0,0,1,0
12,22,0,0,0,0,0,0,0,2,3.9971998702079046,-1,-999,0,4,0,9,0,0,0,0
17,44,0,1,0,1,0,0,0,0,4.196838546011007,-1,-999,0,0,0,1,1,0,0,0
19,17,0,1,0,1,0,0,0,1,4.237285311573267,-1,-999,0,0,0,0,0,0,0,1
25,1,0,0,0,1,0,0,0,0,4.150158513166728,-1,-999,0,1,26,17,0,0,0,0
29,1,0,1,0,1,0,0,0,0,4.168465671110589,-1,-999,0,0,0,2,0,0,0,0
23,1,0,1,0,1,0,0,0,0,3.9056390622295662,-1,-999,0,1,0,22,0,0,0,0
15,132,0,0,0,1,0,0,0,27,5.295349629034192,-1,-999,0,0,0,0,0,0,0,1
36,1,0,1,0,3,1,0,1,4,4.041092818215358,-1,-999,0,0,0,0,0,0,0,1
16,15,0,0,0,1,0,0,0,0,4.240962710641207,-1,-999,0,0,0,1,0,0,0,0
18,1,0,1,0,1,0,0,0,0,3.8561962982193796,-1,-999,0,0,0,1,0,0,0,0
17,0,0,0,0,1,0,0,0,0,3.5220552088742005,-1,-999,0,0,0,23,0,0,0,0
14,44,0,0,0,0,0,0,0,13,4.77850207357611,-1,-999,0,0,0,1,0,0,0,1
31,79,0,0,0,1,0,0,0,36,4.8055707034839035,-1,-999,0,0,0,0,0,0,0,1
18,15,0,0,0,1,0,0,0,2,4.227567157116929,-1,-999,0,0,0,0,0,0,0,1
23,17,0,1,0,1,0,0,1,0,4.157268229617389,-1,-999,0,6,2,22,0,0,0,0
50,69,0,1,0,3,2,0,1,25,4.756547149637055,-1,-999,0,0,0,0,0,0,0,1
22,22,0,1,0,1,0,0,1,2,4.375557929879918,-1,-999,0,5,0,8,0,0,0,0
17,42,0,1,0,2,0,0,0,0,4.120393385461234,-1,-999,0,6,0,13,0,0,0,0
11,91,0,0,0,1,0,0,0,4,4.796003390542482,-1,-999,0,0,0,132,0,0,0,0
25,30,0,0,0,1,0,0,0,0,4.205864812989984,-1,-999,0,4,0,39,0,0,0,0
20,16,0,0,0,1,0,0,0,0,4.065117661376963,-1,-999,0,0,0,1,1,0,0,0
20,33,0,0,0,1,0,0,0,0,4.245380854413336,-1,-999,0,0,0,0,0,0,0,1
15,124,0,0,0,1,1,1,0,38,5.155338920632873,-1,-999,0,0,0,0,0,0,0,1
10,49,0,0,0,0,0,0,0,10,4.564867748271415,-1,-999,0,6,0,41,0,0,0,0
19,22,0,1,0,1,0,0,0,6,4.7532696895151085,-1,-999,1,11,0,25,0,0,0,0
17,15,0,0,0,1,1,0,0,0,3.9578525390977015,-1,-999,0,0,0,0,0,0,0,1
22,36,0,0,0,0,0,0,1,6,4.58070686278076,-1,-999,0,0,0,0,0,0,0,1
15,56,0,0,0,1,0,0,0,0,4.298965611660131,-1,-999,0,0,1,20,0,0,1,0
16,15,0,1,0,1,0,0,0,0,3.850167130374118,-1,-999,0,0,0,23,1,1,0,1
10,6,0,0,0,0,0,0,0,2,3.6966249991590185,-1,-999,0,0,0,2,0,0,0,1
10,28,0,0,0,0,0,0,0,2,4.41708580796078,-1,-999,0,0,0,0,0,0,0,1
20,29,0,1,0,0,0,0,0,0,4.275505804810935,-1,-999,0,0,0,0,0,0,0,1
31,1,0,0,0,1,0,0,0,0,3.974647975817024,-1,-999,0,0,0,0,0,0,0,0
15,1,0,1,0,1,0,0,0,0,3.9387218755408675,-1,-999,0,1,0,8,0,0,0,0
23,1,0,0,0,1,0,0,0,0,3.913400745661378,-1,-999,0,0,0,0,0,0,0,0
24,8,0,0,0,2,0,0,1,0,4.067202859776943,-1,-999,0,0,0,0,0,0,0,1
19,42,0,0,0,0,0,0,0,11,4.295811460047585,-1,-999,0,0,0,0,0,0,0,1
15,43,0,1,0,2,0,0,0,0,4.119432509287223,-1,-999,0,9,0,22,0,0,0,0
19,11,0,0,0,0,0,0,0,0,3.9767603798333604,-1,-999,0,0,0,0,0,0,0,1
22,1,0,0,0,1,0,0,0,0,3.939572261986723,-1,-999,0,2,2,79,0,0,0,0
20,26,0,0,0,1,0,0,0,0,4.27897729381846,-1,-999,0,0,0,22,0,0,0,0
11,28,0,0,0,0,0,0,0,2,4.094244435147134,-1,-999,0,0,0,0,0,0,0,1
24,30,0,0,0,1,0,0,0,0,4.241251271563516,-1,-999,0,0,0,0,0,0,0,1
19,59,0,0,0,1,0,0,0,10,4.56096144864439,-1,-999,0,9,0,21,0,0,0,0
16,0,0,0,0,0,0,0,0,0,3.5670402169265785,-1,-999,0,0,0,0,0,0,0,0
14,36,0,0,0,1,0,0,0,0,4.2426232963736155,-1,-999,0,0,0,0,0,0,0,1
16,1,0,1,0,1,0,0,0,0,4.103465189601647,-1,-999,0,0,0,6,0,0,0,0
16,107,0,1,0,1,0,0,0,6,5.285962537091172,-1,-999,0,0,0,13,0,0,0,1
50,67,0,1,0,3,2,0,1,24,4.859507853263225,-1,-999,0,0,0,0,0,0,0,1
20,82,0,0,0,0,0,0,0,43,4.738864406129728,-1,-999,0,0,0,0,0,0,0,1
50,68,0,1,0,3,2,0,1,22,4.741412720105685,-1,-999,0,0,0,0,0,0,0,1
12,19,0,0,0,0,0,0,0,3,4.040709013945501,-1,-999,0,0,0,0,0,0,0,1
12,0,0,0,0,0,0,0,0,0,3.4316235658474312,-1,-999,0,0,0,6,0,0,0,0
44,1,0,1,0,3,0,0,0,3,4.3152848656732,-1,-999,0,0,0,0,0,0,0,1
28,22,0,1,0,1,1,0,0,0,4.22616715178112,-1,-999,0,5,0,16,0,0,0,0
19,0,0,0,0,0,0,0,0,0,4.13294404498096,-1,-999,0,0,0,1,1,0,0,0
18,60,0,0,0,1,0,0,0,3,4.322142667346394,-1,-999,0,0,0,0,0,0,0,0
10,6,0,0,0,0,0,0,0,0,3.588354347173233,-1,-999,1,3,0,11,0,0,0,1
13,1,0,0,0,1,0,0,0,0,3.6178096843744556,-1,-999,0,14,1,19,0,0,1,0
16,1,0,1,0,1,0,0,0,0,3.8332696895151086,-1,-999,0,0,2,22,0,0,0,0
17,0,0,0,0,0,0,0,0,0,3.855388542207534,-1,-999,0,3,2,25,0,0,0,0
28,11,0,0,0,3,0,0,0,9,4.377278130987436,-1,-999,0,0,0,0,0,0,0,1
15,18,0,1,0,1,0,0,0,0,3.930007492106357,-1,-999,0,0,0,2,0,0,0,1
10,17,0,1,0,0,1,0,0,0,4.011585431837431,-1,-999,0,6,0,48,0,0,0,1
17,1,0,1,0,1,0,0,0,0,3.7671834678914613,-1,-999,0,0,0,1,1,0,0,0
20,4,0,0,0,0,0,0,1,0,3.873235826376329,-1,-999,0,0,0,0,0,0,0,1
15,33,0,0,0,1,0,0,0,0,4.102943988457851,-1,-999,1,9,1,20,0,0,0,0
22,68,0,0,0,0,1,0,1,3,4.680210865710701,-1,-999,0,0,0,0,0,0,0,1
19,44,0,0,0,0,1,0,1,4,4.40817356101561,-1,-999,0,0,0,0,0,0,0,1
50,47,0,0,0,1,0,0,5,14,4.80745661929097,-1,-999,0,0,0,0,0,0,0,1
50,67,0,1,0,3,2,0,1,21,4.798265146121579,-1,-999,0,0,0,0,0,0,0,1
18,1,0,0,0,1,0,0,0,0,3.8441065448145384,-1,-999,0,0,0,14,0,0,0,0
42,9,0,1,0,0,0,0,0,0,4.155688550854541,-1,-999,0,0,0,0,0,0,0,1
15,35,0,0,0,1,0,0,0,6,4.827387244941066,-1,-999,0,0,0,0,0,0,0,1
15,1,0,1,0,1,0,0,0,0,3.3553885422075336,-1,-999,0,0,0,1,0,0,0,0
11,12,0,1,0,0,0,0,0,0,3.784368487596862,-1,-999,0,1,0,9,0,0,1,0
29,1,0,0,0,1,0,0,2,1,4.013111135723804,-1,-999,0,0,0,0,0,0,0,1
20,54,0,0,0,0,0,0,0,0,4.218299849920031,-1,-999,0,0,0,0,0,0,0,1
20,69,0,0,0,1,0,0,1,45,4.673940501696144,-1,-999,0,0,0,0,0,0,0,1
53,43,0,0,0,1,2,0,0,0,4.431190490949641,-1,-999,0,0,0,0,0,0,0,1
14,8,0,0,0,0,0,0,0,0,3.7588670992335302,-1,-999,0,0,0,0,0,0,0,1
15,4,0,1,0,1,0,0,0,0,3.736006946447656,-1,-999,0,1,0,17,0,0,0,0
19,67,0,0,0,1,0,0,0,5,4.586848193337728,-1,-999,0,0,1,37,0,0,0,0
23,23,0,0,0,1,0,0,0,0,4.3630631411251075,-1,-999,0,54,0,17,0,0,0,0
24,1,0,0,0,1,0,0,0,0,3.85845859334435,-1,-999,0,2,0,48,0,0,0,0
17,217,0,1,0,0,3,0,0,26,4.669895860214375,-1,-999,0,0,0,64,0,0,0,1
19,15,0,0,0,0,1,0,0,0,4.071477469174168,-1,-999,0,0,0,0,0,0,0,1
13,15,0,0,0,0,0,0,0,0,3.9713023022883718,-1,-999,0,9,1,14,0,0,0,0
24,0,0,0,0,1,0,0,0,0,4.018081793978686,-1,-999,0,0,0,0,0,0,0,1
17,1,0,1,0,1,0,0,0,0,3.5073801024236357,-1,-999,0,0,1,17,0,0,0,0
32,340,0,0,0,1,0,1,2,48,5.943150979145026,-1,-999,0,0,0,0,0,0,0,1
18,163,0,1,0,1,1,0,0,39,5.349193557676616,-1,-999,0,0,0,0,0,0,0,1
21,1,0,0,0,1,0,0,0,0,3.7024715122197467,-1,-999,0,2,1,19,0,0,0,0
26,1,0,0,0,1,0,0,0,0,3.822181958642873,-1,-999,1,10,0,10,0,0,0,0
12,2,0,0,0,0,0,0,0,0,3.748994803525097,-1,-999,0,0,0,16,0,0,0,1
22,1,0,1,0,1,0,0,0,0,3.913400745661378,-1,-999,0,2,0,5,0,0,0,1
15,39,0,0,0,0,0,0,0,1,4.43155714919481,-1,-999,1,7,0,14,0,0,0,1
27,1,0,0,0,1,0,0,0,2,4.229003731107054,-1,-999,0,0,0,0,0,0,0,1
37,209,0,0,0,1,0,0,2,45,5.738993202895272,-1,-999,0,0,0,0,0,0,0,1
18,1,0,1,0,1,0,0,0,0,3.7080481500712312,-1,-999,0,0,0,2,0,0,0,0
23,1,0,0,0,1,0,0,0,0,3.84888461662912,-1,-999,0,0,1,6,0,0,0,0
21,1,0,1,0,1,0,0,1,0,3.7647351787255054,-1,-999,0,0,0,0,0,0,0,0
18,53,0,0,0,1,0,0,0,0,4.358556790582265,-1,-999,0,0,0,0,0,0,0,0
19,1,0,1,0,1,0,0,0,0,3.9407598325400897,-1,-999,0,0,1,3,0,0,1,0
12,57,0,0,0,0,0,0,0,3,4.8578125069732625,-1,-999,0,0,0,0,0,0,0,1
16,1,0,1,0,1,0,0,0,0,3.80307418942857,-1,-999,0,0,0,1,1,0,0,0
25,45,0,1,0,1,1,0,0,7,4.485355706119838,-1,-999,0,11,0,13,0,0,0,0
23,1,0,1,0,1,0,0,1,0,4.179229296672175,-1,-999,0,0,0,27,0,0,0,0
35,4,0,0,0,0,0,0,3,0,4.050204618865331,-1,-999,0,0,0,1,0,0,0,1
12,49,0,0,0,0,0,0,0,8,4.530632196206695,-1,-999,0,17,2,26,0,0,0,0
16,35,0,1,0,1,0,0,0,1,4.390328621280336,-1,-999,0,0,0,23,1,1,0,1
21,33,0,1,0,1,0,0,0,0,4.623494802902716,-1,-999,0,0,0,3,0,0,0,0
18,43,0,0,0,1,0,0,0,7,4.721376767874147,-1,-999,0,0,0,1,0,0,0,0
18,15,0,1,0,1,2,0,0,0,4.045980358012783,-1,-999,0,0,0,0,0,0,0,1
18,81,0,0,0,0,2,0,0,11,4.546482866468436,-1,-999,0,0,0,83,0,0,0,0
17,109,0,1,0,1,0,0,0,30,5.147682938582266,-1,-999,0,0,0,10,0,1,0,1
21,1,0,0,0,1,0,0,1,0,4.021268494903765,-1,-999,0,0,0,3,0,0,0,0
18,17,0,0,0,1,0,0,0,0,4.0799503875701,-1,-999,0,1,1,26,0,0,0,0
11,13,0,0,0,0,0,0,0,7,4.284683810317086,-1,-999,0,0,1,21,0,0,0,1
16,93,0,1,0,1,0,1,0,11,4.721663065568605,-1,-999,0,0,0,1,1,0,0,1
16,19,0,0,0,0,0,0,0,7,4.553944405764263,-1,-999,0,0,0,4,0,0,0,0
15,6,0,0,0,1,0,0,0,0,3.4547012441673464,-1,-999,0,9,1,9,0,0,0,1
11,72,0,0,0,0,1,0,0,0,4.27505648930481,-1,-999,0,2,1,4,0,0,0,1
8,19,0,0,0,0,0,0,0,1,4.006436738245532,-1,-999,0,2,0,21,0,0,0,1
19,1,0,1,0,0,0,0,1,0,4.012188403968661,-1,-999,0,1,0,26,0,0,0,0
12,1,0,1,0,1,0,0,0,0,3.6178096843744556,-1,-999,0,2,0,22,0,0,0,0
20,0,0,1,0,1,0,0,0,0,4.012188403968661,-1,-999,0,0,0,0,0,0,0,0
10,14,0,0,0,0,0,0,0,0,3.9101792788836405,-1,-999,0,0,0,1,0,0,0,1
15,222,0,0,0,0,1,0,0,100,4.970442302972155,-1,-999,0,0,0,0,0,0,0,1
16,20,0,1,0,1,0,0,0,0,4.399677289476145,-1,-999,0,0,0,1,0,0,0,0
27,1,0,1,0,1,1,0,0,0,3.7635585991342375,-1,-999,0,2,0,5,0,0,0,1
24,39,0,0,0,1,0,0,0,4,4.273109311346436,-1,-999,0,0,0,0,0,0,0,1
22,34,0,0,0,1,0,0,0,0,4.202828337121807,-1,-999,0,0,0,0,0,0,0,1
15,70,0,0,0,1,0,0,0,0,4.3313797239510174,-1,-999,0,0,1,20,0,0,1,0
28,43,0,1,0,2,1,0,1,21,4.665804920123208,-1,-999,0,0,0,0,0,0,0,1
15,1,0,0,0,1,0,0,1,0,3.642489673166126,-1,-999,0,8,2,4,0,0,0,0
17,53,0,0,0,0,0,0,0,8,4.560327495842967,-1,-999,0,0,0,1,1,0,0,0
25,11,0,1,0,1,0,0,0,2,4.252172175938122,-1,-999,0,0,1,24,0,0,1,1
16,14,0,1,0,1,0,0,0,0,3.945718475144532,-1,-999,0,0,0,0,0,0,0,1
23,1,0,1,0,1,0,0,0,0,3.9917292966721747,-1,-999,0,1,0,32,0,0,0,0
15,19,0,1,0,1,0,0,0,5,4.553944405764263,-1,-999,0,0,1,50,0,0,0,0
36,29,0,0,0,1,0,0,0,0,4.320821836028879,-1,-999,0,1,3,26,0,0,0,0
15,38,0,0,0,1,0,0,0,0,4.188664196778505,-1,-999,0,1,2,29,0,0,0,0
11,62,0,1,0,0,0,0,0,7,4.71384263371531,-1,-999,0,0,0,0,0,0,0,0
20,10,0,1,0,1,0,0,0,0,4.273728829005326,-1,-999,0,0,0,10,0,0,0,0
15,1,0,0,0,1,0,0,0,0,3.675310868912364,-1,-999,0,5,0,9,0,0,0,0
29,8,0,1,0,1,0,0,0,22,4.34998469665736,-1,-999,0,0,0,0,0,0,0,1
17,43,0,0,0,1,0,0,0,4,4.57879455625263,-1,-999,0,26,0,115,0,1,1,0
24,31,0,0,0,1,0,0,0,0,4.405595206058733,-1,-999,0,2,0,8,0,0,0,0
13,18,0,0,0,0,0,0,0,0,3.8828142771033956,-1,-999,0,0,0,0,0,0,0,1
50,69,0,1,0,3,2,0,1,14,4.750535155184977,-1,-999,0,0,0,0,0,0,0,1
16,17,0,0,0,0,0,0,0,0,4.062814895472355,-1,-999,0,0,1,3,0,0,0,1
19,1,0,1,0,0,0,0,0,0,3.9407598325400897,-1,-999,0,12,0,44,0,0,0,0
20,20,0,0,0,1,0,0,0,0,4.120885064757336,-1,-999,0,0,0,0,0,0,0,0
14,1,0,0,1,0,0,0,0,11,3.5383105956150063,-1,-999,0,0,0,0,0,0,0,1
21,39,0,0,0,0,1,0,0,2,4.912593481276515,-1,-999,0,0,0,0,0,0,0,1
12,198,0,0,0,0,1,0,0,69,4.7024373947806595,-1,-999,0,0,0,0,0,0,0,1
10,68,0,0,0,0,0,0,0,19,4.7690859718409895,-1,-999,0,0,0,0,0,0,0,1
19,20,0,0,0,1,0,0,0,0,3.8248887932870645,-1,-999,0,0,0,0,0,0,0,0
17,68,0,1,0,2,0,0,0,0,4.337907974619763,-1,-999,0,1,1,4,0,0,0,0
16,1,0,1,0,1,0,0,0,0,3.573660689688186,-1,-999,0,17,2,17,0,0,0,0
27,1,0,1,0,1,0,0,0,0,3.8956388075276673,-1,-999,0,0,0,1,0,0,0,0
11,21,0,0,0,0,0,0,0,3,3.9788500812712257,-1,-999,0,0,0,0,0,0,0,1
25,1,0,1,0,1,0,0,0,0,4.02085512047121,-1,-999,0,2,0,31,0,0,0,0
15,52,0,0,0,0,0,0,0,5,4.619908150490569,-1,-999,0,0,0,13,0,0,0,1
23,28,0,0,0,0,0,0,0,0,4.281671995727217,-1,-999,0,0,0,0,0,0,0,1
35,91,0,1,0,1,0,0,1,6,5.11247288095494,-1,-999,0,0,0,25,0,0,0,1
29,9,0,0,0,1,0,0,0,0,4.199876085498173,-1,-999,0,0,0,0,0,0,0,1
22,69,0,0,0,1,0,0,0,0,3.9381658242718887,-1,-999,0,0,0,0,0,0,0,0
16,28,0,1,0,1,0,0,0,2,3.9938037876756294,-1,-999,0,0,0,23,1,1,0,1
5,109,0,1,0,0,0,0,0,23,4.962556926326703,-1,-999,0,0,0,0,0,0,0,1
17,24,0,1,0,1,0,0,0,1,4.351968966953429,-1,-999,0,1,1,19,0,0,0,0
12,46,0,0,0,0,0,0,0,21,4.63407810598957,-1,-999,0,2,1,4,0,0,0,1
18,12,0,0,0,1,0,0,0,0,3.938654716746413,-1,-999,0,0,0,0,0,0,0,1
40,280,0,0,0,4,0,0,0,39,5.772436423437103,-1,-999,0,0,0,0,0,0,0,1
22,5,0,0,0,0,0,0,0,0,3.917626443873359,-1,-999,0,0,0,0,0,0,0,1
38,108,0,0,0,3,1,0,2,24,5.569025483132766,-1,-999,0,0,0,0,0,0,0,1
6,1,0,1,0,0,0,0,0,2,3.456564762130954,-1,-999,0,0,1,19,0,0,0,0
14,175,0,0,0,0,1,0,0,72,4.5603348573092894,-1,-999,0,0,0,0,0,0,0,1
14,14,0,1,0,1,0,0,0,0,3.9064821276822004,-1,-999,0,0,0,1,1,0,0,0
13,34,0,0,0,1,0,0,0,2,4.154087788317978,-1,-999,0,0,0,0,0,0,0,0
20,14,0,0,0,1,0,0,0,0,4.141105590449127,-1,-999,0,0,0,1,0,0,0,1
14,79,0,0,0,1,0,0,0,14,4.545400565873404,-1,-999,0,5,0,9,0,0,0,0
14,0,0,0,0,0,0,0,0,0,3.6897037321995474,-1,-999,0,0,1,9,0,0,1,0
19,48,0,0,0,1,0,0,0,6,4.573402657779789,-1,-999,0,2,1,21,0,0,1,0
15,76,0,1,0,1,0,0,0,11,5.3041004637559945,-1,-999,0,0,0,0,0,0,0,1
33,6,0,1,0,1,1,0,0,0,3.9911006930528705,-1,-999,0,0,0,0,0,0,0,1
16,31,0,0,0,1,0,0,0,0,4.333204170067784,-1,-999,0,0,0,1,1,0,0,0
11,34,0,0,0,0,0,0,0,4,4.5949792670764,-1,-999,0,0,0,0,0,0,0,1
34,0,0,0,0,1,0,0,0,0,4.043544614839371,-1,-999,0,2,0,4,1,0,0,1
14,24,0,0,0,1,0,0,0,2,4.402529762804034,-1,-999,0,0,0,0,0,0,0,0
43,33,0,1,0,1,0,0,0,43,4.488395810525922,-1,-999,0,0,0,0,0,0,0,1
15,0,0,1,0,0,0,0,1,0,4.1757358691004915,-1,-999,0,0,0,0,0,0,0,1
17,19,0,0,0,1,0,0,0,0,4.623257196260684,-1,-999,0,1,0,23,0,0,0,0
24,69,0,0,0,0,0,0,0,4,4.517083912013713,-1,-999,0,0,0,0,0,0,0,1
17,1,0,1,0,1,0,0,0,0,3.95006375643621,-1,-999,0,11,0,30,0,0,1,0
71,1,0,0,0,1,0,0,2,0,4.049715876287043,-1,-999,0,0,0,0,0,0,0,1
16,29,0,1,0,1,0,0,0,2,4.485009077564572,-1,-999,0,4,0,5,0,0,0,0
36,1,0,1,0,1,0,0,0,0,4.064323519495731,-1,-999,0,0,1,14,0,0,1,0
28,21,0,0,0,1,0,0,0,7,4.380742146844556,-1,-999,0,0,0,0,0,0,0,1
4,4,0,0,0,0,0,0,0,1,3.323231428797621,-1,-999,0,4,0,1,0,0,0,1
19,29,0,0,0,1,0,0,0,10,4.44047596876367,-1,-999,0,0,0,0,0,0,0,1
15,49,0,0,0,1,0,0,0,0,4.459419394598417,-1,-999,0,0,0,12,0,0,0,0
32,105,0,0,0,1,1,0,0,9,5.510979168212519,-1,-999,0,0,1,1,0,0,0,1
17,33,0,0,0,1,0,0,0,1,4.23826101434753,-1,-999,0,12,1,16,0,0,0,0
29,1,0,1,0,1,0,0,0,5,4.523986065961298,-1,-999,0,0,0,0,0,0,0,1
17,35,0,0,0,1,0,0,0,1,4.263561906390139,-1,-999,0,10,0,39,0,0,0,0
18,1,0,1,0,1,0,0,0,0,3.7080481500712312,-1,-999,0,1,1,33,0,0,0,0
20,1,0,0,0,1,0,0,1,0,4.012188403968661,-1,-999,0,8,0,24,0,0,1,0
17,1,0,1,0,1,0,0,0,0,3.8150724101159432,-1,-999,0,3,2,72,0,0,0,0
15,80,0,0,0,0,0,0,0,17,4.585326970681087,-1,-999,0,0,0,0,0,0,0,1
9,5,0,0,0,0,0,0,0,0,3.748994803525097,-1,-999,0,0,0,1,0,0,0,1
33,17,0,0,0,1,0,0,0,1,4.237526909435838,-1,-999,0,0,0,16,0,0,0,0
29,0,0,0,0,1,0,0,0,0,4.107017709595357,-1,-999,0,2,0,4,1,0,0,1
25,0,0,0,0,1,0,0,0,2,4.140319531114783,-1,-999,0,0,0,1,0,0,0,1
6,17,0,0,0,0,0,0,0,8,4.260332600569877,-1,-999,0,0,0,0,0,0,0,1
23,1,0,0,0,1,0,0,0,0,4.106949132758152,-1,-999,0,0,0,0,0,0,0,0
18,32,1,0,0,0,0,0,0,6,4.461537573408762,-1,-999,0,0,0,1,0,0,0,1
36,26,0,0,0,1,1,0,2,9,4.436665812773948,-1,-999,0,0,0,0,0,0,0,1
16,17,0,0,0,0,0,0,1,0,4.196439344671016,-1,-999,0,0,0,0,0,0,0,1
16,1,0,1,0,1,0,0,0,0,3.8634651896016474,-1,-999,1,3,1,13,0,0,0,0
31,76,0,0,0,2,0,0,0,8,4.660616436394238,-1,-999,0,0,0,0,0,0,0,1
21,1,0,0,0,1,0,0,0,0,3.978333581185264,-1,-999,0,0,1,14,0,0,0,0
42,68,0,0,0,3,2,0,0,26,4.7702314029277275,-1,-999,0,0,0,0,0,0,0,1
27,17,0,0,0,1,0,0,0,0,4.265083429994685,-1,-999,0,0,0,0,0,0,0,1
16,28,0,1,0,1,0,0,0,0,4.049010814661723,-1,-999,0,0,0,23,1,1,0,1
14,19,0,0,1,0,1,1,0,11,4.509871821638487,-1,-999,0,0,0,0,0,0,0,1
24,16,0,0,0,0,0,0,0,0,3.914299831894641,-1,-999,0,0,0,0,0,0,0,1
13,114,0,1,0,0,1,0,0,5,4.647971578706942,-1,-999,0,0,0,0,0,0,0,1
25,1,0,1,0,1,0,0,0,0,3.564685267402771,-1,-999,0,2,0,9,0,0,0,0
12,28,0,0,0,1,0,0,0,5,4.323220703147271,-1,-999,0,2,0,8,0,0,0,0
19,24,0,0,0,1,1,0,0,0,4.410881379939833,-1,-999,0,0,0,0,0,0,0,1
25,1,0,0,0,1,0,0,0,4,3.8509372107143887,-1,-999,0,0,0,0,0,0,0,1
21,1,0,1,0,1,0,0,1,0,4.164735178725505,-1,-999,0,0,0,0,0,0,0,1
16,75,0,0,0,1,0,0,0,11,4.983802423912089,-1,-999,0,0,0,0,0,0,0,0
46,68,0,1,0,4,2,0,0,15,4.7733105650338805,-1,-999,0,0,0,0,0,0,0,1
13,31,0,0,0,1,0,0,0,15,4.495188086730168,-1,-999,0,0,0,1,1,0,0,0
22,40,0,1,0,1,0,0,0,0,4.098268869096043,-1,-999,0,0,0,0,0,0,0,1
10,40,0,0,0,1,2,0,1,0,4.376125760837419,-1,-999,0,0,0,0,0,0,0,1
12,25,0,0,0,1,0,0,0,1,4.3542227440216,-1,-999,0,0,0,0,0,0,0,1
17,1,0,1,0,1,0,0,0,0,3.8441065448145384,-1,-999,0,4,1,60,0,0,0,0
17,16,0,1,0,1,0,0,0,0,3.9668312726996966,-1,-999,0,0,0,87,0,0,0,0
14,21,0,1,0,1,0,0,0,0,4.277797824812466,-1,-999,0,1,0,14,0,0,0,0
7,8,0,1,0,0,0,0,0,1,3.7251042179439575,-1,-999,0,0,0,6,0,0,0,1
15,3,0,1,0,1,0,0,0,0,3.873140679513133,-1,-999,0,2,2,22,0,0,0,0
26,0,0,0,0,1,0,0,0,4,4.210764573772789,-1,-999,0,0,0,8,0,0,0,0
15,40,0,0,0,0,0,0,0,6,4.384837843513524,-1,-999,0,0,0,0,0,0,0,0
16,1,0,1,0,1,0,0,0,0,3.8634651896016474,-1,-999,0,15,0,47,0,0,0,0
23,23,0,1,0,2,0,0,1,15,4.637835113714095,-1,-999,0,0,0,0,0,0,0,1
25,43,0,0,0,0,1,0,0,4,4.285290445257775,-1,-999,0,0,0,0,0,0,0,1
18,16,0,0,0,1,1,0,0,0,4.161953223919209,-1,-999,0,0,0,0,0,0,0,1
31,1,0,1,0,1,0,0,0,0,3.977567157116929,-1,-999,0,0,0,1,1,0,0,0
24,1,0,1,0,1,0,0,0,2,4.4251412032329,-1,-999,0,0,0,5,0,0,0,0
26,1,0,0,0,1,0,0,1,0,4.006436738245532,-1,-999,0,0,0,13,0,0,1,0
23,1,0,0,0,1,0,0,0,0,4.195816471537619,-1,-999,0,3,1,39,0,0,0,0
16,12,0,1,0,1,0,0,0,0,4.236323877152401,-1,-999,0,4,0,5,0,0,0,0
32,1,0,0,0,2,1,0,1,4,3.9586949695628424,-1,-999,0,0,0,0,0,0,0,1
32,1,0,0,0,1,0,0,0,0,3.975070520364182,-1,-999,0,0,0,9,0,0,0,0
15,56,0,0,0,1,0,0,0,6,4.488874701305092,-1,-999,0,0,0,0,0,0,0,0
21,24,0,0,0,1,0,0,0,0,4.241815267526394,-1,-999,0,0,0,0,0,0,0,1
12,16,0,0,0,0,0,0,0,0,3.861725074756387,-1,-999,0,0,0,1,1,0,0,1
24,13,0,0,0,1,0,0,0,1,4.10752381283357,-1,-999,0,0,0,0,0,0,0,1
16,13,0,0,0,1,0,0,0,0,4.027719015921097,-1,-999,0,0,0,0,0,0,0,1
15,27,0,1,0,1,0,0,0,4,4.218171939471839,-1,-999,0,0,0,13,0,0,0,0
23,327,1,0,0,1,0,0,0,51,5.899916842286558,-1,-999,0,0,0,0,0,0,0,1
19,21,0,1,0,1,0,0,0,0,4.082067386399956,-1,-999,0,7,10,35,0,0,1,0
26,12,0,0,0,1,1,0,0,0,4.205757474531293,-1,-999,0,0,0,0,0,0,0,1
18,42,0,0,0,0,0,0,1,7,4.2952652663668145,-1,-999,0,0,0,0,1,0,0,0
19,25,0,1,0,0,0,0,0,0,4.051428065028507,-1,-999,0,1,0,43,0,0,0,0
22,6,0,0,0,2,0,0,0,3,4.050013373778757,-1,-999,0,0,0,2,0,0,0,0
17,1,0,1,0,1,0,0,0,0,3.3433546214047736,-1,-999,0,0,0,0,0,0,0,0
28,1,0,0,0,1,0,0,1,0,4.162573265150912,-1,-999,0,0,0,0,0,0,0,1
15,19,0,1,0,1,0,0,0,3,4.507432777857286,-1,-999,0,0,1,51,0,0,0,0
16,55,0,0,0,1,0,0,0,6,4.493252142206323,-1,-999,0,0,0,40,0,0,0,0
13,42,0,1,0,1,0,0,0,2,4.299140647104813,-1,-999,0,0,0,0,0,0,0,1
34,35,0,0,0,1,0,0,0,0,4.284645120931557,-1,-999,0,1,2,28,0,0,0,0
11,20,0,0,0,1,0,0,0,0,3.7507208558230305,-1,-999,0,0,0,0,0,0,0,1
19,92,0,1,0,1,0,0,0,12,4.576518710768959,-1,-999,0,1,0,39,0,0,0,0
17,1,0,1,0,1,0,0,0,0,3.921029621737615,-1,-999,0,1,0,16,0,0,0,0
14,22,0,0,0,1,0,0,0,6,4.388376603932547,-1,-999,0,3,0,10,0,0,1,0
16,41,0,1,0,1,0,0,0,5,5.2181922252223805,-1,-999,0,0,0,0,0,0,0,1
14,10,0,0,0,0,0,0,0,0,3.8371256496420143,-1,-999,0,0,0,1,0,0,0,1
13,32,0,0,0,0,0,0,0,5,4.458067430946327,-1,-999,0,4,0,22,0,0,1,0
42,19,0,0,0,3,2,0,0,8,4.436656320830766,-1,-999,0,0,0,0,0,0,0,1
10,1,0,1,0,0,0,0,0,0,3.536886723742168,-1,-999,0,0,0,0,0,0,0,0
13,31,0,0,0,0,0,0,0,0,4.306763763701994,-1,-999,0,0,0,0,0,0,0,1
61,57,0,0,0,1,1,0,4,42,4.802731330595688,-1,-999,0,0,0,0,0,0,0,1
10,32,0,0,0,0,0,1,0,2,4.536174630069642,-1,-999,0,0,0,0,0,0,0,1
22,26,0,1,0,0,0,0,0,0,4.1637995646056805,-1,-999,0,0,0,0,0,0,0,1
17,1,0,1,0,1,0,0,0,0,3.7671834678914613,-1,-999,1,3,0,3,0,0,0,0
18,1,0,1,0,0,0,0,0,0,3.986187965046303,-1,-999,0,0,1,11,0,0,0,0
13,52,0,1,0,1,1,0,0,0,4.293091895799497,-1,-999,0,12,1,8,0,0,0,0
18,43,0,1,0,1,0,0,0,4,4.251580306496166,-1,-999,0,15,1,59,0,0,0,0
24,176,0,0,0,1,0,0,0,47,5.453308109066719,-1,-999,0,0,0,0,0,0,0,1
27,15,0,0,0,1,2,0,1,6,4.410229231693701,-1,-999,0,2,0,7,0,0,1,1
13,64,0,0,0,0,0,0,0,0,4.276572073567832,-1,-999,0,0,0,0,0,0,0,1
29,0,0,0,0,1,0,0,0,0,3.8956388075276673,-1,-999,0,0,0,0,0,0,0,0
38,27,0,0,0,1,0,0,0,0,4.362798141185997,-1,-999,0,0,0,0,0,0,0,1
21,33,0,0,0,1,0,0,0,1,4.593870533929531,-1,-999,0,0,0,0,0,0,0,0
16,55,0,0,0,1,1,0,0,0,4.34854757197808,-1,-999,0,0,0,21,0,0,0,0
25,1,0,1,0,1,0,0,0,0,4.02085512047121,-1,-999,0,2,0,5,0,0,0,1
24,1,0,1,0,1,0,0,1,0,4.043801694853791,-1,-999,0,0,0,0,0,0,0,1
15,47,0,1,0,1,0,0,0,1,4.406809007365887,-1,-999,0,0,0,33,0,0,0,0
17,0,0,0,0,0,0,0,0,0,3.7720552088742005,-1,-999,0,0,0,1,0,0,0,0
25,0,0,0,0,1,0,0,0,1,3.952819531114783,-1,-999,0,2,0,4,1,0,0,1
24,14,0,0,0,1,0,0,0,6,4.363966707392709,-1,-999,0,3,0,10,0,0,1,0
12,79,0,0,0,0,2,0,1,5,4.522966890871752,-1,-999,0,2,0,8,0,0,0,1
18,16,0,1,0,1,1,0,0,0,4.159592720140252,-1,-999,0,0,0,5,0,0,0,1
18,52,0,1,0,1,0,0,0,6,5.072662001769744,-1,-999,0,0,0,0,0,0,0,1
7,9,0,1,0,0,1,0,0,0,3.9434651896016475,-1,-999,1,8,0,12,0,0,0,0
23,47,0,0,0,0,0,0,0,23,4.732849736299386,-1,-999,0,0,0,0,0,0,0,1
17,71,0,0,0,1,0,0,0,5,4.460858672976833,-1,-999,0,4,1,15,0,0,0,0
27,1,0,0,0,1,0,0,1,0,3.9713023022883718,-1,-999,0,0,0,0,0,0,0,1
18,1,0,1,0,1,0,0,0,0,3.6521305573183818,-1,-999,0,0,0,7,0,0,0,0
16,1,0,1,0,1,0,0,1,0,3.7834651896016473,-1,-999,0,0,0,0,0,0,0,0
15,72,0,1,0,1,0,0,0,25,4.810836109403099,-1,-999,0,0,0,6,0,0,0,0
33,1,0,1,0,1,1,0,3,0,4.15091348260215,-1,-999,0,31,1,22,0,0,0,0
25,4,0,0,0,1,1,0,0,0,4.218128820706467,-1,-999,0,0,0,1,1,0,0,0
15,21,0,1,0,1,0,0,0,0,4.079225801519103,-1,-999,0,0,0,6,0,0,0,0
31,0,0,0,0,1,0,0,0,0,4.0278083561646305,-1,-999,0,0,0,1,0,0,0,1
14,10,0,1,0,1,0,0,0,4,3.9886085007312415,-1,-999,0,0,1,5,0,0,0,0
18,18,0,0,0,1,0,0,0,0,4.088828126694495,-1,-999,0,1,1,26,0,0,0,0
26,25,0,0,0,1,0,0,0,0,4.332058694023815,-1,-999,0,9,0,15,0,0,0,0
14,14,0,1,0,1,0,0,0,6,4.6281080952417355,-1,-999,0,0,0,0,0,0,0,1
15,1,0,1,0,1,1,0,0,0,3.7406015629507228,-1,-999,0,0,1,8,0,0,0,0
14,30,0,0,0,0,0,0,0,12,4.3679287730895195,-1,-999,0,0,0,0,0,0,0,1
21,17,0,0,0,0,2,0,0,1,4.119087818311512,-1,-999,0,0,0,0,0,0,0,1
20,36,0,0,0,1,0,0,0,0,4.2631500682294305,-1,-999,0,0,0,0,0,0,0,1
28,1,0,0,0,1,0,0,0,0,4.009523959475164,-1,-999,0,0,0,0,0,0,0,0
14,9,0,0,0,1,0,0,0,0,3.9144093452479405,-1,-999,0,0,0,0,0,0,0,1
21,1,0,1,0,1,0,0,0,0,3.8980685120588388,-1,-999,1,9,1,17,0,0,0,0
20,1,0,0,0,1,0,0,0,0,3.797902689682947,-1,-999,0,2,0,15,0,0,1,0
8,26,1,0,0,0,0,0,0,6,4.264125089796519,-1,-999,0,10,0,26,0,0,0,1
14,52,0,1,0,1,0,0,0,4,4.628641777584617,-1,-999,0,2,0,15,0,0,0,0
23,1,0,1,0,1,0,0,0,0,3.9681390622295662,-1,-999,0,42,1,85,0,0,0,0
11,4,0,0,0,0,0,0,0,2,3.7321588913645702,-1,-999,0,3,0,51,0,0,0,1
36,22,0,0,0,1,0,0,3,0,4.1337358004868,-1,-999,0,0,0,0,0,0,0,0
30,189,0,1,0,1,1,0,0,33,5.614172138783611,-1,-999,0,0,0,0,0,0,0,1
18,1,0,0,0,1,0,0,0,0,3.551428065028507,-1,-999,0,5,0,4,0,0,0,0
12,74,0,1,0,0,1,0,0,23,4.752333593791451,-1,-999,0,18,0,79,0,0,0,1
35,1,0,1,0,1,1,0,0,0,4.0211540614749275,-1,-999,0,0,0,1,0,0,0,1
19,1,0,0,0,1,0,0,0,0,3.8100810205217304,-1,-999,0,0,0,0,0,0,0,0
20,1,0,1,0,1,0,0,0,0,3.8573068568981284,-1,-999,0,4,6,18,0,0,0,0
22,46,0,0,0,1,0,0,0,0,4.5034841516124455,-1,-999,0,0,0,0,0,0,0,0
21,1,0,1,0,1,0,0,0,0,3.8062389286533898,-1,-999,0,0,0,0,0,0,0,0
21,30,0,1,0,1,0,0,1,0,4.174708202404074,-1,-999,0,0,1,6,0,0,0,0
16,1,0,1,0,0,0,0,0,0,3.429275070710714,-1,-999,0,8,1,42,0,0,0,0
18,23,0,0,0,1,1,0,1,0,4.03280638688745,-1,-999,0,0,0,37,0,0,0,1
20,69,0,0,0,0,0,0,0,10,4.6389319046151405,-1,-999,0,10,0,58,0,0,0,0
13,17,0,0,0,0,0,0,0,6,4.077715447225512,-1,-999,0,0,0,0,0,0,0,1
24,18,0,0,0,1,1,0,0,0,4.361973558701858,-1,-999,0,3,1,17,0,0,0,1
25,1,0,0,0,0,0,0,0,0,4.066677073707229,-1,-999,0,0,0,0,0,0,0,1
25,118,0,0,0,1,3,0,0,14,4.752740125343487,-1,-999,0,0,0,0,0,0,0,1
27,1,0,1,0,1,0,0,0,0,4.107017709595357,-1,-999,0,0,0,1,1,0,0,0
24,39,0,0,0,1,1,0,0,17,4.664578373902383,-1,-999,0,0,0,0,0,0,0,0
22,1,0,1,0,1,0,0,0,0,4.014860327200948,-1,-999,0,10,0,13,0,0,0,0
13,7,0,1,0,1,0,0,0,2,4.012188403968661,-1,-999,0,0,0,3,0,0,0,1
24,39,0,0,0,0,0,0,0,0,3.9031465889574153,-1,-999,0,0,0,0,0,0,0,1
14,21,0,0,0,1,0,0,0,5,4.282098601752791,-1,-999,0,3,0,10,0,0,1,0
17,63,0,1,0,1,0,0,0,0,4.2243827216895475,-1,-999,0,0,0,21,0,0,0,0
13,1,0,1,0,1,0,0,0,1,3.629219686524097,-1,-999,0,0,0,0,0,0,0,1
17,26,0,0,0,1,0,0,0,0,4.185979129983103,-1,-999,0,0,0,56,0,0,0,0
25,0,0,0,0,1,0,0,0,0,3.965018266288633,-1,-999,0,0,0,1,0,0,0,1
22,24,0,0,0,1,0,0,0,0,4.25859398322495,-1,-999,0,1,1,13,0,0,0,0
19,1,0,0,0,1,0,0,1,0,3.9582291686698783,-1,-999,0,0,0,0,0,0,0,0
23,20,0,1,0,1,0,0,1,0,4.1139166467682795,-1,-999,0,6,2,22,0,0,0,0
12,41,0,1,0,1,0,0,0,7,4.649770690228172,-1,-999,0,0,0,0,0,0,0,0
15,11,0,0,0,0,0,0,0,0,3.475471770545807,-1,-999,0,0,0,0,0,0,0,1
16,23,0,1,0,1,0,0,0,0,4.086087787663725,-1,-999,0,4,0,5,0,0,0,0
16,34,0,1,0,1,0,0,0,0,3.88378283195485,-1,-999,0,0,0,23,1,1,0,1
15,1,0,0,0,1,0,0,1,0,3.8492239123906247,-1,-999,0,0,0,4,0,0,0,0
25,48,0,0,0,1,0,0,0,4,4.4835811901268885,-1,-999,0,4,1,25,0,0,0,0
21,59,0,1,0,1,0,0,0,8,4.6585490968753085,-1,-999,0,1,0,21,0,0,1,0
18,12,0,0,0,1,0,0,0,0,4.2425766761474,-1,-999,0,0,0,0,0,0,0,0
10,21,0,1,0,0,0,0,0,1,4.038499898783,-1,-999,0,0,0,0,0,0,0,0
21,57,0,0,0,1,2,0,0,21,4.829346671151841,-1,-999,0,0,0,0,0,0,0,1
14,199,0,0,1,0,0,0,0,80,5.026641872857302,-1,-999,0,0,0,3,0,0,0,1
16,62,0,0,0,0,0,0,0,12,4.793964796039945,-1,-999,0,0,0,0,0,0,0,1
16,64,0,0,0,1,0,0,0,7,4.6328960896716636,-1,-999,0,0,0,1,0,0,0,0
24,102,0,0,0,1,1,0,1,29,5.069409576019871,-1,-999,0,0,0,0,0,0,0,1
15,1,0,1,0,1,0,0,0,0,3.7406015629507228,-1,-999,0,0,0,7,0,0,0,0
25,11,0,0,0,1,1,0,0,0,4.0741957898784324,-1,-999,0,0,0,1,1,0,0,0
33,28,0,0,0,1,0,0,2,0,4.327922539901155,-1,-999,0,5,0,16,0,0,0,0
25,7,0,1,0,1,0,0,0,8,4.434183719779189,-1,-999,0,0,0,0,0,0,0,1
14,33,0,0,0,1,0,0,0,0,4.383793057398511,-1,-999,0,0,0,1,1,0,0,0
23,20,0,1,0,1,0,0,1,0,4.265083429994686,-1,-999,0,6,2,22,0,0,0,0
35,60,0,1,0,2,0,0,0,6,4.522985723178541,-1,-999,0,0,0,0,0,0,0,0
9,19,0,1,0,0,0,0,0,3,4.3400832519721115,-1,-999,0,0,0,0,0,0,0,1
17,22,0,0,0,0,1,0,1,0,3.762828946063731,-1,-999,0,0,0,10,0,0,0,1
21,30,0,1,0,1,0,0,0,0,4.546833830495174,-1,-999,0,0,0,6,0,0,0,0
19,10,0,0,0,1,0,0,0,0,3.98578082135646,-1,-999,0,0,0,1,0,0,0,1
28,0,0,0,0,1,0,0,0,2,3.932874360347046,-1,-999,0,9,0,12,0,1,0,0
28,49,0,0,0,1,0,0,0,0,4.131578682804938,-1,-999,0,8,0,115,0,0,1,0
40,30,0,0,0,1,1,0,1,0,4.264773840455666,-1,-999,0,0,0,1,1,0,0,0
15,49,0,1,0,1,0,0,0,0,4.3336983681442796,-1,-999,0,0,0,33,0,0,0,0
20,48,0,1,0,1,0,0,0,2,4.440371475716023,-1,-999,1,8,1,13,0,0,0,0
21,28,0,0,0,1,1,0,0,1,4.439437798233894,-1,-999,0,0,0,1,0,0,0,0
21,15,0,0,0,1,0,0,1,6,4.268719696310997,-1,-999,0,0,0,0,0,0,0,1
26,59,0,0,0,1,0,0,0,0,4.27909532145484,-1,-999,0,0,0,0,0,0,0,1
17,1,0,1,0,1,0,0,0,0,3.921029621737615,-1,-999,0,0,0,0,0,0,0,0
23,19,0,1,0,1,0,0,1,0,4.10146788019945,-1,-999,0,6,2,22,0,0,0,0
20,1,0,1,0,1,0,0,0,0,3.8833374604210062,-1,-999,0,22,2,102,0,0,0,0
16,1,0,1,0,1,0,0,0,0,3.8332696895151086,-1,-999,0,1,0,11,0,1,0,0
18,25,0,1,0,1,0,0,0,1,4.3679287730895195,-1,-999,0,1,0,21,0,0,0,0
19,1,0,1,0,1,0,0,0,0,3.7264741182543752,-1,-999,0,0,0,2,0,0,0,0
16,22,0,1,0,1,0,0,0,0,4.102168956377575,-1,-999,0,4,0,5,0,0,0,0
16,61,0,1,0,0,0,0,0,0,4.281837703049681,-1,-999,0,0,1,10,0,0,0,0
37,26,0,0,0,0,0,0,3,4,4.40933226210772,-1,-999,0,0,0,0,0,0,0,1
16,57,0,0,0,0,2,0,0,3,4.61592508490561,-1,-999,0,0,0,0,0,0,0,1
21,28,0,1,0,1,0,0,0,0,4.450944401302163,-1,-999,0,4,0,4,0,0,0,0
16,1,0,1,0,1,0,0,0,0,3.7834651896016473,-1,-999,0,0,0,3,0,0,0,0
13,20,0,0,0,0,0,0,0,0,3.887326145256009,-1,-999,0,0,0,0,0,0,0,1
17,23,0,1,0,1,0,0,0,0,4.248734053066623,-1,-999,0,0,1,37,0,0,0,0
21,1,0,0,0,1,1,0,0,0,3.7848977027564086,-1,-999,0,0,0,11,0,0,1,1
29,1,0,0,0,3,0,0,0,0,3.7125863930545133,-1,-999,0,0,0,0,0,0,0,1
24,1,0,1,0,1,0,0,0,0,3.98319563424773,-1,-999,0,0,3,24,0,0,0,0
25,65,0,1,0,1,0,0,1,3,5.217359589987063,-1,-999,0,5,0,34,0,0,0,1
21,28,0,0,0,2,0,0,0,2,4.19819181601377,-1,-999,0,0,0,0,0,0,0,0
16,46,0,1,0,1,0,0,0,2,4.973656545665237,-1,-999,0,0,0,0,0,0,0,1
26,65,0,0,0,1,0,0,1,25,4.8239219673426685,-1,-999,0,15,0,12,0,0,0,1
23,51,0,1,0,1,0,0,2,20,4.593619578381065,-1,-999,0,0,0,0,0,0,0,1
27,6,0,0,0,1,0,0,0,0,4.087326145256009,-1,-999,0,0,0,0,0,0,0,1
61,57,0,0,0,1,1,0,4,41,4.820624195208476,-1,-999,0,0,0,0,0,0,0,1
50,69,0,1,0,3,2,0,1,16,4.698476859632983,-1,-999,0,0,0,0,0,0,0,1
38,9,0,1,0,1,0,0,1,1,4.405928068220213,-1,-999,0,0,0,0,0,0,0,1
13,55,0,1,0,1,0,0,0,3,4.498350054091901,-1,-999,0,0,2,18,0,0,0,0
20,13,0,1,0,1,0,0,0,0,3.860379370831397,-1,-999,0,2,1,6,0,0,0,0
26,91,0,1,0,1,0,0,1,11,4.678963157893022,-1,-999,0,0,0,0,0,0,0,0
14,108,0,0,0,0,0,0,1,60,4.729986823780465,-1,-999,0,0,0,0,0,0,0,1
22,1,0,0,0,1,0,0,1,0,3.8980685120588388,-1,-999,0,0,0,1,0,0,0,0
50,69,0,1,0,3,2,0,1,18,4.823667892676774,-1,-999,0,0,0,0,0,0,0,1
14,22,0,0,0,1,0,0,0,6,4.295353348118594,-1,-999,0,3,0,10,0,0,1,0
20,1,0,1,0,1,0,0,0,1,4.185230132909402,-1,-999,0,0,0,13,0,0,0,1
14,30,0,0,0,0,0,0,0,0,4.110685332329446,-1,-999,0,2,0,95,0,0,0,0
18,0,0,0,0,1,0,0,0,0,3.7034651896016477,-1,-999,0,0,0,0,0,0,0,1
37,12,0,0,0,2,0,0,3,5,4.334078253057284,-1,-999,0,0,0,0,0,0,0,1
21,1,0,0,0,1,0,0,0,0,3.8143719431796272,-1,-999,0,0,0,35,0,0,1,0
17,62,0,0,0,0,0,0,0,22,4.755069703389405,-1,-999,0,2,0,6,0,0,0,1
13,1,0,1,0,1,0,0,1,0,3.7544418457133455,-1,-999,0,0,0,0,0,0,0,0
19,6,0,0,0,1,0,0,0,0,3.7889097655573916,-1,-999,0,0,1,4,0,0,0,0
10,12,0,1,0,0,0,0,0,0,3.8980685120588388,-1,-999,0,8,0,101,0,0,1,0
16,31,0,1,0,1,0,0,0,0,4.301649204701857,-1,-999,0,4,0,5,0,0,0,0
14,0,0,0,0,1,0,0,0,0,3.6897037321995474,-1,-999,0,0,0,0,0,0,0,1
16,30,0,1,0,1,0,0,0,0,4.197236873673567,-1,-999,0,4,0,5,0,0,0,0
6,15,0,0,0,0,0,0,0,12,3.869331261111518,-1,-999,0,0,0,7,0,0,0,1
50,69,0,1,0,3,2,0,1,22,4.843019564823939,-1,-999,0,0,0,0,0,0,0,1
15,74,0,1,0,1,0,0,0,3,4.191862327922781,-1,-999,0,0,0,1,1,0,0,0
29,12,0,0,0,1,0,0,0,0,3.985087760732173,-1,-999,0,0,1,41,0,0,1,1
13,1,0,1,0,0,0,0,0,0,3.629219686524097,-1,-999,0,3,1,44,0,0,0,0
25,12,0,0,0,3,0,0,0,0,3.8459380172806843,-1,-999,0,0,0,0,0,0,0,1
16,28,0,1,0,1,0,0,0,0,4.120039536076015,-1,-999,0,4,0,5,0,0,0,0
27,29,0,0,0,1,0,0,0,10,4.596427249536568,-1,-999,0,0,0,0,0,0,0,1
50,68,0,1,0,3,2,0,1,18,4.770950908487678,-1,-999,0,0,0,0,0,0,0,1
6,75,0,1,0,0,0,0,0,14,4.443934209668553,-1,-999,0,0,0,4,0,0,0,1
18,46,0,0,0,1,0,1,0,0,4.528077787434471,-1,-999,0,0,0,0,0,0,0,1
13,1,0,0,1,0,1,0,0,10,4.21126073643228,-1,-999,0,0,0,0,0,0,0,1
19,21,0,0,0,1,0,0,0,0,4.13131538381421,-1,-999,0,1,0,20,0,1,0,0
24,47,0,0,0,1,0,0,2,0,4.094250098085523,-1,-999,0,7,0,17,0,0,0,0
16,1,0,1,0,1,0,0,0,0,3.8634651896016474,-1,-999,0,2,1,45,0,1,0,0
19,1,0,1,0,1,0,0,0,0,3.8423709931771084,-1,-999,0,8,1,10,0,0,0,0
19,29,0,0,0,1,0,1,0,62,5.014796719722949,-1,-999,1,8,1,21,0,0,0,1
25,10,0,0,0,1,1,0,0,2,4.0260298517012805,-1,-999,0,0,0,0,0,0,0,1
27,13,0,0,0,1,0,0,0,0,4.064395234288111,-1,-999,0,0,0,0,0,0,0,1
27,46,0,0,0,1,0,0,0,6,4.284017863924879,-1,-999,0,2,0,9,0,0,1,0
12,22,0,0,0,0,1,0,0,0,4.043544614839371,-1,-999,0,0,0,0,0,0,0,1
14,62,0,1,0,0,0,0,0,19,4.606752697548023,-1,-999,0,0,0,0,0,0,0,1
26,1,0,0,0,1,0,0,0,2,3.8780682683455234,-1,-999,0,0,0,1,0,0,0,1
28,52,0,1,0,1,0,0,0,5,4.434974414594542,-1,-999,0,0,0,1,1,0,0,0
12,1,0,1,0,1,0,0,0,0,3.5225715891363603,-1,-999,0,0,0,45,0,0,1,0
15,33,0,1,0,1,0,0,0,5,4.8248629576173565,-1,-999,0,0,1,41,0,0,0,0
12,186,0,0,1,0,1,0,0,36,5.033368398557183,-1,-999,0,0,0,0,0,0,0,1
11,0,0,0,0,0,0,0,0,1,3.725480556997868,-1,-999,0,0,5,20,0,0,0,0
15,76,0,1,0,1,0,0,0,11,5.363275115775426,-1,-999,0,0,0,0,0,0,0,1
20,53,0,0,0,1,0,0,0,9,4.446039033895928,-1,-999,0,3,0,40,0,1,0,0
24,22,0,0,0,1,0,0,0,0,4.0865295402294075,-1,-999,0,0,0,3,0,0,0,0
29,66,0,1,0,1,0,0,0,5,4.414216125917666,-1,-999,0,0,0,1,1,0,0,0
11,0,0,0,0,0,0,0,0,0,3.2810361125534238,-1,-999,0,1,1,15,0,0,0,0
23,1,0,0,0,1,0,0,0,0,4.018081793978686,-1,-999,0,0,0,0,0,0,0,0
31,0,0,0,0,1,0,0,0,4,4.280693631807705,-1,-999,0,0,0,1,0,0,0,1
23,47,0,0,0,0,0,0,0,21,4.658156880136878,-1,-999,0,0,0,0,0,0,0,1
17,1,0,1,0,1,0,0,0,0,3.8441065448145384,-1,-999,0,23,0,42,0,0,0,0
13,1,0,1,0,1,0,0,0,0,3.390805482076982,-1,-999,0,1,1,22,0,0,0,0
28,43,0,1,0,2,1,0,1,21,4.675890128757764,-1,-999,0,0,0,0,0,0,0,1
17,12,0,0,0,1,0,0,0,0,3.9959065984842455,-1,-999,0,0,0,0,0,0,0,1
19,1,0,1,0,1,0,0,0,1,3.91379956460568,-1,-999,0,0,0,0,0,0,0,1
30,51,0,1,0,2,0,0,0,6,4.446302292032339,-1,-999,0,0,0,0,0,0,0,0
25,1,0,0,0,1,0,0,1,0,4.0895524525606675,-1,-999,0,6,0,28,0,1,0,0
18,5,0,0,0,0,0,0,1,0,4.148394345536404,-1,-999,0,0,0,0,0,0,0,1
20,13,0,1,0,1,0,0,0,0,4.250623273270421,-1,-999,0,0,0,3,0,0,0,0
24,1,0,0,0,1,0,0,0,2,3.9414280318460246,-1,-999,0,0,0,0,0,0,0,0
27,30,0,1,0,1,2,0,0,1,4.5800728630842995,-1,-999,1,8,0,6,1,0,0,0
27,26,0,0,0,1,0,0,0,1,4.225326379115501,-1,-999,0,0,0,2,1,0,0,1
31,260,0,0,0,1,1,0,1,52,4.98999010528975,-1,-999,0,0,0,0,0,0,0,1
28,22,0,0,0,1,0,0,0,0,4.214664909646715,-1,-999,0,3,0,31,0,0,0,0
20,1,0,1,0,1,0,0,0,0,4.233639952626227,-1,-999,0,1,16,19,0,0,0,0
16,12,0,0,0,0,0,0,0,0,4.025591860285233,-1,-999,0,4,0,36,0,0,0,0
19,37,0,0,0,0,0,0,0,11,4.453880424277106,-1,-999,0,0,0,0,0,0,0,1
19,84,0,1,0,1,0,0,0,12,4.813302498059335,-1,-999,0,0,0,2,0,0,0,0
24,0,0,0,0,0,0,0,0,0,3.937751955408587,-1,-999,0,0,0,0,0,0,0,0
20,98,0,0,0,1,0,0,0,0,4.391248389634003,-1,-999,0,8,1,16,0,0,0,0
24,1,0,0,0,1,0,0,0,0,4.015319531114783,-1,-999,0,0,0,0,0,0,0,1
29,40,0,1,0,1,0,0,0,0,4.076680238535131,-1,-999,0,0,0,0,0,0,0,1
21,1,0,0,0,1,0,0,0,0,3.9093680639438846,-1,-999,0,2,0,3,0,0,0,0
18,30,0,0,0,1,0,0,0,0,4.199655741530279,-1,-999,0,0,0,0,0,0,0,1
4,4,0,0,0,0,0,0,0,2,3.323231428797621,-1,-999,0,4,0,1,0,0,0,1
27,168,0,1,0,1,1,0,0,26,5.74318892924079,-1,-999,0,0,0,2,0,0,0,1
21,46,0,0,0,1,0,0,0,0,4.224808125689964,-1,-999,0,0,0,13,0,0,0,0
14,1,0,1,0,1,0,0,0,0,3.729446194905256,-1,-999,0,13,0,26,0,0,0,0
17,1,0,1,0,1,0,0,0,0,3.7483286603655745,-1,-999,0,0,0,2,0,0,0,0
36,0,0,0,0,1,0,0,0,0,4.208485034316045,-1,-999,0,2,0,6,1,0,0,1
18,42,0,0,0,1,0,0,0,6,4.474369743978754,-1,-999,0,0,0,0,0,0,0,0
37,169,0,0,0,1,0,0,0,50,5.725488541922301,-1,-999,1,15,0,2,0,0,0,1
29,0,0,0,0,1,0,0,0,0,4.051462154039801,-1,-999,0,0,0,0,0,0,0,1
19,4,0,0,0,1,0,0,0,0,3.831401845392172,-1,-999,0,0,0,0,0,0,0,1
28,17,0,0,0,1,0,0,0,0,4.183250237572225,-1,-999,0,2,0,26,0,0,0,0
14,0,0,0,0,1,0,0,0,0,3.6897037321995474,-1,-999,0,0,0,23,0,0,1,0
25,1,0,0,0,2,0,0,0,9,4.165013816065912,-1,-999,0,0,0,0,0,0,0,1
38,9,0,0,0,3,0,0,2,0,3.9900685216792504,-1,-999,0,0,0,0,0,0,0,1
21,1,0,1,0,1,0,0,1,0,4.123231428797621,-1,-999,0,0,0,2,0,0,0,0
15,1,0,0,0,1,0,0,0,0,3.7622673906514943,-1,-999,0,4,0,42,0,0,0,0
21,1,0,0,0,1,1,0,0,0,4.090234012145144,-1,-999,0,0,0,1,0,0,0,0
21,124,0,0,0,1,2,0,0,28,5.535476346601735,-1,-999,0,0,0,0,0,0,0,1
19,21,0,0,0,1,0,0,0,0,4.195561128679186,-1,-999,0,0,0,1,0,0,0,0
19,1,0,0,0,1,0,0,0,0,3.8561962982193796,-1,-999,0,0,0,24,0,0,1,0
30,24,0,0,0,1,2,0,0,0,4.284776222908657,-1,-999,0,0,0,1,1,0,0,0
12,58,0,0,1,0,1,0,0,10,4.879649135634755,-1,-999,0,0,0,0,0,0,0,1
26,0,0,1,0,1,0,0,1,0,3.984234164652489,-1,-999,0,0,0,0,0,0,0,1
16,0,0,0,0,0,0,0,0,0,3.795088586397732,-1,-999,0,3,0,61,0,0,1,0
15,22,0,0,0,0,0,0,0,0,4.10752381283357,-1,-999,0,4,0,7,0,0,0,0
20,18,0,0,0,0,0,0,0,0,4.0329921965131295,-1,-999,0,1,0,19,0,0,0,1
22,33,0,0,0,1,0,0,0,0,4.266628721949929,-1,-999,0,0,0,0,0,0,0,1
17,43,0,0,0,1,0,0,0,0,4.315339564395865,-1,-999,0,3,1,89,0,0,1,0
23,0,0,0,0,1,0,0,0,3,3.8980685120588388,-1,-999,0,2,0,4,0,0,0,1
18,19,0,1,0,2,0,0,0,0,4.294646363420181,-1,-999,0,4,0,5,0,0,0,0
24,62,0,0,0,1,0,0,0,12,4.580360462863236,-1,-999,0,0,0,0,0,0,0,0
20,1,0,1,0,1,0,0,1,0,3.9262723741395074,-1,-999,0,2,0,28,0,0,0,0
46,68,0,1,0,4,2,0,0,21,4.821375917513019,-1,-999,0,0,0,0,0,0,0,1
23,1,0,0,0,1,0,0,0,0,3.7080933915774983,-1,-999,0,19,2,33,0,0,0,0
15,60,0,0,0,1,0,0,0,0,4.210853457065055,-1,-999,0,3,0,3,0,0,0,0
15,19,0,1,0,1,0,0,0,0,4.25116417300487,-1,-999,0,0,0,8,0,0,0,1
31,26,0,0,0,3,0,1,0,10,4.566428031846025,-1,-999,0,0,0,0,0,0,0,1
19,45,0,0,0,1,1,0,0,0,4.390453240341519,-1,-999,0,0,0,0,0,0,0,0
22,47,0,0,0,1,0,0,0,23,4.90323175550411,-1,-999,0,0,0,0,0,0,0,1
14,138,0,0,0,0,1,0,0,49,4.394585550552814,-1,-999,0,0,0,1,0,0,0,1
18,24,0,0,0,1,0,0,0,6,4.938803405773091,-1,-999,0,0,0,0,0,0,0,0
10,1,0,0,0,1,0,0,0,0,3.3082708345352603,-1,-999,1,6,0,5,0,0,0,1
21,0,0,0,0,1,0,0,0,0,4.039148671903071,-1,-999,0,0,0,5,0,0,0,0
18,65,0,1,0,1,0,0,0,0,4.061711785075967,-1,-999,0,2,1,40,0,0,1,0
20,47,0,0,0,1,0,0,0,4,4.6425801983528405,-1,-999,0,0,0,1,0,0,0,0
12,13,0,0,0,1,0,0,0,7,4.309101316131472,-1,-999,0,0,0,0,0,0,0,0
18,38,0,0,0,0,2,0,0,2,4.385933203047044,-1,-999,0,0,0,0,0,0,0,1
29,1,0,1,0,1,0,0,0,0,4.133071514059368,-1,-999,0,14,0,13,0,0,1,0
23,1,0,1,0,1,0,0,0,0,4.015319531114783,-1,-999,0,10,1,22,0,0,0,0
20,22,0,1,0,1,0,0,0,0,4.058688570451097,-1,-999,0,0,0,1,1,0,0,0
21,26,0,1,0,1,0,0,0,0,3.9944383510247703,-1,-999,0,0,0,0,0,0,0,0
23,58,0,1,0,0,1,0,0,0,4.493569069772652,-1,-999,0,0,0,0,0,0,0,1
20,8,0,0,0,1,0,0,0,0,3.797020431713804,-1,-999,0,0,0,0,0,0,0,1
31,1,0,1,0,1,2,0,2,0,4.127567157116929,-1,-999,0,0,0,0,0,0,0,1
32,32,0,1,0,1,0,0,3,0,3.9166672615479468,-1,-999,0,0,0,1,0,0,0,0
22,34,0,0,0,0,1,0,1,0,4.189260829625406,-1,-999,0,0,0,0,0,0,0,1
15,23,0,0,0,1,0,0,0,0,4.091418651692923,-1,-999,0,0,0,10,0,0,0,0
26,1,0,1,0,1,0,0,0,1,4.107156230921614,-1,-999,0,0,0,0,0,0,0,1
10,6,0,1,0,0,0,0,0,1,3.688721875540867,-1,-999,0,0,0,3,0,0,0,1
23,11,0,0,0,1,0,0,0,1,4.247557492317426,-1,-999,0,0,0,0,0,0,0,0
16,59,0,1,0,1,0,0,0,6,5.206022893115135,-1,-999,0,0,0,0,0,0,0,1
17,21,0,1,0,0,0,0,0,0,4.066267120412287,-1,-999,0,0,0,0,0,0,0,1
16,25,0,1,0,1,0,0,0,0,4.260858896612405,-1,-999,0,4,0,5,0,0,0,0
36,11,0,1,0,1,1,0,2,3,4.274198750077731,-1,-999,0,0,0,0,0,0,0,1
17,13,0,0,0,1,0,0,0,2,3.8074451769552415,-1,-999,0,0,0,10,0,0,0,0
16,1,0,0,0,1,0,0,0,0,3.605388542207534,-1,-999,0,1,0,37,0,1,0,0
39,1,0,0,0,3,0,0,2,6,4.246419841989041,-1,-999,0,0,0,0,0,0,0,1
22,1,0,1,0,1,0,0,0,0,3.977916874693636,-1,-999,0,0,0,0,0,0,0,0
12,7,0,0,0,0,0,0,0,0,4.056020968057882,-1,-999,0,2,0,35,0,0,0,1
16,37,0,1,0,1,0,0,0,0,4.508308551161111,-1,-999,0,0,0,2,0,0,0,0
50,66,0,0,0,3,2,0,1,21,4.66139621462733,-1,-999,0,0,0,0,0,0,0,1
16,9,0,1,0,1,0,0,0,0,3.8013774524295485,-1,-999,0,0,0,0,0,0,0,1
20,1,0,1,0,1,0,0,0,2,3.788341339656749,-1,-999,0,0,0,0,0,0,0,1
16,67,0,0,0,1,0,0,0,1,4.453718482126734,-1,-999,0,0,0,0,0,0,0,0
17,1,0,0,0,1,0,0,0,0,3.7532696895151085,-1,-999,0,0,3,3,0,0,0,0
16,23,0,1,0,1,0,0,0,0,4.197685925915566,-1,-999,0,4,0,5,0,0,0,0
9,54,0,0,0,0,0,0,0,0,4.325871146123145,-1,-999,0,0,0,0,0,0,0,1
16,1,0,0,0,1,0,0,0,0,3.720175521464345,-1,-999,0,0,0,0,0,0,0,1
16,30,0,0,0,1,0,0,0,0,4.043010549918901,-1,-999,0,0,0,1,0,0,0,0
14,64,0,0,0,0,0,0,0,8,4.613186314310941,-1,-999,0,4,1,37,0,0,0,0
19,1,0,0,0,1,0,0,0,0,3.902311575917029,-1,-999,0,13,2,20,0,1,0,0
22,1,0,0,0,1,0,0,0,1,4.0062389286533895,-1,-999,0,0,0,0,0,0,0,0
13,31,0,0,0,0,0,0,0,3,4.199495626701618,-1,-999,0,0,0,0,0,0,0,1
43,19,0,0,0,4,2,0,2,5,4.701948688398753,-1,-999,0,0,0,0,0,0,0,1
14,14,0,0,0,1,0,0,0,0,4.090296503327815,-1,-999,0,0,0,1,1,0,0,0
50,69,0,0,0,3,2,0,1,15,4.809540441065417,-1,-999,0,0,0,0,0,0,0,1
18,43,0,0,0,1,0,0,0,5,4.378686048626993,-1,-999,0,3,0,24,0,0,0,0
17,1,0,1,0,1,0,0,0,0,3.8441065448145384,-1,-999,1,11,1,23,0,0,0,0
18,79,0,1,0,1,0,0,0,6,4.617006561792481,-1,-999,1,19,0,27,0,0,0,0
16,123,0,1,0,1,1,0,0,35,5.432015968784044,-1,-999,0,18,0,79,0,0,0,1
45,17,0,1,0,3,0,0,2,17,4.598776903948291,-1,-999,0,0,0,0,0,0,0,1
24,0,0,0,0,1,0,0,0,0,4.349199939349344,-1,-999,0,4,0,22,0,0,1,0
18,1,0,0,0,1,0,0,0,1,3.628351141951584,-1,-999,0,0,0,0,0,0,0,0
23,27,0,0,0,1,0,0,0,0,4.363163040290753,-1,-999,0,2,0,13,0,0,0,0
21,1,0,0,0,1,0,0,0,0,3.8538632199977876,-1,-999,0,0,0,18,0,0,0,0
17,26,0,0,0,0,0,0,0,0,4.218720136335856,-1,-999,0,0,0,3,0,0,0,1
16,1,0,0,0,2,0,0,0,0,3.6258145836939115,-1,-999,0,0,1,3,0,0,1,0
17,1,0,1,0,1,0,0,0,0,3.7962176025900565,-1,-999,0,0,0,8,0,0,0,0
20,38,0,0,0,2,0,0,0,7,4.552385120387921,-1,-999,0,0,0,0,0,0,0,0
19,1,0,0,0,1,0,0,0,0,3.7821222241453056,-1,-999,0,0,0,0,0,0,0,0
21,1,0,1,0,1,0,0,1,0,4.0980685120588385,-1,-999,0,2,0,5,0,0,0,1
15,37,0,0,0,1,0,0,0,0,4.2175781178783245,-1,-999,0,1,2,28,0,0,0,0
22,12,0,1,0,1,0,0,0,0,3.7845605790804164,-1,-999,0,0,0,35,0,0,0,0
15,279,0,1,0,0,0,0,0,87,5.044375136428648,-1,-999,0,0,1,25,0,0,0,1
21,13,0,0,0,1,0,0,0,6,4.491459931341817,-1,-999,0,0,0,3,0,0,0,1
18,0,0,1,0,1,0,0,0,0,3.873140679513133,-1,-999,0,0,0,0,0,0,0,1
31,1,0,0,0,1,0,0,3,0,4.265544846790009,-1,-999,0,8,0,43,0,0,0,0
19,80,0,0,0,1,0,0,0,16,4.497639121478745,-1,-999,0,0,0,0,0,0,0,1
17,20,0,1,0,0,0,0,0,0,4.2691964294707,-1,-999,0,0,0,0,0,0,0,1
11,14,0,1,0,1,0,0,0,0,3.8101803025948002,-1,-999,0,1,0,10,0,0,0,0
18,29,0,1,0,1,0,0,0,1,4.187746250038395,-1,-999,0,1,2,5,0,0,1,0
17,17,0,0,0,1,0,0,1,0,3.930007492106357,-1,-999,0,0,0,0,0,0,0,1
49,13,0,1,0,3,0,0,2,17,4.564997932854002,-1,-999,0,0,0,0,0,0,0,1
16,27,0,0,0,1,0,0,0,2,4.078562939644916,-1,-999,0,2,0,2,0,0,0,0
50,19,0,0,0,3,2,0,1,11,4.605654567218147,-1,-999,0,0,0,0,0,0,0,1
21,1,0,1,0,1,0,0,0,0,3.939572261986723,-1,-999,0,0,0,1,1,0,0,0
14,1,0,0,0,1,0,0,0,0,3.629219686524097,-1,-999,0,0,0,77,0,0,0,0
16,1,0,1,0,1,0,0,0,0,3.8634651896016474,-1,-999,0,0,0,0,0,0,0,0
15,14,0,0,0,0,0,0,0,2,4.093400348604439,-1,-999,0,0,0,4,0,0,0,1
8,5,0,0,0,0,0,0,0,0,3.784183719779189,-1,-999,0,0,0,0,0,0,0,1
14,19,0,1,0,1,0,0,0,2,4.365664673284385,-1,-999,0,0,0,0,0,0,0,1
19,1,0,0,0,1,0,0,0,0,4.032303242743953,-1,-999,0,7,0,27,0,0,0,0
13,9,0,1,0,1,0,0,0,0,3.9898980954642878,-1,-999,0,0,0,1,1,0,0,0
18,12,0,1,0,2,0,0,0,0,4.115834092163221,-1,-999,0,4,0,5,0,0,0,0
25,23,0,0,0,1,0,0,1,3,4.507462287781332,-1,-999,0,0,0,11,0,0,1,1
16,54,0,0,0,1,0,0,0,8,4.509432808524106,-1,-999,0,1,1,13,0,0,0,0
42,26,0,0,0,4,0,1,2,6,4.683306650519415,-1,-999,0,0,0,0,0,0,0,1
27,34,0,1,0,1,0,0,1,0,4.4293727532350955,-1,-999,1,9,0,20,0,0,0,0
27,42,0,1,0,1,1,0,0,26,4.729412560890419,-1,-999,0,0,0,0,0,0,0,1
20,62,0,0,0,1,0,0,0,2,4.19660955666885,-1,-999,0,0,0,0,0,0,0,0
13,58,0,0,0,0,1,0,0,0,4.261202584897222,-1,-999,0,0,0,0,0,0,0,1
11,1,0,0,0,0,0,0,1,0,3.4316235658474312,-1,-999,0,0,0,0,0,0,0,1
11,15,0,1,0,0,0,0,0,0,3.998652546878167,-1,-999,0,1,0,9,0,0,1,0
16,31,0,1,0,1,0,0,0,0,4.130979714739806,-1,-999,0,0,0,1,0,0,0,0
21,16,0,1,0,1,0,0,0,0,4.044754974579369,-1,-999,0,0,2,10,0,0,0,0
28,32,0,0,0,1,0,0,0,0,4.245381176735654,-1,-999,0,0,0,0,0,0,0,0
11,1,0,0,0,0,0,0,0,1,3.576617644908666,-1,-999,0,0,0,0,0,0,0,0
22,44,0,0,0,1,0,0,0,5,4.530333860378531,-1,-999,0,0,0,8,0,0,0,0
25,18,0,0,0,1,0,0,2,1,4.098171939471839,-1,-999,0,4,1,5,0,0,0,1
50,69,0,0,0,3,2,0,1,18,4.828967172694376,-1,-999,0,0,0,0,0,0,0,1
22,13,0,0,0,0,0,0,1,0,4.0799503875701,-1,-999,0,0,0,0,0,0,0,1
16,305,0,1,0,1,2,0,0,103,5.204242131865162,-1,-999,0,0,0,3,0,0,0,1
28,8,0,0,0,3,0,0,0,10,4.303830742923251,-1,-999,0,0,0,0,0,0,0,1
24,19,0,0,0,1,0,0,0,0,4.223981820580906,-1,-999,0,0,0,0,0,0,0,1
19,19,0,0,0,1,0,0,0,0,4.027979696753515,-1,-999,0,0,0,1,1,0,0,0
22,36,0,1,0,1,0,0,0,0,4.19570823347444,-1,-999,0,12,0,24,0,0,0,0
26,29,0,0,0,1,0,0,0,2,4.424066932312389,-1,-999,0,5,0,3,0,0,0,0
21,1,0,1,0,1,1,0,1,0,3.831401845392172,-1,-999,0,0,0,0,0,0,0,1
13,19,0,0,1,0,1,1,0,10,4.434183719779189,-1,-999,0,0,0,0,0,0,0,1
28,0,0,1,0,1,0,0,1,0,4.051462154039801,-1,-999,0,0,0,0,0,0,0,1
23,0,0,1,0,1,0,0,0,0,4.002268084440845,-1,-999,0,2,0,5,0,0,0,1
19,1,0,0,0,1,0,0,1,0,3.9302703722934536,-1,-999,0,0,0,1,0,0,0,0
12,1,0,1,0,1,0,0,0,0,3.5225715891363603,-1,-999,0,16,0,5,0,0,0,0
13,11,0,1,0,1,0,0,0,0,4.028946391954607,-1,-999,0,9,0,9,0,0,0,0
15,19,0,1,0,1,0,0,0,2,4.396853998737205,-1,-999,0,0,1,50,0,0,0,0
15,4,0,0,0,0,0,0,0,0,3.7962176025900565,-1,-999,0,0,0,0,0,0,0,1
16,20,0,1,0,1,0,0,0,0,4.044912733238945,-1,-999,0,4,0,5,0,0,0,0
21,64,0,0,0,1,1,0,0,22,4.631484511716635,-1,-999,0,0,0,0,0,0,0,1
66,1,0,0,0,2,0,0,4,0,4.306303534050856,-1,-999,0,0,0,0,0,0,0,0
24,1,0,1,0,1,0,0,0,0,3.8997141947882312,-1,-999,0,2,0,22,0,0,0,0
17,229,0,1,0,1,0,0,0,84,5.3463346468305435,-1,-999,0,0,0,11,0,0,1,1
25,31,0,1,0,1,0,0,0,8,5.003524413893479,-1,-999,0,0,0,0,0,0,0,1
16,21,0,1,0,1,0,0,0,0,4.249272052754261,-1,-999,0,4,0,5,0,0,0,0
13,197,0,1,0,0,1,0,0,48,5.00965811538591,-1,-999,0,0,0,0,0,0,0,1
14,1,0,1,0,1,0,0,0,0,3.675310868912364,-1,-999,0,0,0,55,0,0,0,0
11,5,0,0,0,0,0,0,0,0,3.653996738665709,-1,-999,0,0,0,3,0,0,0,0
20,1,0,1,0,1,0,0,0,0,3.788341339656749,-1,-999,0,0,0,0,0,0,0,0
42,69,0,1,0,3,2,0,0,13,4.7294217898259125,-1,-999,0,0,0,0,0,0,0,1
17,10,0,0,0,1,1,0,0,0,4.035273502696889,-1,-999,0,0,0,0,0,0,0,1
9,20,0,0,0,0,0,0,0,0,4.138830127032208,-1,-999,0,4,0,6,0,0,0,0
20,0,0,1,0,1,0,0,0,0,3.7803946541231945,-1,-999,0,0,0,2,1,0,0,1
23,30,0,0,0,1,0,0,0,0,4.177049763244838,-1,-999,0,0,0,0,0,0,0,1
214,42,0,0,0,11,0,1,0,47,5.180140027538549,-1,-999,0,0,0,0,0,0,0,1
19,1,0,1,0,1,0,0,0,0,3.8962915290459277,-1,-999,0,0,0,19,0,0,0,0
22,67,0,1,0,0,2,0,0,0,4.417038751012952,-1,-999,0,0,0,1,0,0,0,1
34,7,0,0,0,2,1,0,2,9,4.599874739988984,-1,-999,0,0,0,0,0,0,0,1
20,36,0,1,0,1,0,0,0,0,4.287142047769037,-1,-999,0,22,0,7,0,0,0,0
16,20,0,0,0,1,0,0,0,0,3.8558976050432503,-1,-999,0,0,0,23,1,1,0,1
19,5,0,0,0,0,0,0,0,0,3.977916874693636,-1,-999,0,0,0,0,0,0,0,0
18,48,0,1,0,1,0,0,0,8,4.785693278652041,-1,-999,0,0,0,5,0,0,0,0
14,66,0,1,0,1,0,0,0,6,4.502680733004015,-1,-999,0,1,1,5,0,0,1,0
21,1,0,1,0,1,0,0,0,9,4.454822399946607,-1,-999,0,3,0,2,1,0,0,0
13,52,0,0,0,1,0,0,0,12,4.513558599134238,-1,-999,0,7,1,11,0,0,0,0
13,167,0,0,1,0,1,0,0,94,4.58112812209437,-1,-999,0,0,0,0,0,0,0,1
19,1,0,0,0,1,0,0,0,0,3.661932872373582,-1,-999,0,0,0,0,0,0,0,0
15,29,0,1,0,0,0,0,0,1,4.296714363147035,-1,-999,0,0,0,1,0,0,0,1
13,52,0,1,0,1,0,0,0,0,4.380888004282037,-1,-999,0,0,0,1,1,0,0,0
15,0,0,0,0,0,0,0,0,0,3.9139770731827523,-1,-999,0,0,0,0,0,0,0,0
20,37,0,1,0,0,0,0,1,12,4.714478399497585,-1,-999,0,0,0,0,0,0,0,1
16,8,0,0,0,1,0,0,0,0,4.17146526179041,-1,-999,0,0,0,0,0,0,0,0
23,0,0,1,0,1,0,0,0,3,3.9621031651557956,-1,-999,0,2,0,4,1,0,0,1
20,21,0,1,0,1,0,0,0,0,3.984622028177918,-1,-999,0,0,1,11,0,0,1,0
13,35,0,0,0,1,0,0,0,5,4.219717615125919,-1,-999,0,0,0,0,0,0,0,0
31,16,0,0,0,1,0,0,1,2,4.43480949262376,-1,-999,0,0,0,0,0,0,0,0
14,19,0,0,1,0,0,0,0,14,4.193942707918269,-1,-999,0,0,0,0,0,0,0,1
19,30,0,0,0,1,0,0,0,3,4.281892029821522,-1,-999,0,3,0,23,0,0,0,0
38,64,0,1,0,1,0,0,1,20,4.797786816021696,-1,-999,0,0,0,0,0,0,0,1
19,62,0,0,0,1,0,0,0,7,4.645534926105688,-1,-999,0,0,0,2,1,0,0,0
21,8,0,0,0,1,0,0,0,1,4.107017709595357,-1,-999,0,0,0,0,0,0,0,1
11,6,0,1,0,0,0,0,0,0,3.5932696895151084,-1,-999,0,0,0,6,0,0,0,1
26,97,0,1,0,1,0,0,1,8,5.161088503552879,-1,-999,0,0,0,0,0,0,0,1
15,0,0,0,0,1,1,0,1,0,4.004886164091843,-1,-999,0,0,0,0,0,0,0,1
14,1,0,1,0,1,0,0,0,0,3.609668477419888,-1,-999,0,44,3,70,0,0,0,0
25,59,0,0,0,1,1,0,0,2,4.3277206432685,-1,-999,0,0,0,0,0,0,0,0
41,0,0,0,0,4,1,0,0,0,4.141541406655651,-1,-999,0,0,0,0,0,0,0,1
20,26,0,1,0,1,0,0,0,0,4.388397688426045,-1,-999,0,0,1,6,0,0,0,0
24,32,0,0,0,1,0,0,0,0,4.262119408447357,-1,-999,0,0,2,10,0,0,0,0
7,60,0,0,0,0,0,0,0,0,4.140970225347356,-1,-999,0,0,0,0,0,0,0,0
16,12,0,1,0,1,0,0,0,0,4.162573265150912,-1,-999,0,0,0,1,0,0,0,0
33,41,0,0,0,0,0,0,0,0,4.392854979394323,-1,-999,0,0,0,0,0,0,0,1
16,16,0,1,0,0,0,0,0,0,4.027567157116929,-1,-999,0,0,0,0,0,0,0,0
16,14,0,0,0,1,1,0,0,0,4.0440637580947945,-1,-999,0,3,1,17,0,0,0,1
32,105,0,1,0,1,0,0,1,8,5.512138014177211,-1,-999,0,0,1,1,0,0,0,1
31,0,0,0,0,1,0,0,0,0,4.198603750787607,-1,-999,0,0,0,1,0,0,0,1
18,58,0,0,0,1,0,0,0,0,4.2770979088233325,-1,-999,0,0,0,0,0,0,0,0
22,25,0,0,0,1,0,0,0,0,4.050938086083009,-1,-999,0,0,0,0,0,0,0,1
17,26,0,0,0,1,0,0,0,0,4.271272380112911,-1,-999,0,1,1,19,0,0,0,0
23,47,0,0,0,0,0,0,0,24,4.732306307988134,-1,-999,0,0,0,0,0,0,0,1
18,10,0,1,0,0,0,0,0,1,3.9959065984842455,-1,-999,0,0,0,0,0,0,0,1
9,185,0,1,0,0,1,0,0,80,4.718201386554096,-1,-999,0,0,0,0,0,0,0,1
19,34,0,0,0,0,0,0,0,2,4.31274492074611,-1,-999,0,0,0,14,0,0,0,0
23,1,0,1,0,1,0,0,0,0,3.9445488277869583,-1,-999,0,2,1,8,0,0,0,0
16,1,0,1,0,1,0,0,0,0,3.7230741894285697,-1,-999,0,0,0,8,0,0,0,0
18,1,0,1,0,1,0,0,0,1,4.106377316818026,-1,-999,0,0,0,1,0,0,0,1
9,38,0,0,0,0,0,0,0,0,4.296167133030747,-1,-999,0,0,0,0,0,0,0,1
29,39,0,1,0,1,1,0,0,13,4.495631093350493,-1,-999,0,0,0,2,0,0,0,1
15,59,0,0,0,1,0,0,0,5,4.610058225866665,-1,-999,0,0,0,0,0,0,0,0
16,107,0,1,0,1,0,0,0,5,5.4068771954511625,-1,-999,0,0,0,13,0,0,0,1
30,0,0,0,0,1,1,0,1,0,4.226628285180293,-1,-999,0,0,0,0,0,0,0,1
24,60,0,1,0,1,0,0,0,0,4.498627788602244,-1,-999,0,0,0,3,0,0,0,1
21,135,0,0,0,1,2,1,0,22,5.439217807761296,-1,-999,0,0,0,0,0,0,0,1
21,128,0,1,0,1,1,0,0,42,5.117699331237956,-1,-999,0,0,0,11,0,0,0,1
18,1,0,0,0,1,0,0,0,0,3.6612262562697895,-1,-999,0,0,0,0,0,0,0,0
16,25,0,1,0,1,0,0,0,0,4.1878497020561545,-1,-999,0,4,0,5,0,0,0,0
16,74,0,0,0,1,1,0,0,0,4.728376183386351,-1,-999,0,31,0,34,0,0,0,0
12,55,0,0,0,1,0,0,0,0,4.313805649752798,-1,-999,0,0,0,0,0,0,0,0
16,1,0,1,0,0,0,0,0,0,4.023465189601647,-1,-999,0,1,0,41,0,0,0,0
36,22,0,0,0,3,1,0,2,5,4.486237483305927,-1,-999,0,0,0,0,0,0,0,1
13,8,0,1,0,1,0,0,0,0,3.7588670992335302,-1,-999,0,0,0,31,0,0,0,1
14,45,0,0,0,0,0,0,0,13,4.770656540913426,-1,-999,0,0,0,1,0,0,0,1
20,1,0,1,0,1,0,0,0,0,3.8833374604210062,-1,-999,0,42,1,36,0,0,0,0
16,30,0,0,0,1,0,0,0,0,4.047396824736069,-1,-999,0,0,0,2,0,0,0,1
21,28,0,0,0,1,0,0,0,0,4.31835352946378,-1,-999,0,0,0,0,0,0,0,1
12,38,0,0,0,1,0,0,0,4,4.25761896255385,-1,-999,0,0,0,3,0,0,0,0
17,1,0,0,0,1,0,0,0,0,3.7532696895151085,-1,-999,0,1,0,15,0,0,0,0
20,29,0,0,0,1,0,0,0,10,4.356312404804365,-1,-999,0,0,0,0,0,0,0,1
24,32,0,0,0,1,0,0,1,1,4.2598700520969395,-1,-999,0,0,0,9,0,0,0,0
20,26,0,0,0,1,0,0,1,3,4.5011364921357675,-1,-999,0,0,0,0,0,0,0,0
21,1,0,0,0,1,0,0,1,0,3.9523029776623857,-1,-999,0,3,1,4,0,0,0,0
20,63,0,1,0,1,2,0,0,7,4.571106004172829,-1,-999,0,0,0,0,0,0,0,1
15,21,0,0,0,1,0,0,0,5,4.246519267418364,-1,-999,0,3,0,15,0,0,0,0
35,1,0,1,0,1,0,0,0,0,4.146376220664176,-1,-999,0,0,0,1,0,0,0,0
19,10,0,0,0,0,1,0,0,0,4.155221528859512,-1,-999,0,0,0,0,0,0,0,1
16,23,0,0,0,1,0,0,0,0,4.33814184707917,-1,-999,0,0,0,2,0,0,0,0
16,9,0,1,0,1,0,0,0,0,3.8848588918890474,-1,-999,0,0,0,1,0,0,0,0
38,73,0,0,0,1,1,0,0,23,4.904759394291517,-1,-999,0,0,0,0,0,0,0,1
15,22,0,0,0,1,0,0,0,6,4.198432903742661,-1,-999,0,3,0,15,0,0,0,0
12,1,0,1,0,1,0,0,0,0,3.6537567082870015,-1,-999,0,0,0,28,0,0,0,0
31,18,0,0,0,1,0,0,0,1,4.281892029821522,-1,-999,0,0,0,0,0,0,0,0
24,1,0,1,0,1,0,0,0,0,3.9603202553942918,-1,-999,0,0,17,20,0,0,0,0
21,21,0,0,0,1,0,0,0,4,4.295746773031725,-1,-999,0,0,0,0,0,0,0,0
31,3,0,0,0,1,0,0,0,0,3.8961825665475076,-1,-999,0,0,0,1,1,0,0,0
50,19,0,0,0,3,2,0,1,15,4.638971264266035,-1,-999,0,0,0,0,0,0,0,1
17,40,0,1,0,1,0,0,0,19,4.808616228573361,-1,-999,0,0,0,3,0,0,0,0
17,1,0,1,0,1,0,0,0,0,3.738149333192866,-1,-999,0,2,0,171,0,0,0,0
10,68,0,0,0,0,0,0,0,9,4.430144795953051,-1,-999,0,0,0,13,0,0,0,0
34,49,0,0,0,1,1,0,0,6,4.417583063758542,-1,-999,0,1,2,22,0,0,0,0
18,45,0,0,0,1,0,0,0,0,4.416234402684467,-1,-999,0,3,0,33,0,0,0,0
28,1,0,0,0,1,0,0,0,0,4.18354236243323,-1,-999,0,4,0,23,0,1,0,0
16,4,0,0,0,1,0,0,0,0,3.5319412055466586,-1,-999,0,0,0,1,0,0,0,0
12,94,0,0,0,1,1,0,0,25,4.938999726131722,-1,-999,0,0,0,0,0,0,0,1
14,1,0,0,0,1,0,0,0,0,3.6635327548042547,-1,-999,0,0,0,1,1,0,0,0
18,5,0,1,0,0,0,0,0,0,3.784368487596862,-1,-999,0,0,0,0,0,0,0,1
32,1,0,1,0,1,0,0,0,0,4.259514199528965,-1,-999,0,13,3,43,0,0,1,0
11,71,0,0,0,0,0,0,0,0,4.292003488314912,-1,-999,0,0,0,0,0,0,0,0
21,23,0,0,0,1,0,0,0,3,4.121570755112655,-1,-999,0,0,0,0,0,0,0,1
12,130,0,0,1,0,1,0,0,30,5.151291342123709,-1,-999,0,0,0,0,0,0,0,1
17,52,0,0,0,1,0,0,0,0,4.382299803191452,-1,-999,0,0,0,1,1,0,0,0
26,1,0,1,0,1,0,0,0,4,4.264578373902384,-1,-999,0,0,0,1,0,0,0,1
30,1,0,0,0,1,0,0,0,0,4.188331131693838,-1,-999,0,0,0,1,0,0,0,1
18,20,0,0,0,0,0,0,0,4,4.497300040726043,-1,-999,0,0,0,0,0,0,0,1
16,1,0,1,0,1,0,0,0,0,3.733660689688186,-1,-999,0,0,0,10,0,0,0,1
17,24,0,0,0,2,0,0,0,5,4.3949746782469115,-1,-999,0,2,1,11,0,0,0,0
18,1,0,1,0,1,0,0,0,0,3.782122224145305,-1,-999,0,0,0,5,0,0,0,0
14,17,0,0,0,1,0,0,0,0,3.767958277719178,-1,-999,0,0,0,10,0,0,0,0
24,0,0,0,0,1,0,0,0,0,3.8330709070912796,-1,-999,0,0,0,1,0,0,0,1
15,34,0,0,1,0,0,0,0,34,4.095775075058241,-1,-999,0,0,0,0,0,0,0,1
21,70,0,0,0,1,0,0,0,0,4.135239788449901,-1,-999,0,0,0,1,1,0,0,0
11,23,0,0,0,0,0,0,0,0,4.168408407004341,-1,-999,0,0,0,0,0,0,0,1
8,61,0,0,0,0,1,0,0,0,4.418813249709983,-1,-999,0,0,0,23,0,0,0,1
24,20,0,0,0,1,0,0,0,6,4.382730488818215,-1,-999,0,0,1,54,0,0,1,0
18,175,0,0,0,1,1,0,0,92,4.743426100064089,-1,-999,0,0,0,0,0,0,0,1
19,7,0,0,0,1,0,0,0,0,4.0060710131011685,-1,-999,0,0,0,4,0,0,0,0
15,1,0,0,0,1,0,0,0,0,3.729446194905256,-1,-999,0,0,0,4,0,0,0,0
20,48,0,1,0,1,0,0,0,0,4.361120323264651,-1,-999,0,9,0,47,0,0,0,0
19,72,0,0,0,0,0,0,1,17,4.769709844620568,-1,-999,0,0,0,0,0,0,0,1
14,22,0,0,0,1,0,0,0,0,4.210807487109298,-1,-999,0,3,2,5,0,0,0,0
22,1,0,1,0,1,0,0,1,0,3.977916874693636,-1,-999,0,2,0,24,0,0,0,0
19,40,0,1,0,1,0,0,0,0,4.451310179982967,-1,-999,0,8,0,22,0,0,0,0
20,20,0,1,0,1,0,0,0,6,4.042481250360578,-1,-999,0,0,0,1,1,0,0,0
19,15,0,1,0,1,0,0,0,1,4.318045625665338,-1,-999,0,4,1,5,0,0,0,0
15,9,0,1,0,1,0,0,0,0,4.202819531114783,-1,-999,0,0,0,1,0,0,0,0
31,12,0,0,0,1,0,0,0,0,4.0279764393853,-1,-999,0,0,0,0,0,0,0,1
11,35,0,1,0,1,0,0,0,7,4.726928705787044,-1,-999,0,0,0,10,0,0,1,1
19,1,0,1,0,1,0,0,0,0,3.9677201004744993,-1,-999,0,0,0,0,0,0,0,0
19,171,0,0,0,0,1,0,1,38,5.493773417236846,-1,-999,0,0,0,0,0,0,0,1
19,1,0,0,0,1,0,0,0,0,3.8100810205217304,-1,-999,0,4,0,7,0,0,0,0
16,15,0,0,0,0,0,0,0,0,3.9053077763737467,-1,-999,0,2,0,12,0,0,0,1
18,28,0,1,0,1,0,0,0,6,4.4821272067338285,-1,-999,0,0,0,5,0,0,0,0
18,67,0,1,0,2,0,0,0,0,4.281403333589699,-1,-999,0,0,0,0,0,0,0,0
50,68,0,1,0,3,2,0,1,19,4.691369998674787,-1,-999,0,0,0,0,0,0,0,1
17,16,0,0,0,1,0,0,0,0,4.293942707918269,-1,-999,0,1,1,19,0,0,0,0
18,11,0,0,0,1,0,0,0,1,4.099665973303956,-1,-999,0,0,0,0,0,0,0,1
26,11,0,0,0,1,0,0,0,0,4.144106550888951,-1,-999,0,4,0,10,0,0,0,0
20,33,0,1,0,0,2,0,0,0,4.168064493748595,-1,-999,0,0,0,0,0,0,0,1
12,61,0,0,0,1,0,0,0,8,4.950599076798442,-1,-999,0,3,0,20,0,0,0,0
8,49,0,0,0,0,1,0,0,3,4.201915524693378,-1,-999,0,0,0,0,0,0,0,1
12,59,0,0,0,1,1,0,0,7,4.446438238944744,-1,-999,0,0,0,0,0,0,0,1
15,15,0,1,0,1,0,0,0,0,3.8725416580096277,-1,-999,0,0,1,41,0,0,0,0
26,19,0,0,0,1,0,0,1,1,4.290546691027651,-1,-999,0,0,0,0,0,0,0,1
18,24,0,0,0,1,0,0,0,0,4.272374384710773,-1,-999,0,2,0,26,0,0,0,0
15,19,0,0,0,1,0,0,0,7,4.271470906740503,-1,-999,0,0,0,28,0,0,1,0
21,1,0,1,0,1,0,0,0,0,4.031401845392172,-1,-999,0,0,0,0,0,0,0,0
6,164,0,1,0,0,1,0,0,12,4.942331392280206,-1,-999,0,0,0,0,0,0,0,1
20,20,0,1,0,1,0,0,0,6,4.084147917027245,-1,-999,0,0,0,1,1,0,0,0
69,1,0,1,0,3,0,0,2,9,4.749331224911927,-1,-999,0,0,0,0,0,0,0,1
11,22,0,0,0,0,0,0,0,0,4.196439344671016,-1,-999,0,2,0,10,0,0,0,0
21,32,0,0,0,1,0,0,0,0,4.258392838598775,-1,-999,0,0,0,12,0,0,0,0
36,1,0,0,0,2,0,0,3,1,4.282739857027813,-1,-999,0,0,0,0,0,0,0,1
24,21,0,0,0,1,0,0,0,0,4.205274218874661,-1,-999,0,8,0,7,0,0,0,0
26,108,0,1,0,3,1,0,0,18,5.5115926448898875,-1,-999,0,0,0,0,0,0,0,1
17,24,0,0,0,0,0,0,0,0,4.41278203183594,-1,-999,0,0,0,0,0,0,0,1
10,0,0,0,0,0,0,0,0,0,3.499227547132693,-1,-999,0,0,0,1,0,0,0,0
16,33,0,0,0,1,0,0,0,0,4.194787734132637,-1,-999,0,0,0,2,0,0,0,1
18,48,0,0,0,0,0,0,0,2,4.311294641796338,-1,-999,0,0,0,0,0,0,0,1
16,1,0,1,0,1,0,0,0,0,3.7034651896016473,-1,-999,0,0,0,28,0,0,0,0
26,21,0,0,0,0,0,0,0,4,4.587858798299508,-1,-999,0,0,0,0,0,0,0,1
17,85,0,0,0,0,0,1,0,0,4.497306823655903,-1,-999,0,0,0,0,0,0,0,1
14,44,0,0,0,1,0,0,0,5,4.524548637085513,-1,-999,0,0,1,53,0,0,0,0
45,17,0,1,0,3,0,0,2,17,4.580989582550627,-1,-999,0,0,0,0,0,0,0,1
13,11,0,1,0,0,1,0,0,0,4.077819531114783,-1,-999,0,0,0,0,0,0,0,1
28,35,0,1,0,1,0,0,0,8,4.522987177443167,-1,-999,0,18,1,32,0,0,1,0
22,50,0,0,0,2,0,0,1,24,5.052567157116929,-1,-999,0,0,0,0,0,0,0,1
30,1,0,1,0,1,0,0,0,0,4.182336834024969,-1,-999,0,5,0,15,0,0,0,0
29,63,0,1,0,2,0,0,0,7,4.537271475950335,-1,-999,0,0,0,0,0,0,0,0
14,29,0,0,0,0,0,0,0,0,4.119079570624175,-1,-999,0,1,1,51,0,0,0,0
25,1,0,1,0,1,0,0,0,0,4.057476076289932,-1,-999,0,0,0,0,0,0,0,0
50,68,0,1,0,3,2,0,1,17,4.684556674627416,-1,-999,0,0,0,0,0,0,0,1
22,1,0,1,0,1,0,0,0,0,3.953565664946428,-1,-999,0,4,1,38,0,0,1,0
22,62,0,0,0,0,0,0,0,13,4.608323827776267,-1,-999,0,0,0,0,0,0,0,1
22,0,0,0,0,1,0,0,0,0,4.021268494903765,-1,-999,0,0,0,0,0,0,0,0
44,19,0,0,0,3,2,0,3,0,4.216603424812509,-1,-999,0,0,0,0,0,0,0,1
15,8,0,0,0,1,0,0,0,0,3.831401845392172,-1,-999,0,0,0,0,0,0,0,1
34,217,0,0,0,1,2,0,3,109,4.674818905958968,-1,-999,0,0,0,0,0,0,0,1
18,36,0,0,0,1,0,0,0,4,4.528675248459109,-1,-999,0,0,0,1,1,0,0,0
16,21,0,0,0,1,0,0,0,0,3.8542227440216,-1,-999,0,6,1,19,0,0,0,1
13,85,0,0,0,1,1,0,0,1,4.316329938248742,-1,-999,0,0,0,0,0,0,0,1
23,18,0,1,0,1,1,0,0,0,3.864738293873281,-1,-999,0,0,0,0,0,0,0,1
41,130,0,1,0,1,1,0,1,9,5.092121548103036,-1,-999,0,0,0,0,0,0,0,1
23,36,0,0,0,1,0,0,0,5,4.415257097045245,-1,-999,0,0,1,53,0,0,0,0
20,17,0,0,0,1,0,0,0,0,4.1806892889443334,-1,-999,0,0,0,0,0,0,0,1
17,51,0,0,0,1,0,0,0,0,4.246111232828359,-1,-999,0,9,0,65,0,0,0,0
10,45,0,0,0,0,0,0,0,22,4.440094649404179,-1,-999,0,0,0,0,0,0,0,1
32,48,0,1,0,1,2,0,1,13,4.790001329767017,-1,-999,0,0,0,0,0,0,0,1
7,87,0,0,0,0,0,0,0,17,5.192349637740569,-1,-999,0,0,0,1,1,0,0,1
20,18,0,1,0,1,0,0,0,0,3.996630848284676,-1,-999,0,0,0,2,0,0,0,0
28,1,0,0,0,1,0,0,0,0,4.162573265150912,-1,-999,0,2,2,15,0,0,0,0
21,40,0,0,0,1,0,0,0,1,4.235899196501307,-1,-999,0,0,0,0,0,0,0,1
13,17,0,1,0,0,0,0,0,4,4.218469211370856,-1,-999,0,0,0,0,0,0,0,1
15,442,0,1,0,1,2,0,0,77,5.1406157967000405,-1,-999,0,4,0,3,0,0,0,1
10,1,0,1,0,0,0,0,0,0,3.6421498816369047,-1,-999,0,0,1,31,0,0,0,0
23,7,0,0,0,1,0,0,0,4,3.9359556499866866,-1,-999,0,0,0,1,1,0,0,0
15,104,0,1,0,1,0,0,0,14,5.542983998032434,-1,-999,0,0,0,1,0,0,0,1
18,12,0,1,0,1,0,0,0,0,4.0959686315799715,-1,-999,0,4,2,28,0,0,0,0
18,33,0,1,0,1,0,0,0,0,4.163997449086288,-1,-999,0,28,0,29,0,0,0,0
16,12,0,0,0,1,0,0,0,0,3.978864088188098,-1,-999,0,12,1,60,0,0,0,0
50,69,0,1,0,3,2,0,1,20,4.788904254715776,-1,-999,0,0,0,0,0,0,0,1
56,0,0,0,0,6,0,0,1,2,4.248551900950955,-1,-999,0,0,0,0,0,0,0,1
16,28,0,0,0,1,0,0,0,0,4.0996214319996405,-1,-999,0,4,0,10,0,0,0,0
8,45,0,0,0,0,0,0,0,0,4.360324136950665,-1,-999,0,4,1,16,0,0,0,0
12,31,0,0,0,0,1,0,0,0,4.334177320667444,-1,-999,0,0,0,0,0,0,0,1
14,17,0,0,0,1,0,0,0,0,4.083067973799102,-1,-999,0,0,0,5,1,0,0,0
16,10,0,0,0,1,0,0,0,1,3.6542637259970228,-1,-999,0,0,0,0,0,0,0,1
50,69,0,0,0,3,2,0,1,18,4.732042640975565,-1,-999,0,0,0,0,0,0,0,1
24,29,0,0,0,1,0,0,0,10,4.710649970428229,-1,-999,0,0,0,0,0,0,0,1
40,115,0,0,0,3,1,0,2,20,5.010250265381228,-1,-999,0,0,0,0,0,0,0,1
18,1,0,0,0,1,0,0,0,0,3.8441065448145384,-1,-999,0,0,0,0,0,0,0,0
7,6,0,0,0,0,0,0,0,0,3.784183719779189,-1,-999,0,0,0,0,0,0,0,1
27,7,0,1,0,3,0,0,0,1,3.9284140071748546,-1,-999,0,0,0,0,0,0,0,1
17,0,0,0,0,1,0,0,0,0,3.7720552088742005,-1,-999,0,0,0,0,0,0,0,1
15,40,0,0,0,0,0,0,0,0,4.374645352453051,-1,-999,0,0,0,15,0,0,0,1
14,10,0,0,0,1,0,0,0,0,3.993730584231477,-1,-999,0,0,0,6,0,0,0,1
15,48,0,1,0,1,0,0,0,14,4.530117282044246,-1,-999,0,0,0,6,0,0,0,0
33,0,0,0,0,1,0,0,0,0,4.265311532225103,-1,-999,0,2,0,4,1,0,0,1
12,13,0,0,0,1,0,0,0,7,4.309101316131472,-1,-999,0,0,0,0,0,0,0,0
10,33,0,0,0,0,0,0,0,21,4.553269689515108,-1,-999,0,2,1,26,0,0,0,1
18,16,0,1,0,1,0,0,1,0,4.254830815378347,-1,-999,0,0,0,0,0,0,0,0
16,37,0,1,0,1,0,0,0,0,4.370454191829547,-1,-999,0,4,0,5,0,0,0,0
16,49,0,0,0,1,0,0,0,17,4.76361724465461,-1,-999,0,0,0,1,0,0,0,1
15,442,0,1,0,1,2,0,0,77,5.1406157967000405,-1,-999,0,4,0,3,0,0,0,1
29,30,0,0,0,1,0,0,0,0,4.166918316354893,-1,-999,0,0,0,31,0,0,0,0
27,1,0,1,0,1,2,0,2,0,3.8638263900908156,-1,-999,0,0,0,0,0,0,0,1
24,26,0,0,0,1,0,0,0,2,4.2207792174642025,-1,-999,0,0,0,1,1,0,0,0
13,63,0,1,0,0,0,0,0,6,4.432870520205327,-1,-999,0,0,0,1,1,0,0,0
20,32,0,0,0,1,0,0,0,0,4.183679812793579,-1,-999,0,0,0,6,0,0,0,1
42,19,0,0,0,3,2,0,0,11,4.610938900163457,-1,-999,0,0,0,0,0,0,0,1
27,16,0,0,0,1,0,0,0,0,4.153786320494366,-1,-999,0,0,0,1,0,0,0,0
31,1,0,0,0,1,0,0,0,0,3.5920919620082037,-1,-999,0,0,0,0,0,0,0,1
25,0,0,0,0,1,0,0,0,1,3.92095859334435,-1,-999,0,2,0,4,1,0,0,1
11,3,0,0,0,0,0,0,0,0,3.535174565635903,-1,-999,0,5,0,26,0,0,0,1
17,20,0,0,0,1,0,0,0,5,4.220128777433188,-1,-999,0,0,0,12,0,0,0,0
20,44,0,0,0,1,0,0,1,4,4.4629215083376685,-1,-999,0,0,0,0,0,0,0,0
23,41,0,0,0,0,0,0,0,1,4.397947169575878,-1,-999,1,7,0,0,0,0,0,1
21,1,0,1,0,1,0,0,0,0,3.9144093452479405,-1,-999,0,18,0,55,0,0,0,0
16,12,0,1,0,1,0,0,0,0,4.218128820706467,-1,-999,0,0,0,1,0,0,0,0
34,1,0,1,0,1,0,0,1,0,4.23128619690549,-1,-999,0,0,0,16,0,0,0,0
6,114,0,1,0,0,0,0,0,22,5.061962116938224,-1,-999,0,0,0,7,0,0,0,1
4,4,0,0,0,0,0,0,0,2,3.323231428797621,-1,-999,0,4,0,1,0,0,0,1
17,16,0,0,0,0,0,0,0,0,4.275070520364182,-1,-999,0,0,0,0,0,0,0,1
21,1,0,0,0,1,0,0,0,0,3.8052456498523717,-1,-999,0,1,1,37,0,0,0,0
15,25,0,1,0,1,1,0,0,0,4.3061275426950285,-1,-999,0,2,0,15,0,0,0,1
22,6,0,0,0,1,1,0,0,0,3.9928705166358998,-1,-999,0,0,0,0,0,0,0,1
34,107,0,1,0,1,0,0,1,5,5.201925727229762,-1,-999,0,0,0,0,0,0,0,1
7,1,0,1,0,0,0,0,0,0,3.452819531114783,-1,-999,0,1,1,42,0,0,0,0
22,31,0,0,0,1,0,0,2,0,4.20221267998362,-1,-999,0,0,0,0,0,0,0,0
17,14,0,0,0,0,0,0,0,0,3.9655839357277816,-1,-999,0,0,0,0,0,0,0,1
26,0,0,0,0,1,0,0,0,0,4.0060710131011685,-1,-999,0,0,0,11,0,0,0,0
20,34,0,0,0,1,0,0,0,27,4.682557575474073,-1,-999,0,0,0,0,0,0,0,1
50,69,0,1,0,3,2,0,1,26,4.803907541012861,-1,-999,0,0,0,0,0,0,0,1
18,36,0,0,0,1,0,0,0,0,4.284776222908657,-1,-999,0,0,0,0,0,0,0,0
17,39,0,1,0,1,0,0,0,0,4.361033547037795,-1,-999,0,1,0,20,0,0,0,0
20,55,0,1,0,1,0,0,0,1,4.3023974928005595,-1,-999,0,0,0,0,0,0,0,1
30,98,0,1,0,1,0,1,0,22,5.013518194141402,-1,-999,0,0,0,0,0,0,0,1
14,54,0,1,0,1,0,0,0,5,4.662591170919944,-1,-999,0,2,0,15,0,0,0,0
14,1,0,1,0,1,0,0,0,0,3.8492239123906247,-1,-999,0,0,0,1,1,0,0,0
38,24,0,1,0,1,0,0,2,0,4.807435516759527,-1,-999,0,4,1,22,0,0,0,0
13,17,1,0,0,0,0,0,0,0,4.106241250673739,-1,-999,0,0,0,1,0,0,0,1
13,1,0,1,0,1,0,0,0,0,3.6069367321753214,-1,-999,0,0,0,0,0,0,0,0
17,84,0,0,0,1,0,0,0,0,4.605718753120668,-1,-999,0,0,0,0,0,0,0,0
28,1,0,1,0,1,0,0,1,0,4.005958095007847,-1,-999,0,4,0,39,0,0,0,0
21,24,0,1,0,2,0,0,0,0,4.228223408235576,-1,-999,0,0,0,0,0,0,0,0
21,28,0,0,0,1,0,1,0,58,4.8136548607350065,-1,-999,0,0,0,0,0,0,0,1
28,32,0,0,0,1,0,0,2,0,4.385442042187209,-1,-999,0,0,0,29,0,0,0,0
18,10,0,0,0,1,0,0,0,0,4.050013373778757,-1,-999,0,2,1,14,0,0,0,0
50,68,0,0,0,3,2,0,1,23,4.7749990282161905,-1,-999,0,0,0,0,0,0,0,1
12,14,0,0,0,1,0,0,0,0,3.725916088924304,-1,-999,0,0,0,16,0,0,1,0
14,21,0,0,0,1,0,0,0,0,4.302449862997395,-1,-999,0,0,0,0,0,0,0,0
19,47,0,0,0,1,0,0,0,2,4.212584403421609,-1,-999,0,2,0,44,0,0,0,0
13,10,0,0,0,0,1,0,0,0,3.948394345536403,-1,-999,0,0,0,0,0,0,0,1
19,53,0,1,0,0,0,0,0,1,4.154461264217375,-1,-999,0,8,1,70,0,0,0,0
16,20,0,1,0,1,1,0,0,0,4.144106550888952,-1,-999,0,0,0,23,1,1,0,1
27,47,0,0,0,1,0,0,0,18,4.764258534455222,-1,-999,0,0,0,0,0,0,0,1
18,1,0,1,0,1,0,0,0,0,3.5137847242254336,-1,-999,0,19,1,86,0,0,0,0
14,36,0,1,0,0,0,0,0,6,4.64546138055352,-1,-999,0,0,0,0,0,0,0,0
28,86,0,1,0,1,0,0,1,10,5.052967411945591,-1,-999,0,0,0,0,0,0,0,1
42,69,0,1,0,3,2,0,0,24,4.740771894783672,-1,-999,0,0,0,0,0,0,0,1
20,20,0,1,0,1,0,0,0,0,4.022593366144261,-1,-999,0,0,0,1,1,0,0,0
12,55,0,0,0,1,1,0,0,5,4.495804717649562,-1,-999,0,0,0,0,0,0,0,1
20,46,0,1,0,1,0,0,0,0,4.162977819229417,-1,-999,0,0,1,14,0,0,1,0
22,55,0,1,0,1,1,0,0,0,4.149919024981099,-1,-999,0,0,0,0,0,0,0,1
14,55,0,0,0,1,0,0,0,8,4.465244046925638,-1,-999,1,13,2,29,0,0,0,0
18,27,0,1,0,1,0,0,0,0,4.251716096874001,-1,-999,0,4,2,25,0,0,0,0
25,1,0,1,0,1,0,0,0,0,4.175123135113461,-1,-999,0,0,1,21,0,0,0,0
27,27,0,1,0,1,1,0,0,0,4.37105150525105,-1,-999,0,0,0,0,0,0,0,1
30,1,0,0,0,1,1,0,0,0,4.13569955274647,-1,-999,0,0,0,0,0,0,0,0
20,1,0,1,0,1,0,0,0,0,4.090234012145144,-1,-999,0,0,0,31,0,0,1,0
27,21,0,1,0,1,0,0,0,1,4.3100607893439555,-1,-999,0,1,0,9,0,0,0,0
16,24,0,1,0,1,0,0,0,0,4.204986855772667,-1,-999,0,4,0,5,0,0,0,0
24,1,0,0,0,1,0,0,0,0,3.9292292966721747,-1,-999,0,2,0,8,0,0,0,0
12,37,0,0,0,0,0,0,0,0,3.9135136283377605,-1,-999,0,0,0,1,0,0,0,1
26,0,0,0,0,1,0,0,0,1,4.104407755459851,-1,-999,0,0,0,4,1,0,0,1
18,0,0,0,0,1,0,0,0,0,3.733660689688186,-1,-999,0,0,0,0,0,0,0,1
16,27,0,0,0,1,0,0,0,12,4.768367439558378,-1,-999,1,6,1,17,0,0,0,0
16,11,0,1,0,0,0,0,0,0,3.914159445145515,-1,-999,0,0,0,0,0,0,0,1
26,22,0,0,0,1,0,0,0,0,4.355839204544514,-1,-999,0,0,0,3,0,0,0,0
14,19,0,0,0,0,0,0,0,4,4.3341837197791895,-1,-999,1,3,1,32,0,0,0,0
17,52,0,1,0,1,0,0,0,3,4.568590685951946,-1,-999,0,4,0,5,0,0,0,0
22,30,0,0,0,1,0,0,0,0,4.399155126729122,-1,-999,0,177,0,98,0,0,0,0
27,51,0,1,0,1,1,0,0,25,4.6964024759752565,-1,-999,0,0,0,0,0,0,0,1
9,16,0,0,0,0,0,0,2,1,4.184862968552385,-1,-999,0,0,0,7,0,0,0,1
23,7,0,0,0,1,0,0,0,0,4.22932735194002,-1,-999,0,0,0,25,0,0,0,0
17,257,0,1,0,1,0,0,0,81,5.331735852355115,-1,-999,0,0,0,11,0,0,1,1
18,40,0,0,0,1,0,0,0,0,4.211497091448232,-1,-999,0,0,0,0,0,0,0,1
16,46,0,1,0,0,0,0,0,6,4.2081735610156095,-1,-999,0,0,0,1,1,0,0,1
18,1,0,0,0,1,0,0,0,0,3.8441065448145384,-1,-999,0,8,0,11,0,0,0,0
14,1,0,1,0,1,0,0,0,0,3.3816201079487347,-1,-999,0,0,0,0,0,0,0,0
11,20,0,0,0,0,0,0,0,1,4.0278083561646305,-1,-999,0,0,0,0,0,0,0,1
16,74,0,1,0,1,0,0,0,11,4.499002446528928,-1,-999,0,0,0,1,1,0,0,0
25,12,0,0,0,1,0,0,0,0,4.257298596146818,-1,-999,0,0,0,1,0,0,0,0
11,18,0,0,0,1,0,0,0,0,3.892864766691282,-1,-999,0,0,0,0,0,0,0,0
20,1,0,0,0,1,0,0,0,0,3.9232517969803373,-1,-999,0,3,0,10,0,0,0,0
19,34,0,0,0,1,1,0,0,0,4.055063989595113,-1,-999,0,0,0,0,0,0,0,1
17,96,0,1,0,1,0,0,0,22,5.230416104500875,-1,-999,0,0,0,0,0,0,0,1
14,19,0,1,0,1,0,0,0,0,4.043544614839371,-1,-999,0,0,0,8,0,0,0,0
7,6,0,0,0,0,0,0,0,0,3.846439344671016,-1,-999,0,0,0,0,0,0,1,1
26,57,0,0,0,1,1,0,0,2,4.298520592584296,-1,-999,0,0,0,0,0,0,0,1
25,0,0,0,0,0,0,0,0,0,3.875,-1,-999,0,0,0,0,0,0,0,0
25,15,0,0,0,1,0,0,1,0,4.238114320168547,-1,-999,0,0,0,0,0,0,0,0
15,22,0,0,0,1,0,0,0,0,4.166389505237727,-1,-999,0,3,1,157,0,0,0,0
13,21,0,1,0,0,0,0,0,10,4.121267946939375,-1,-999,0,0,0,0,0,0,0,0
54,5,0,1,0,1,0,0,1,0,4.136276041450472,-1,-999,0,0,0,1,1,0,0,1
43,15,0,0,0,1,0,0,0,5,4.4171570987571105,-1,-999,0,0,0,0,1,0,0,1
27,1,0,1,0,1,0,0,1,0,4.107017709595357,-1,-999,0,0,0,0,0,0,0,1
21,29,0,0,0,1,0,0,0,4,4.994741987659174,-1,-999,0,0,0,0,0,0,0,0
21,1,0,1,0,0,0,0,0,0,3.9362434129830604,-1,-999,0,0,1,16,0,0,0,0
17,1,0,0,0,1,0,0,0,2,3.8634651896016474,-1,-999,0,0,0,0,0,0,0,0
28,58,0,0,0,2,1,0,1,22,4.703018157181068,-1,-999,0,0,0,0,0,0,0,1
14,1,0,1,0,1,0,0,0,1,3.8492239123906247,-1,-999,1,28,0,80,0,0,0,0
15,48,0,0,0,0,1,0,0,0,4.0848994112571715,-1,-999,0,0,0,0,0,0,0,1
21,1,0,1,0,1,0,0,0,0,4.0062389286533895,-1,-999,0,0,0,1,1,0,0,0
13,27,0,0,0,1,0,0,0,8,4.572908734924071,-1,-999,0,0,0,0,0,0,0,0
26,23,0,0,0,1,0,0,0,0,4.46743416420658,-1,-999,0,8,1,14,0,0,0,0
16,20,0,1,0,1,0,0,0,0,4.125999017204181,-1,-999,0,4,0,5,0,0,0,0
26,36,0,0,0,0,0,0,0,0,4.3647596023607536,-1,-999,0,0,0,0,0,0,0,1
14,22,0,0,0,1,0,0,0,6,4.34186497602557,-1,-999,0,3,0,14,0,0,1,0
21,0,0,0,0,1,0,0,0,1,3.9232517969803373,-1,-999,0,2,2,8,0,0,0,0
50,68,0,1,0,3,2,0,1,17,4.8101454441466345,-1,-999,0,0,0,0,0,0,0,1
61,17,0,0,0,1,0,0,1,22,4.764797407410398,-1,-999,0,0,0,0,0,0,0,1
22,1,0,1,0,1,0,0,0,2,3.937751955408587,-1,-999,0,0,0,1,0,0,0,1
18,39,0,0,0,1,0,0,0,0,4.138508938909887,-1,-999,0,0,0,0,0,0,0,1
21,59,0,0,0,1,0,0,0,9,4.703193536810898,-1,-999,0,0,0,0,0,0,0,1
14,22,0,0,0,1,0,0,0,6,4.34186497602557,-1,-999,0,3,0,14,0,0,1,0
21,12,0,1,0,1,0,0,0,0,4.015611760504575,-1,-999,0,0,0,0,0,0,0,0
16,68,0,0,0,1,1,0,0,6,4.413030492082215,-1,-999,0,0,0,0,0,0,0,0
18,12,0,1,0,0,0,0,0,0,3.777551119208659,-1,-999,0,0,0,0,0,0,0,1
27,1,0,0,0,0,0,0,0,0,3.9357276594930424,-1,-999,0,0,0,0,0,0,0,1
17,57,0,1,0,1,0,0,0,7,4.5023185123076175,-1,-999,0,1,0,49,0,0,0,0
21,4,0,0,0,0,0,0,0,0,3.9056390622295662,-1,-999,0,0,0,1,1,0,0,0
20,0,0,0,0,1,1,0,0,0,3.912113890972229,-1,-999,0,0,0,0,0,0,0,1
16,26,0,0,0,1,0,0,0,0,4.344529620492199,-1,-999,0,0,0,0,0,0,0,0
23,33,0,1,0,0,1,0,2,9,4.777518266288633,-1,-999,0,0,0,0,0,0,0,1
36,1,0,0,0,1,1,0,3,0,4.097701005889715,-1,-999,0,0,0,1,0,0,0,1
27,0,0,0,0,1,0,0,0,0,4.02085512047121,-1,-999,0,0,20,16,0,0,0,0
13,16,0,1,0,0,0,0,0,1,4.293931663441728,-1,-999,0,0,0,1,0,0,0,1
13,22,0,0,1,0,0,0,0,11,4.243158791671846,-1,-999,0,0,0,0,0,0,0,1
13,1,0,0,0,1,0,0,0,0,3.6537567082870015,-1,-999,0,0,0,1,0,0,0,0
18,1,0,1,0,1,0,0,0,0,3.9302703722934536,-1,-999,0,0,1,24,0,0,0,0
11,1,0,0,0,0,0,0,0,0,3.6421498816369047,-1,-999,0,0,0,0,0,0,0,1
22,19,0,0,0,1,0,0,0,3,4.204986855772667,-1,-999,0,0,0,8,0,0,0,0
14,18,0,0,0,1,0,0,0,0,4.072986513345729,-1,-999,0,0,0,0,0,0,0,1
14,1,0,0,0,1,0,0,0,0,3.481714572986073,-1,-999,0,0,0,1,1,0,0,0
17,10,0,0,0,1,1,0,0,0,3.7045348998193433,-1,-999,0,2,0,9,0,0,0,0
50,68,0,0,0,3,2,0,1,23,4.792125115202328,-1,-999,0,0,0,0,0,0,0,1
13,1,0,1,0,1,0,0,0,0,3.5383105956150063,-1,-999,0,0,0,18,0,0,0,0
19,1,0,0,0,1,0,0,1,0,4.078418520441602,-1,-999,0,0,0,12,0,0,0,0
18,51,0,1,0,1,0,0,0,4,4.197254427043498,-1,-999,0,0,0,1,1,0,0,0
16,41,0,0,0,1,0,0,0,0,4.184171884241178,-1,-999,0,4,0,12,0,0,0,0
21,1,0,0,0,1,0,0,1,0,3.8573068568981284,-1,-999,0,0,0,0,0,0,0,0
15,15,0,0,0,1,0,0,0,5,4.060012149061901,-1,-999,0,0,0,0,0,0,0,1
15,6,0,1,0,0,1,0,0,0,3.922828737239167,-1,-999,0,0,0,0,0,0,0,1
17,15,0,0,0,1,0,0,0,1,4.092342603144791,-1,-999,0,0,0,7,0,0,0,1
50,69,0,1,0,3,2,0,1,21,4.86209226685836,-1,-999,0,0,0,0,0,0,0,1
46,68,0,1,0,4,2,0,0,23,4.8807509905860265,-1,-999,0,0,0,0,0,0,0,1
26,21,0,0,0,1,0,0,0,7,4.726928705787044,-1,-999,0,0,0,0,0,0,0,1
16,63,0,0,0,0,2,0,0,7,4.539768639837517,-1,-999,0,0,0,0,0,0,0,1
36,43,0,0,0,1,1,0,1,2,4.252139208343316,-1,-999,0,0,0,0,0,0,0,1
28,81,0,1,0,1,0,0,1,16,5.284688761969222,-1,-999,0,0,0,0,0,0,0,1
14,38,0,0,0,1,0,0,0,4,4.2953762613661715,-1,-999,0,0,1,53,0,0,0,0
23,22,0,1,0,1,0,0,1,0,4.152751710122368,-1,-999,0,6,2,22,0,0,0,0
28,1,0,0,0,1,0,0,0,0,3.909256168518586,-1,-999,0,0,0,0,0,0,0,1
16,1,0,1,0,1,0,0,0,0,3.7034651896016477,-1,-999,0,1,0,158,0,0,0,0
22,1,0,1,0,1,0,0,1,0,3.977916874693636,-1,-999,0,0,2,7,0,0,0,0
23,0,0,0,0,1,0,0,0,3,3.9898980954642878,-1,-999,0,0,0,1,0,0,0,1
15,1,0,1,0,1,0,0,0,0,3.7406015629507228,-1,-999,0,0,1,8,0,0,0,0
19,40,0,0,0,1,0,0,1,6,4.640287536584861,-1,-999,0,0,0,0,0,0,0,0
14,1,0,1,0,1,0,0,0,0,3.5013978254341027,-1,-999,0,19,0,26,0,0,1,0
21,66,0,0,0,1,0,0,0,0,4.49371002897851,-1,-999,0,0,0,24,0,0,0,1
12,19,0,0,0,0,0,0,0,0,3.694360080821023,-1,-999,0,5,0,10,0,0,0,0
14,39,0,1,0,1,0,0,0,4,4.570184575928608,-1,-999,0,0,0,0,0,0,0,0
19,12,0,0,0,1,0,0,1,0,4.040709013945501,-1,-999,0,0,0,1,1,0,0,0
14,21,0,0,0,1,0,0,0,5,4.282098601752791,-1,-999,0,3,0,14,0,0,1,0
16,100,0,0,0,0,1,0,2,1,4.851740814613698,-1,-999,0,0,0,0,0,0,0,1
18,16,0,0,0,1,0,0,0,0,3.8235555902380574,-1,-999,0,0,0,1,0,0,0,0
14,1,0,1,0,1,0,0,0,0,3.7622673906514943,-1,-999,0,23,1,36,0,0,0,0
14,15,0,0,0,0,0,0,0,3,3.9511943630832227,-1,-999,0,0,0,0,0,0,0,1
13,18,0,1,0,0,1,0,0,0,4.077212078381127,-1,-999,0,2,1,29,0,0,1,0
17,160,0,0,0,1,2,0,0,47,5.0074084173351,-1,-999,0,0,0,0,0,0,0,1
15,4,0,0,0,1,0,0,0,1,3.5654483718208256,-1,-999,0,0,0,0,0,0,0,1
18,24,0,0,0,1,0,0,0,0,4.190741731649548,-1,-999,0,1,1,26,0,0,0,0
19,25,0,0,0,0,0,0,0,1,4.179504450061346,-1,-999,0,0,0,2,0,0,1,1
24,27,1,0,0,2,0,0,0,1,4.039016238466063,-1,-999,0,0,0,0,0,0,0,1
22,1,0,0,0,1,0,0,0,0,3.777747162910945,-1,-999,0,0,0,11,0,0,0,0
24,1,0,1,0,1,0,0,0,2,3.945464952495108,-1,-999,0,11,0,26,0,0,1,0
14,108,0,0,0,0,0,0,1,57,4.770614315132155,-1,-999,0,0,0,0,0,0,0,1
47,1,0,1,0,1,0,0,0,21,4.61754794914527,-1,-999,0,0,0,2,1,0,0,1
29,40,0,0,0,1,0,0,0,0,4.3060735676061945,-1,-999,0,1,3,26,0,0,0,0
16,1,0,0,0,1,0,0,0,0,3.6572682296173893,-1,-999,0,3,0,32,0,0,0,0
28,1,0,1,0,1,0,0,0,0,4.046762824854521,-1,-999,0,3,0,17,0,0,0,0
15,19,0,0,0,1,0,0,0,1,4.104281809855787,-1,-999,0,0,0,0,0,0,0,1
25,8,0,0,0,1,1,0,0,0,4.106198332810095,-1,-999,0,0,0,1,1,0,0,0
11,0,0,0,0,1,0,0,0,0,3.5032583347756456,-1,-999,0,0,0,0,0,0,0,1
19,1,0,0,0,1,0,0,0,0,3.8100810205217304,-1,-999,0,10,0,17,0,0,1,0
16,33,0,1,0,1,0,0,0,0,4.191681680451852,-1,-999,0,0,0,2,0,0,0,1
13,1,0,0,0,1,0,0,0,0,3.558518613048906,-1,-999,0,0,0,0,0,0,0,0
13,56,0,0,0,1,0,0,0,8,4.514182534590192,-1,-999,0,0,0,1,0,0,0,0
7,63,0,0,0,0,0,0,0,9,4.358958095691215,-1,-999,0,0,0,12,0,0,1,0
27,1,0,1,0,1,0,0,2,0,3.953968403919608,-1,-999,0,6,2,18,0,0,0,0
16,19,0,1,0,1,0,0,0,0,4.318090697622953,-1,-999,0,4,0,5,0,0,0,0
20,1,0,0,0,1,0,0,0,0,4.012188403968661,-1,-999,0,0,0,0,0,0,0,0
22,66,0,1,0,0,2,0,0,0,4.428203845429467,-1,-999,0,0,0,1,0,0,0,1
14,61,0,1,0,1,0,0,0,2,4.74496270319608,-1,-999,0,2,3,53,0,0,1,0
20,35,0,0,0,1,0,0,0,1,4.073496972739653,-1,-999,0,2,2,6,0,0,0,0
15,53,0,0,0,2,0,0,0,2,4.452040277613463,-1,-999,0,0,0,0,0,0,0,0
17,77,0,1,0,1,0,0,0,6,4.402846451338797,-1,-999,0,1,0,49,0,0,0,0
27,1,0,1,0,1,0,0,0,11,3.953968403919608,-1,-999,0,0,0,1,0,0,0,1
22,63,0,1,0,1,0,1,0,0,4.643091347914323,-1,-999,0,6,1,49,0,0,0,1
16,107,0,1,0,1,0,0,0,5,5.390652123859676,-1,-999,0,0,0,13,0,0,0,1
17,71,0,0,0,1,0,0,0,0,4.290534362793844,-1,-999,0,5,0,8,0,0,0,0
11,237,0,1,0,0,0,0,0,35,5.802526093954431,-1,-999,0,0,0,0,0,0,0,1
18,18,0,0,0,1,0,0,0,0,4.129184812590067,-1,-999,0,1,1,26,0,0,0,0
27,1,0,0,0,1,0,0,0,0,3.95729587384057,-1,-999,0,0,0,10,0,0,0,0
14,4,0,1,0,1,0,0,0,0,3.6133373140453076,-1,-999,0,0,0,54,0,0,0,0
46,69,0,1,0,4,2,0,0,15,4.773375946419166,-1,-999,0,0,0,0,0,0,0,1
34,22,0,0,0,0,1,0,0,0,4.417269210206362,-1,-999,0,0,0,0,0,0,0,1
30,1,0,0,0,1,0,0,0,5,4.273728829005326,-1,-999,0,0,0,0,0,0,0,1
8,16,1,0,0,0,0,0,0,4,3.965018266288633,-1,-999,0,10,0,26,0,0,0,1
28,7,0,0,0,1,0,0,0,0,4.041625614369223,-1,-999,1,8,5,8,0,0,0,1
15,1,0,1,0,1,0,0,0,0,3.7720552088742005,-1,-999,0,1,2,22,0,0,1,0
17,50,0,0,0,1,0,0,0,0,4.430765406942712,-1,-999,0,1,1,19,0,0,0,0
18,98,0,1,0,1,0,0,0,0,4.263115392466743,-1,-999,0,2,0,23,0,0,1,0
33,7,0,0,0,3,0,0,1,3,4.064886459528626,-1,-999,0,0,0,0,0,0,0,1
18,12,0,0,0,1,0,0,0,0,4.067165189777858,-1,-999,0,0,0,0,0,0,0,1
21,106,0,0,0,1,2,0,0,28,5.320588375658471,-1,-999,0,0,0,0,0,0,0,1
10,95,0,1,0,0,1,0,0,7,5.599184233888992,-1,-999,0,0,0,0,0,0,0,1
39,120,0,1,0,1,0,0,1,18,5.321919711166325,-1,-999,0,5,0,34,0,0,0,1
16,19,0,1,0,1,0,0,0,0,4.007205452175263,-1,-999,0,4,0,5,0,0,0,0
18,11,0,0,0,1,0,0,0,0,4.051462154039801,-1,-999,0,1,1,26,0,0,0,0
22,28,0,0,0,1,0,0,0,0,4.290549610686935,-1,-999,0,0,0,0,0,0,0,0
18,27,0,1,0,0,0,0,0,0,4.316947863427458,-1,-999,0,0,0,0,0,0,0,1
8,90,0,0,0,0,1,0,0,0,4.678379291182166,-1,-999,0,0,0,0,0,0,0,1
14,53,0,0,0,1,0,0,0,0,4.246851346477349,-1,-999,0,0,0,0,0,0,0,0
14,31,0,0,0,1,0,0,0,0,3.9478353352609528,-1,-999,0,2,0,0,0,0,0,0
50,19,0,0,0,3,2,0,1,11,4.5949583962667395,-1,-999,0,0,0,0,0,0,0,1
14,47,0,0,0,0,0,0,0,15,4.810714673855927,-1,-999,0,0,0,1,0,0,0,1
20,1,0,0,0,1,0,0,0,0,3.9407598325400897,-1,-999,0,1,0,53,0,0,0,0
46,69,0,1,0,4,2,0,0,24,4.695541394367527,-1,-999,0,0,0,0,0,0,0,1
15,28,0,0,0,0,0,0,0,0,4.214177320667444,-1,-999,0,0,0,0,0,0,0,1
29,1,0,0,0,2,0,0,1,1,4.154870932962629,-1,-999,0,0,0,0,0,0,0,1
16,27,0,1,0,1,1,0,0,0,4.2039184206071605,-1,-999,0,4,0,5,0,0,0,0
14,41,0,0,1,0,0,0,0,16,4.675418689174871,-1,-999,0,0,0,0,0,0,1,1
17,1,0,0,0,1,0,0,0,0,3.9434651896016475,-1,-999,0,2,1,20,0,0,0,0
19,1,0,0,0,1,0,0,0,0,3.81008102052173,-1,-999,0,1,1,18,0,0,0,0
7,13,0,1,0,0,0,0,0,0,3.994680368408909,-1,-999,0,0,0,0,0,0,0,1
14,107,0,0,0,0,0,0,1,56,4.77726762277679,-1,-999,0,0,0,0,0,0,0,1
33,282,0,1,0,1,0,0,1,88,5.487254549113256,-1,-999,0,5,0,34,0,0,0,1
15,80,0,0,0,0,0,0,0,21,4.623153348621515,-1,-999,0,0,0,0,0,0,0,1
20,1,0,0,0,1,0,0,0,2,4.110577243331642,-1,-999,0,0,0,0,0,0,0,1
25,15,0,0,0,4,0,0,0,2,4.319773835029478,-1,-999,0,0,0,0,0,0,0,1
11,93,0,0,0,1,0,0,0,7,4.489355146527501,-1,-999,0,0,0,33,0,0,0,0
8,28,0,0,0,0,0,0,0,1,4.1046619309041805,-1,-999,0,0,0,0,0,0,0,1
23,1,0,0,0,1,0,0,0,0,3.8213119401041737,-1,-999,0,0,0,0,0,0,0,0
16,17,0,1,0,1,0,0,0,0,4.0803683954327115,-1,-999,0,4,0,5,0,0,0,0
24,8,0,0,0,1,2,0,0,0,4.0478467699778795,-1,-999,0,0,0,3,0,0,0,1
13,125,0,1,0,0,1,0,1,6,5.159706301512188,-1,-999,0,0,1,16,0,0,0,1
16,1,0,0,0,1,0,0,0,0,3.7406015629507228,-1,-999,0,0,3,12,0,0,1,0
16,46,0,0,0,1,0,0,0,6,4.34442627688119,-1,-999,0,0,0,1,1,0,0,0
31,11,0,0,0,3,0,0,0,10,4.288307426570495,-1,-999,0,0,0,0,0,0,0,1
22,55,0,0,0,1,0,0,0,0,4.359172560856001,-1,-999,0,0,0,0,0,0,0,1
15,1,0,1,0,1,0,0,0,0,3.6572682296173893,-1,-999,0,0,0,1,1,0,0,0
15,4,0,0,1,0,0,0,0,12,3.5364142371222305,-1,-999,0,0,0,0,0,0,0,1
12,1,0,0,0,1,0,0,0,0,3.2709505944546686,-1,-999,0,0,0,16,0,0,0,0
15,23,0,1,0,0,0,0,0,0,3.961638664057789,-1,-999,0,0,0,1,1,0,0,0
22,13,1,0,0,1,0,0,0,0,4.171264743846754,-1,-999,0,0,0,0,0,0,0,1
21,18,0,0,0,1,0,0,0,2,4.865634510263743,-1,-999,0,0,0,0,0,0,0,0
18,9,0,1,0,0,0,0,0,0,3.8541632888566615,-1,-999,0,2,1,57,0,0,0,1
16,20,0,0,0,0,0,0,1,0,4.164896592899133,-1,-999,0,0,0,0,0,0,0,1
16,15,0,1,0,1,0,0,0,0,4.115924257979254,-1,-999,0,4,0,5,0,0,0,0
13,29,0,0,0,1,0,0,0,10,4.435639690833222,-1,-999,0,0,0,0,0,0,0,1
9,22,0,1,0,0,0,0,0,0,4.079772731460867,-1,-999,0,2,1,28,0,0,0,0
15,0,0,0,0,0,0,0,0,0,3.4130884364257574,-1,-999,0,0,0,0,0,0,0,0
11,11,0,1,0,0,0,0,0,0,3.781076011914607,-1,-999,0,1,0,9,0,0,1,0
25,1,0,1,0,2,0,0,0,0,4.02085512047121,-1,-999,0,0,0,10,0,0,0,0
18,30,0,0,0,0,0,0,1,1,4.351738068377556,-1,-999,0,0,0,2,1,0,0,0
35,68,0,0,0,1,0,0,0,0,4.238622359184686,-1,-999,0,6,0,23,0,0,0,0
50,66,0,0,0,3,2,0,1,19,4.740559775036877,-1,-999,0,0,0,0,0,0,0,1
14,25,0,0,0,1,0,0,0,2,4.273349455962949,-1,-999,0,3,2,5,0,0,0,0
25,7,0,0,0,1,0,0,0,0,4.0478467699778795,-1,-999,0,0,0,1,1,0,0,0
17,1,0,0,0,1,0,0,0,0,3.7034651896016477,-1,-999,0,15,6,16,0,0,0,0
22,58,0,0,0,0,0,0,1,4,4.387140494378569,-1,-999,0,0,0,0,0,0,0,1
15,1,0,0,0,0,0,0,0,0,3.9033592383835174,-1,-999,0,0,0,1,0,0,0,0
37,1,0,0,0,3,0,0,0,0,3.8398820646044003,-1,-999,0,0,0,0,0,0,0,1
35,29,0,0,0,1,0,0,0,10,4.534662127067258,-1,-999,0,0,0,0,0,0,0,1
18,16,0,0,0,1,0,0,0,0,4.07391321234758,-1,-999,0,0,0,8,0,0,0,0
30,18,0,0,0,2,0,0,0,0,4.251651074222537,-1,-999,0,0,0,0,0,0,0,1
18,1,0,1,0,1,0,0,0,0,3.9302703722934536,-1,-999,0,0,0,0,0,0,0,0
13,54,0,1,0,1,0,0,0,0,4.315756426892803,-1,-999,0,0,0,1,1,0,0,0
22,41,0,1,0,1,0,0,0,4,4.362509753454244,-1,-999,0,0,0,0,0,0,0,0
50,69,0,1,0,3,2,0,1,18,4.719884982402209,-1,-999,0,0,0,0,0,0,0,1
21,28,0,1,0,1,0,0,0,0,4.381503067617364,-1,-999,0,4,0,4,0,0,0,0
18,51,0,0,0,1,0,0,0,0,4.363712257179929,-1,-999,0,0,1,9,0,0,0,1
18,16,0,1,0,1,0,0,0,0,4.08232813685843,-1,-999,0,0,0,0,0,0,0,0
14,1,0,1,0,1,0,0,0,0,3.729446194905256,-1,-999,0,0,0,21,0,0,0,0
20,1,0,1,0,1,0,0,0,0,3.978333581185264,-1,-999,0,0,0,135,0,0,0,0
25,1,0,0,0,1,0,0,0,0,4.271370634378849,-1,-999,1,7,0,16,0,0,0,1
26,23,0,0,0,3,0,0,0,2,4.22290749432188,-1,-999,0,0,0,0,0,0,0,1
22,158,0,0,0,0,1,0,0,41,4.816005606542797,-1,-999,0,0,0,23,0,0,0,1
19,48,0,0,0,1,0,0,0,0,4.013027442304288,-1,-999,0,3,1,17,0,0,0,1
19,36,0,0,0,0,0,0,0,0,4.294618036361374,-1,-999,0,0,0,0,0,0,0,1
24,41,0,1,0,1,0,0,1,0,4.334493183077751,-1,-999,0,0,0,1,1,0,0,0
28,53,0,0,0,1,0,0,0,0,4.348471921890884,-1,-999,0,4,0,5,0,0,0,1
14,26,0,0,0,0,0,0,0,0,3.992335192843157,-1,-999,0,0,0,0,0,0,0,1
11,81,0,0,0,0,0,0,0,12,5.45649668130734,-1,-999,0,0,0,0,0,0,0,1
15,17,0,0,0,0,1,0,0,2,4.221049013623096,-1,-999,0,0,0,4,0,0,0,1
42,68,0,0,0,3,2,0,0,13,4.595810147210015,-1,-999,0,0,0,0,0,0,0,1
26,1,0,1,0,1,0,0,1,0,4.071581588126285,-1,-999,0,0,0,0,0,0,0,1
19,24,0,0,0,1,0,0,0,0,4.170881379939834,-1,-999,0,0,0,0,0,0,0,0
32,0,0,0,0,1,0,0,0,1,4.057855988582063,-1,-999,0,0,0,1,0,0,0,1
17,1,0,1,0,1,0,0,0,0,3.8150724101159432,-1,-999,0,0,0,5,0,0,0,0
10,28,0,0,0,0,0,0,0,0,3.8965097642892115,-1,-999,0,0,0,0,0,0,0,1
20,12,0,1,0,1,0,0,0,1,4.189822782008756,-1,-999,0,0,0,0,0,0,0,1
22,1,0,0,0,1,0,0,0,0,3.831401845392172,-1,-999,0,0,0,4,0,0,0,0
50,69,0,1,0,3,2,0,1,15,4.739894431787078,-1,-999,0,0,0,0,0,0,0,1
50,67,0,1,0,3,2,0,1,26,4.808019908556762,-1,-999,0,0,0,0,0,0,0,1
17,19,0,1,0,1,0,0,0,0,4.31705292530797,-1,-999,0,1,1,12,0,0,0,0
21,1,0,1,0,1,0,0,1,0,3.964735178725505,-1,-999,0,0,0,7,0,0,1,0
11,8,0,1,0,1,0,0,0,0,3.6898916687500067,-1,-999,0,0,0,0,0,0,0,0
15,83,0,0,0,1,0,0,0,28,5.359835999489317,-1,-999,0,0,0,1,0,0,0,1
23,54,0,0,0,1,0,0,0,10,4.872498935603188,-1,-999,0,13,1,25,0,0,0,0
15,1,0,1,0,1,0,0,0,0,3.6258145836939115,-1,-999,0,1,0,12,0,0,0,0
21,0,0,0,0,1,0,0,1,2,4.2359263506290326,-1,-999,0,0,0,0,0,0,0,0
23,1,0,1,0,1,0,0,0,0,4.007048827786958,-1,-999,0,30,1,80,0,0,0,0
16,10,0,0,0,1,0,0,0,4,4.083067973799102,-1,-999,0,0,0,0,0,0,0,1
14,48,0,0,0,0,0,0,1,0,3.9226004517906783,-1,-999,0,0,0,0,0,0,0,1
20,53,0,1,0,1,0,0,1,8,4.394372918362398,-1,-999,0,1,0,2,0,0,0,0
20,8,0,0,0,1,0,0,0,0,4.171860873964197,-1,-999,0,9,0,10,0,0,0,0
23,52,0,0,0,1,0,0,0,5,4.30294838466831,-1,-999,0,0,1,53,0,0,0,0
11,48,0,1,0,0,1,0,0,0,4.160645116983921,-1,-999,1,6,0,4,0,0,0,1
23,47,0,0,0,0,0,0,0,21,4.734146690456657,-1,-999,0,0,0,0,0,0,0,1
18,31,0,1,0,1,1,0,0,0,4.341772146450865,-1,-999,0,0,0,16,0,0,0,1
18,1,0,1,0,1,0,0,0,0,3.8561962982193796,-1,-999,0,0,0,0,0,0,0,0
25,93,0,1,0,1,0,0,1,1,5.184309832801778,-1,-999,0,0,0,0,0,0,0,1
14,0,0,1,0,0,0,0,0,0,3.6635327548042547,-1,-999,0,0,0,31,0,0,0,0
12,62,0,0,1,0,0,1,0,9,4.6007823406142885,-1,-999,0,0,0,0,0,0,0,1
20,0,0,0,0,1,0,0,0,0,4.014146761422728,-1,-999,0,1,11,14,0,0,0,0
28,1,0,1,0,1,0,0,0,4,4.15487093296263,-1,-999,0,0,0,2,1,0,0,1
16,25,0,1,0,1,0,0,0,0,4.278302834822065,-1,-999,0,0,2,20,0,0,1,0
28,29,0,0,0,2,0,0,0,5,4.355337797403416,-1,-999,0,0,0,0,0,0,0,0
14,1,0,0,0,1,0,0,0,0,3.4474015047059154,-1,-999,0,0,2,4,0,0,0,0
23,1,0,1,0,1,0,0,0,0,3.8636085007312415,-1,-999,0,0,0,0,0,0,0,1
35,26,0,0,0,3,0,1,0,2,4.543817445504339,-1,-999,0,0,0,0,0,0,0,1
27,33,0,0,0,1,0,0,0,4,4.498394228671842,-1,-999,0,34,2,51,0,0,1,0
22,1,0,0,0,1,0,0,0,0,3.9144093452479405,-1,-999,0,2,0,23,0,0,0,0
18,38,0,0,0,0,0,0,0,0,3.881831217653173,-1,-999,0,0,0,0,0,0,0,1
18,0,0,0,0,0,0,0,0,0,3.7034651896016473,-1,-999,0,0,0,0,0,0,0,0
16,20,0,0,0,1,0,0,0,0,4.036762290472925,-1,-999,1,12,0,18,0,0,0,1
24,10,0,0,0,0,0,0,0,0,4.021113284630982,-1,-999,0,0,0,0,0,0,0,1
19,42,0,0,0,1,0,0,0,0,4.252637018154629,-1,-999,0,5,1,69,0,0,0,0
12,1,0,1,0,1,0,0,0,0,3.6537567082870015,-1,-999,0,4,1,28,0,0,0,0
24,36,0,0,0,1,2,0,0,0,4.306532244011045,-1,-999,0,0,0,0,0,0,0,1
15,1,0,1,0,1,0,0,1,1,3.8239348962840563,-1,-999,0,0,0,0,0,0,0,0
16,1,0,0,0,1,0,0,0,2,3.8035088547976783,-1,-999,0,0,0,0,0,0,0,1
15,28,0,0,0,1,0,0,0,6,4.189275070710714,-1,-999,0,0,0,0,0,0,0,0
22,14,0,0,0,0,0,0,0,0,4.002560546588758,-1,-999,0,0,0,0,0,0,0,1
26,6,0,0,0,3,0,0,0,0,4.028490680178816,-1,-999,0,0,0,0,0,0,0,1
19,19,0,0,0,1,0,0,0,0,4.0198790750512865,-1,-999,0,0,0,0,0,0,0,0
15,1,0,1,0,0,0,0,1,0,4.136842188131012,-1,-999,0,0,0,0,0,0,0,1
25,60,1,0,0,2,0,0,0,23,4.62085727227438,-1,-999,0,0,0,0,0,0,0,1
15,1,0,1,0,1,0,0,0,0,3.7720552088742005,-1,-999,0,1,0,5,0,0,0,0
21,6,0,0,0,1,0,0,0,0,3.9176264438733592,-1,-999,0,0,0,0,0,0,0,1
19,42,0,1,0,0,1,0,0,5,4.746511766666806,-1,-999,0,0,0,0,0,0,0,1
52,0,0,1,0,2,0,0,2,0,4.242052005409673,-1,-999,0,0,0,0,0,0,0,1
20,140,0,0,0,0,0,0,0,5,4.659034932998431,-1,-999,0,0,0,15,0,0,1,1
16,27,0,0,0,0,0,0,0,1,3.910952131492841,-1,-999,0,3,1,17,0,0,0,1
14,21,0,1,0,1,0,0,0,0,4.295353348118594,-1,-999,0,6,0,6,0,0,0,0
14,25,0,1,0,1,0,0,0,3,4.151754427398839,-1,-999,0,0,0,0,0,0,0,1
18,22,0,0,0,1,0,0,0,4,4.256328385912462,-1,-999,0,12,0,13,0,0,0,1
15,1,0,1,0,0,0,0,0,3,3.91379956460568,-1,-999,0,0,0,10,0,0,0,0
16,28,0,0,0,0,0,0,0,10,4.319607332957948,-1,-999,0,0,0,0,0,0,0,1
7,53,0,0,0,0,0,0,0,8,4.427425758490298,-1,-999,0,0,0,13,0,0,1,0
16,9,0,0,0,0,0,0,0,0,3.8820488277869583,-1,-999,0,0,0,0,0,0,0,1
19,48,0,0,0,1,1,0,0,0,4.108488765970221,-1,-999,0,0,0,0,0,0,0,1
15,109,0,0,0,0,2,0,0,24,5.253464773086496,-1,-999,0,3,0,17,0,1,0,1
17,48,0,1,0,1,0,0,0,0,4.188274778901185,-1,-999,0,8,1,26,0,0,0,0
21,34,0,1,0,1,0,0,0,0,4.562021836853406,-1,-999,0,0,0,6,0,0,0,0
41,130,0,0,0,1,1,0,1,9,5.097686102266166,-1,-999,0,0,0,0,0,0,0,1
24,60,0,0,0,1,1,0,0,10,4.585178510607832,-1,-999,0,0,0,0,0,0,0,0
21,20,0,0,0,1,0,0,0,2,4.314260032810928,-1,-999,0,0,0,0,0,0,0,1
23,23,0,0,0,1,0,0,0,0,3.9986989358510376,-1,-999,0,0,0,20,0,0,0,0
16,19,0,1,0,1,0,0,0,0,4.286275219617124,-1,-999,0,4,0,5,0,0,0,0
16,107,0,1,0,0,0,0,0,57,4.702642468650772,-1,-999,0,0,0,0,0,0,0,1
18,27,0,0,0,0,0,0,0,2,4.187535209236148,-1,-999,0,2,0,57,0,0,0,1
22,1,0,0,0,1,0,0,0,0,4.031401845392172,-1,-999,0,3,0,28,0,0,1,0
15,1,0,0,0,1,0,0,0,0,3.5013978254341027,-1,-999,0,0,0,0,0,0,0,0
18,36,0,0,0,1,0,0,0,0,4.2168793466778975,-1,-999,0,0,0,2,0,0,0,0
23,9,0,1,0,1,0,0,0,0,4.125070520364182,-1,-999,0,30,1,44,0,0,0,0
24,19,0,1,0,1,0,0,0,0,4.340736185875542,-1,-999,0,0,0,0,0,0,0,0
12,0,0,0,0,0,0,0,0,0,3.6163485660751644,-1,-999,1,6,0,24,0,1,0,0
19,13,0,0,0,1,0,0,0,0,4.150410872541982,-1,-999,0,0,0,1,0,0,0,1
18,176,0,0,0,1,0,0,0,24,5.670466309009752,-1,-999,0,8,0,12,0,0,1,1
18,43,0,1,0,1,1,0,0,0,4.519412275738393,-1,-999,0,0,0,1,0,0,0,0
40,1,0,1,0,3,1,0,2,3,4.254930446501112,-1,-999,0,0,0,0,0,0,0,1
39,1,0,0,0,3,0,0,2,4,4.383960128089257,-1,-999,0,0,0,0,0,0,0,1
21,1,0,1,0,1,0,0,0,0,4.072905595320056,-1,-999,0,0,0,14,0,0,1,0
22,20,0,0,0,1,0,0,1,0,4.239524579110022,-1,-999,0,0,1,28,0,0,0,0
13,82,0,1,0,1,0,0,0,12,4.771778469833302,-1,-999,0,4,0,13,0,0,1,0
40,11,0,0,0,3,1,0,2,5,4.411150875112165,-1,-999,0,0,0,0,0,0,0,1
11,17,0,0,0,0,0,0,0,0,3.8541632888566615,-1,-999,0,2,0,9,0,0,0,0
28,1,0,0,0,2,0,0,1,0,3.9959065984842455,-1,-999,0,0,0,0,0,0,0,1
21,64,0,0,0,0,1,1,0,1,4.550084624637799,-1,-999,0,2,0,45,0,0,0,1
20,21,0,1,0,1,0,0,0,6,4.288307426570495,-1,-999,0,2,0,5,0,0,0,1
20,158,0,0,0,1,0,0,0,58,5.128693180597294,-1,-999,0,0,0,1,0,0,0,1
17,1,0,1,0,1,0,0,0,0,3.6423714487439023,-1,-999,0,39,1,22,0,0,0,0
15,4,0,0,0,0,0,0,0,0,3.8542858719872464,-1,-999,0,0,0,0,0,0,0,1
16,45,0,0,0,1,0,0,0,1,4.395292581291726,-1,-999,0,0,0,0,0,0,0,1
13,40,0,0,0,1,0,0,0,5,4.44274940507578,-1,-999,0,0,0,1,1,0,0,0
13,82,0,0,0,0,2,0,0,5,4.555723539223696,-1,-999,0,0,0,0,0,0,0,1
16,17,0,1,0,1,0,0,0,0,4.198777004512549,-1,-999,0,4,0,5,0,0,0,0
16,43,0,0,0,1,1,0,0,0,4.4291917112656085,-1,-999,0,0,0,1,1,0,0,0
19,36,0,0,0,1,2,0,0,0,4.234529030304112,-1,-999,0,1,0,0,0,0,0,1
23,1,0,1,0,1,0,0,0,0,4.030639062229566,-1,-999,0,0,0,36,0,0,0,0
28,39,0,0,0,1,0,0,0,27,4.738263886701677,-1,-999,0,0,0,0,0,0,0,1
18,12,0,0,0,1,0,0,0,0,3.9590570816697497,-1,-999,0,2,1,43,0,0,0,0
20,1,0,1,0,1,0,0,0,0,3.8143719431796272,-1,-999,0,22,0,35,0,0,0,0
14,5,0,0,0,1,0,0,0,0,3.825251737288651,-1,-999,0,0,0,0,0,0,0,0
12,1,0,0,0,1,0,0,0,0,3.684183719779189,-1,-999,1,11,1,7,1,0,1,1
17,87,0,0,0,0,1,1,0,0,4.3955997141215315,-1,-999,0,0,0,0,0,0,0,1
15,13,0,0,0,1,0,0,0,0,4.014438730983428,-1,-999,0,7,2,25,0,0,0,0
26,1,0,0,0,1,0,0,0,0,4.211744090932182,-1,-999,0,0,0,4,0,0,0,0
25,6,0,0,0,1,1,0,0,0,4.0632025132158525,-1,-999,0,0,0,1,1,0,0,0
25,1,0,1,0,1,0,0,0,0,4.043057694064253,-1,-999,0,20,0,16,0,0,1,0
19,1,0,0,0,1,0,0,0,0,3.8561962982193796,-1,-999,0,0,0,17,0,0,0,0
18,1,0,1,0,1,0,0,0,0,3.8561962982193796,-1,-999,0,1,0,5,0,0,0,0
17,33,0,1,0,1,0,0,0,0,4.190238651106873,-1,-999,0,0,1,105,0,0,1,0
16,11,0,0,0,1,1,0,0,0,3.9291076063899233,-1,-999,0,0,0,0,0,0,0,1
24,4,0,1,0,3,0,0,0,0,3.648955904159994,-1,-999,0,0,0,0,0,0,0,1
25,1,0,1,0,1,0,0,0,5,4.043057694064253,-1,-999,0,2,0,4,1,0,0,1
18,18,0,0,0,1,0,0,0,0,4.100228707989217,-1,-999,0,0,0,0,0,0,0,0
14,45,0,1,0,1,0,0,0,4,4.9449038848045825,-1,-999,0,2,0,5,0,0,0,1
30,24,0,0,0,1,0,0,0,8,4.512647280775708,-1,-999,0,0,0,1,0,0,0,1
24,34,0,0,0,1,0,0,0,0,4.036710084092486,-1,-999,0,0,0,0,0,0,0,0
9,3,0,0,0,0,0,0,0,0,3.405822250285691,-1,-999,0,0,0,0,0,0,0,1
13,1,0,0,0,1,0,0,0,0,3.558518613048906,-1,-999,0,3,0,29,0,0,0,0
22,25,0,1,0,0,2,0,0,0,4.076839605127306,-1,-999,0,0,0,0,0,0,0,1
11,1,0,0,0,1,0,0,0,3,3.576617644908666,-1,-999,0,0,0,0,0,0,0,1
17,57,0,0,0,1,0,1,0,4,5.020372242523639,-1,-999,0,0,0,0,0,0,0,1
16,22,0,1,0,1,0,0,0,1,4.023698511281123,-1,-999,0,0,0,23,1,1,0,1
23,26,0,1,0,1,0,0,0,0,4.177825164557069,-1,-999,0,0,0,1,1,0,0,0
23,58,0,1,0,1,0,0,0,1,4.234741377163682,-1,-999,0,3,0,70,0,0,0,0
6,8,0,1,0,0,0,0,0,1,3.936260027531527,-1,-999,0,0,0,0,0,0,1,1
19,71,0,0,0,0,0,0,0,20,4.909320708997623,-1,-999,0,0,0,0,0,0,0,0
16,17,0,1,0,1,0,0,0,0,4.0913045177670195,-1,-999,0,4,0,5,0,0,0,0
9,49,0,0,0,0,1,0,0,11,4.459788868177734,-1,-999,0,0,0,0,0,0,0,1
50,69,0,1,0,3,2,0,1,19,4.852364825469012,-1,-999,0,0,0,0,0,0,0,1
20,22,0,0,0,1,0,0,0,2,4.354007037771997,-1,-999,0,0,0,0,0,0,0,0
19,5,0,0,0,1,0,0,0,0,3.937751955408587,-1,-999,0,21,1,43,0,0,0,0
24,1,0,1,0,1,0,0,0,0,4.331976694984911,-1,-999,0,0,0,0,0,0,0,0
19,12,0,0,0,0,0,0,0,6,4.273728829005326,-1,-999,0,0,0,0,0,0,0,0
25,1,0,1,0,1,0,0,1,0,3.9291076063899233,-1,-999,0,0,0,1,0,0,0,0
13,1,0,0,0,1,0,0,0,0,3.6537567082870015,-1,-999,0,1,0,46,0,0,0,0
18,14,0,1,0,0,0,0,0,0,3.693542397143181,-1,-999,0,4,0,167,0,0,0,0
20,28,0,0,0,1,0,0,1,0,4.544285167755428,-1,-999,0,0,0,4,0,0,0,1
23,53,0,1,0,1,0,0,0,7,5.134594321686563,-1,-999,0,5,0,34,0,0,0,1
22,1,0,0,0,2,0,0,0,2,4.0062389286533895,-1,-999,0,0,0,0,0,0,0,1
50,74,0,0,0,3,2,0,1,12,4.604278680250116,-1,-999,0,0,0,0,0,0,0,1
27,28,0,0,0,0,0,0,0,0,4.033334716021919,-1,-999,0,0,0,0,0,0,0,1
18,29,0,0,0,1,0,0,0,0,4.1986078722133255,-1,-999,0,4,1,11,0,0,1,0
60,175,0,0,0,2,2,0,5,85,4.786508762635633,-1,-999,0,0,0,0,0,0,0,1
23,37,0,0,0,1,1,0,0,9,4.580058525603017,-1,-999,0,7,0,26,0,0,0,1
22,1,0,1,0,1,0,0,0,0,3.953565664946428,-1,-999,0,0,0,11,0,1,0,0
37,0,0,0,0,1,0,0,0,0,4.016614721924479,-1,-999,0,0,0,17,0,0,0,0
50,69,0,1,0,3,2,0,1,19,4.795140670376749,-1,-999,0,0,0,0,0,0,0,1
22,1,0,1,0,1,0,0,1,0,3.953565664946428,-1,-999,0,73,0,120,0,0,0,0
30,1,0,1,0,1,0,0,1,6,4.458103180234289,-1,-999,0,0,0,0,0,0,0,1
19,0,0,0,0,1,0,0,0,0,4.026986833359287,-1,-999,0,0,2,16,0,0,0,0
42,19,0,0,0,3,2,0,0,11,4.4971839370236095,-1,-999,0,0,0,0,0,0,0,1
12,208,0,0,0,0,1,0,0,88,4.8185309155009906,-1,-999,0,0,0,0,0,0,0,1
24,24,0,0,0,1,0,0,0,0,4.087988296983437,-1,-999,0,8,0,6,0,0,0,0
16,16,0,1,0,1,0,0,0,0,3.9037016960573485,-1,-999,0,0,0,23,1,1,0,1
13,238,0,0,0,0,0,0,0,47,5.812558918531425,-1,-999,0,0,0,0,0,0,0,1
29,1,0,1,0,1,0,0,0,0,3.948346513831634,-1,-999,0,0,0,0,0,0,0,1
20,25,0,0,0,1,0,0,0,3,4.616715681174877,-1,-999,0,0,0,6,0,1,0,0
17,18,0,0,0,1,0,0,0,4,4.128184472069217,-1,-999,0,0,0,0,0,0,0,0
28,1,0,1,0,3,1,0,0,0,3.8747485552166756,-1,-999,0,0,0,0,0,0,0,1
15,19,0,1,0,1,0,0,0,2,4.507432777857286,-1,-999,0,0,1,50,0,0,0,0
58,65,0,0,0,6,3,0,0,18,4.8895225275818435,-1,-999,0,0,0,0,0,0,0,1
12,53,0,0,0,0,0,0,0,8,4.5507926766483555,-1,-999,0,0,0,1,0,0,0,0
31,1,0,0,0,1,1,0,1,0,4.179776180945229,-1,-999,0,0,0,0,0,0,0,1
23,47,0,0,0,0,0,0,0,27,4.772064671476709,-1,-999,0,0,0,0,0,0,0,1
26,24,0,0,0,1,0,0,0,0,3.970116935134472,-1,-999,0,0,0,1,0,0,0,0
22,0,0,0,0,1,0,0,0,2,3.978333581185264,-1,-999,0,2,0,4,1,0,0,1
22,17,0,0,0,1,0,0,0,0,4.1976115547593835,-1,-999,0,0,0,3,0,0,0,1
16,254,0,1,0,1,0,0,0,65,5.815089804525708,-1,-999,0,0,0,0,0,0,0,1
17,1,0,1,0,1,0,0,0,0,3.180832987205441,-1,-999,0,1,1,23,0,0,0,0
10,43,0,1,0,0,0,0,0,0,4.479174428645111,-1,-999,0,0,0,0,0,0,0,1
15,0,0,0,0,0,0,0,0,4,3.8796640049025943,-1,-999,0,0,0,0,0,0,0,0
15,16,0,0,0,1,0,0,1,3,4.313459750171824,-1,-999,0,0,0,1,0,0,0,0
21,20,0,1,0,1,1,0,1,0,4.10878229428213,-1,-999,0,0,0,0,0,0,0,1
25,1,0,1,0,1,0,0,0,0,3.97351275357601,-1,-999,0,12,0,47,0,0,0,0
50,68,0,0,0,3,2,0,1,18,4.8290697345043405,-1,-999,0,0,0,0,0,0,0,1
40,11,0,0,0,2,0,0,0,2,4.265213057065438,-1,-999,0,0,0,0,0,0,0,1
17,6,0,0,0,0,0,0,0,0,3.6314018453921717,-1,-999,0,0,0,0,0,0,0,1
17,225,0,1,0,1,0,0,0,86,5.3676594471003085,-1,-999,0,0,0,7,0,1,1,1
19,1,0,1,0,1,0,0,0,0,3.8423709931771084,-1,-999,0,12,0,52,0,0,1,0
24,1,0,1,0,1,0,0,0,0,3.9374448765408534,-1,-999,0,6,0,19,0,0,1,0
25,1,0,0,0,1,0,0,0,0,3.9225895736416696,-1,-999,0,0,0,1,1,0,0,0
28,59,0,0,0,2,1,0,1,23,4.735090782773396,-1,-999,0,0,0,0,0,0,0,1
44,9,0,0,0,4,1,0,0,0,4.1919930457821675,-1,-999,0,0,0,0,0,0,0,1
14,37,0,1,0,1,0,0,0,8,4.439941092094659,-1,-999,0,0,0,1,0,0,0,0
16,9,0,1,0,1,0,0,0,0,3.957294029027326,-1,-999,0,0,0,1,0,0,0,0
39,1,0,1,0,1,2,0,3,0,4.250814583693912,-1,-999,0,0,0,0,0,0,0,1
19,55,0,0,0,1,0,0,0,23,4.623163893370293,-1,-999,0,0,0,0,0,0,0,1
20,1,0,1,0,1,0,0,0,0,3.7193758224153695,-1,-999,0,1,0,14,0,0,0,0
12,1,0,1,0,1,0,0,0,0,3.5225715891363603,-1,-999,0,0,0,0,0,0,0,0
26,1,0,1,0,1,0,0,0,0,4.093149802473812,-1,-999,0,0,0,28,0,0,1,0
12,39,0,0,0,1,0,0,0,7,4.430498451688413,-1,-999,0,0,0,0,0,0,0,0
10,4,0,0,0,0,0,0,1,0,3.5944656369614525,-1,-999,0,0,0,1,0,0,0,1
50,69,0,1,0,3,2,0,1,19,4.819418105171435,-1,-999,0,0,0,0,0,0,0,1
34,96,0,1,0,1,0,0,2,32,4.8151444994478485,-1,-999,0,0,0,0,0,0,0,1
19,74,0,0,0,0,0,0,0,0,4.275015851058508,-1,-999,0,0,0,1,0,0,0,1
23,0,0,0,0,1,0,0,0,1,3.8280729963885096,-1,-999,0,0,0,1,0,0,0,1
38,1,0,1,0,3,0,0,2,6,4.187255606858693,-1,-999,0,0,0,0,0,0,0,1
45,1,0,0,0,1,1,0,4,0,4.078374757106207,-1,-999,0,0,0,0,0,0,0,0
37,1,0,0,0,1,0,0,0,0,3.857946708877887,-1,-999,0,0,0,9,0,0,0,0
24,1,0,0,0,1,0,0,1,0,4.093139062229566,-1,-999,0,6,0,5,0,0,0,0
19,21,0,1,0,1,0,0,0,0,4.0144608760283615,-1,-999,1,14,0,52,0,0,0,0
20,18,0,0,0,1,0,0,0,0,4.11966185273291,-1,-999,0,0,0,0,0,0,0,1
31,5,0,0,0,1,0,0,1,0,4.245918533721552,-1,-999,0,0,0,0,0,0,0,0
39,1,0,0,0,1,0,0,0,0,4.264606075441665,-1,-999,0,0,0,1,0,0,0,1
15,52,0,0,0,1,1,0,0,0,4.07445092127705,-1,-999,0,0,0,0,0,0,0,0
18,176,0,1,0,1,0,0,0,24,5.673792921770765,-1,-999,0,8,0,12,0,0,1,1
19,21,0,0,0,1,0,0,0,2,4.312790384090397,-1,-999,0,0,0,52,0,0,1,0
15,43,0,1,0,1,1,0,0,10,4.293410976136663,-1,-999,0,0,0,13,0,0,0,0
15,13,0,0,0,1,0,0,0,0,4.011585431837431,-1,-999,0,2,0,50,0,0,0,0
11,0,0,1,0,1,0,0,0,0,3.576617644908666,-1,-999,0,0,0,0,0,0,0,1
21,1,0,0,0,1,0,0,0,0,3.5124792706912316,-1,-999,0,0,0,0,0,0,0,0
39,18,0,1,0,3,0,0,0,20,4.418693490604955,-1,-999,0,0,0,0,0,0,0,1
24,70,0,1,0,1,0,0,1,6,4.380642259322483,-1,-999,0,8,0,41,0,0,0,0
10,27,0,0,0,0,0,0,0,0,4.2744551302868965,-1,-999,0,2,0,18,0,0,0,1
17,18,0,1,0,1,1,0,0,6,4.1558184643976634,-1,-999,0,0,0,0,0,0,0,1
9,33,0,0,0,0,1,0,0,0,3.978366793760432,-1,-999,0,0,0,42,0,0,0,1
10,0,0,0,0,0,0,0,0,0,3.3815804883091634,-1,-999,0,0,0,0,0,0,0,0
16,12,0,0,0,0,0,0,0,0,4.057575159678483,-1,-999,0,0,0,0,1,0,0,1
22,1,0,0,0,1,0,0,0,0,4.1898980954642875,-1,-999,0,0,0,10,0,0,0,0
27,84,0,1,0,1,2,0,0,5,4.563126878471201,-1,-999,0,7,1,39,0,0,0,1
42,11,0,0,0,3,0,0,2,4,4.340002787802772,-1,-999,0,0,0,0,0,0,0,1
21,1,0,0,0,1,0,0,0,4,3.978333581185264,-1,-999,0,2,0,8,0,0,0,0
14,11,0,1,0,1,0,0,0,2,4.4154581344444095,-1,-999,0,0,0,43,0,0,0,1
24,2,1,1,0,1,0,0,0,0,3.8414473125268023,-1,-999,0,3,1,23,0,0,0,0
30,1,0,1,0,1,0,0,0,0,4.150410872541982,-1,-999,0,0,0,1,0,0,0,1
21,9,0,0,0,1,0,0,0,1,4.162023973678586,-1,-999,0,0,0,5,0,0,0,1
12,1,0,0,0,1,0,0,0,0,3.5464393446710156,-1,-999,0,0,0,21,0,0,0,0
29,1,0,0,0,1,0,0,0,4,3.9465059074343403,-1,-999,0,0,0,0,0,0,0,1
15,76,0,1,0,1,0,0,0,8,4.569371591957238,-1,-999,0,1,1,49,0,0,1,0
22,33,0,0,0,1,0,0,1,0,4.411474689552286,-1,-999,0,5,0,49,0,0,0,0
29,70,0,0,0,1,0,0,0,11,4.661204242352761,-1,-999,0,4,0,10,0,0,0,0
28,48,0,1,0,1,0,0,0,4,4.279722817692718,-1,-999,0,0,0,0,0,0,0,1
11,14,0,1,0,0,0,0,0,0,4.161987589698946,-1,-999,0,1,0,9,0,0,1,0
18,39,0,0,0,1,0,0,0,4,4.509623781480403,-1,-999,0,0,0,0,0,0,0,0
20,270,0,1,0,0,1,0,0,62,4.972352231354617,-1,-999,0,0,0,0,0,0,0,1
41,20,0,0,0,4,0,0,1,18,4.738218635928951,-1,-999,0,0,0,0,0,0,0,1
25,0,0,0,0,1,0,0,0,3,4.101409765557392,-1,-999,0,2,0,4,1,0,0,1
21,0,0,0,0,1,0,0,1,0,4.012188403968661,-1,-999,0,5,0,62,0,0,1,0
19,80,0,0,0,1,0,0,0,20,4.62548458359472,-1,-999,0,0,0,0,0,0,0,1
15,26,0,1,0,1,0,0,0,0,4.231789011092169,-1,-999,0,0,0,1,0,0,0,1
14,77,0,1,0,0,1,0,0,3,4.129397149027767,-1,-999,0,0,0,0,0,0,0,1
25,18,0,1,0,1,0,0,0,0,4.3588230192324575,-1,-999,0,0,0,0,0,0,0,0
53,25,0,0,0,3,0,0,6,17,4.56847726654882,-1,-999,0,0,0,0,0,0,0,1
19,16,0,0,0,1,0,0,0,0,3.5940843886042257,-1,-999,0,0,0,0,0,0,0,0
28,1,0,0,0,1,0,0,0,0,4.162573265150912,-1,-999,0,0,0,1,0,0,0,0
23,1,0,1,0,1,0,0,0,0,3.9292292966721747,-1,-999,0,1,1,42,0,0,0,0
16,32,0,1,0,1,0,0,0,0,4.405045546825804,-1,-999,0,4,0,5,0,0,0,0
15,26,0,0,0,1,0,0,0,0,4.248734053066623,-1,-999,0,0,0,0,0,0,0,0
20,49,0,0,0,0,0,0,0,0,4.2507208558230305,-1,-999,0,0,0,0,0,0,0,1
24,27,0,1,0,1,0,0,0,0,4.130808364000973,-1,-999,0,1,0,19,0,0,0,1
17,32,0,0,0,1,0,0,0,6,4.688976520573842,-1,-999,0,0,0,0,0,0,1,0
22,16,0,0,0,0,0,0,0,0,3.958659352780987,-1,-999,0,2,0,21,0,0,0,0
28,25,0,0,0,1,0,0,0,0,4.317586488336998,-1,-999,0,2,0,26,0,0,0,0
12,1,0,1,0,1,0,0,0,0,3.5225715891363603,-1,-999,0,11,2,11,0,0,1,0
13,25,0,0,0,0,0,0,0,0,4.027049830532039,-1,-999,0,1,0,12,0,0,0,1
16,33,0,1,0,1,0,0,0,0,4.354281681928006,-1,-999,0,4,0,5,0,0,0,0
15,25,0,0,0,0,0,0,1,0,4.264606075441665,-1,-999,0,0,0,4,0,0,0,0
23,34,0,0,0,1,0,0,0,0,4.190120407472074,-1,-999,0,6,1,5,0,0,0,0
5,19,0,0,0,0,0,0,0,2,4.091135423220312,-1,-999,0,0,0,0,0,0,0,1
17,180,0,1,0,1,0,0,0,13,5.445145959045783,-1,-999,0,0,0,1,0,0,0,1
15,1,0,1,0,1,0,0,0,0,3.7720552088742005,-1,-999,0,1,0,46,0,0,0,0
16,46,0,1,0,1,0,0,0,6,5.168079981014334,-1,-999,0,0,0,0,0,0,0,1
24,52,0,0,0,1,0,0,0,0,4.307820398454125,-1,-999,0,0,0,33,0,0,0,0
16,99,0,0,0,1,0,0,0,8,4.872824469724004,-1,-999,0,0,0,0,0,0,0,0
24,64,0,0,0,1,0,0,2,0,4.15630127290432,-1,-999,0,5,0,22,0,0,0,0
20,5,0,0,0,1,0,0,0,0,3.9917292966721747,-1,-999,0,0,0,0,0,0,0,1
12,53,0,0,0,0,1,0,1,0,4.215491156508407,-1,-999,0,0,0,0,0,0,0,1
24,39,0,0,0,1,0,0,0,0,4.337523331194082,-1,-999,0,0,0,0,0,0,0,0
19,45,0,1,0,1,0,0,0,0,4.250524697298041,-1,-999,0,0,0,2,1,0,0,0
13,0,0,0,0,0,0,0,0,0,3.684183719779189,-1,-999,0,0,0,0,0,0,0,0
20,45,0,0,0,1,0,0,0,0,4.445550308130908,-1,-999,0,10,1,15,0,0,0,0
19,36,0,0,0,1,0,0,0,8,4.798475756730228,-1,-999,0,0,0,21,0,0,0,0
14,1,0,1,0,1,0,0,0,0,3.642489673166126,-1,-999,0,0,0,18,0,0,0,0
18,1,0,0,0,1,0,0,0,0,3.921029621737615,-1,-999,0,0,0,0,0,0,0,1
13,1,0,0,0,1,0,0,0,0,3.5944656369614525,-1,-999,0,0,0,14,0,0,1,0
23,22,0,1,0,1,0,0,1,0,4.138021161987909,-1,-999,0,6,2,22,0,0,0,0
16,14,0,0,0,0,0,0,1,0,4.010412068964078,-1,-999,0,0,0,1,0,0,0,1
15,21,0,0,0,1,0,0,0,0,3.8545482680631697,-1,-999,0,0,0,11,0,0,0,0
16,1,0,0,0,1,0,0,0,4,3.855388542207534,-1,-999,0,0,2,12,0,0,0,0
11,1,0,0,0,1,0,0,0,1,3.4316235658474312,-1,-999,0,0,0,27,0,0,0,0
14,21,0,0,0,1,0,0,0,0,3.7199643047423914,-1,-999,0,0,0,0,0,0,0,1
20,18,0,1,0,1,0,0,0,0,4.229871195093384,-1,-999,0,4,0,5,0,0,0,0
24,31,0,0,0,1,0,0,0,0,4.29274903795632,-1,-999,0,0,2,10,0,0,0,0
20,13,0,1,0,1,0,0,1,0,3.9579403464411533,-1,-999,0,18,0,4,0,0,0,0
7,1,0,1,0,0,0,0,0,0,3.577819531114783,-1,-999,0,0,0,1,0,0,0,0
50,69,0,1,0,3,2,0,1,18,4.717839193055936,-1,-999,0,0,0,0,0,0,0,1
12,198,0,0,0,0,1,0,0,93,4.8435383475959775,-1,-999,0,0,0,0,0,0,0,1
16,19,0,1,0,1,1,0,0,0,4.060472755790457,-1,-999,0,0,0,12,0,0,1,1
19,81,0,0,0,1,0,0,0,23,4.661760367243224,-1,-999,0,0,0,0,0,0,0,1
21,17,0,1,0,1,1,0,0,0,4.085758358504456,-1,-999,0,0,0,9,0,0,1,1
14,0,0,0,0,0,0,0,0,0,3.558518613048906,-1,-999,0,0,0,1,0,0,0,0
24,55,0,1,0,1,0,0,0,6,4.632333800760547,-1,-999,1,4,2,44,0,0,1,0
16,40,0,0,0,1,0,0,0,2,4.412701748415971,-1,-999,0,0,0,0,0,0,0,0
12,1,0,0,1,0,0,0,0,9,3.4464393446710155,-1,-999,0,0,0,0,0,0,0,1
31,0,0,0,0,1,0,0,0,0,3.823217895353648,-1,-999,0,0,0,0,0,0,0,1
22,83,0,0,0,1,0,0,0,6,4.801126605988436,-1,-999,0,0,0,0,0,0,0,0
23,59,0,0,0,1,0,0,0,16,4.619839858752072,-1,-999,0,0,0,0,0,0,0,1
21,9,0,1,0,0,0,0,0,0,4.260828171224456,-1,-999,0,2,0,5,0,0,0,1
21,196,0,0,0,0,1,0,0,44,5.012688733573185,-1,-999,0,0,0,0,0,0,0,1
20,1,0,1,0,1,0,0,0,0,4.0472990984266435,-1,-999,0,0,0,1,1,0,0,0
19,1,0,0,0,1,0,0,0,0,3.828237501842955,-1,-999,0,0,0,1,0,0,0,0
12,1,0,1,0,1,0,0,0,0,3.6635327548042547,-1,-999,0,0,0,0,0,0,0,0
11,29,0,0,0,0,0,0,0,0,4.195561128679186,-1,-999,0,3,1,17,0,0,0,0
11,61,0,0,0,0,0,0,0,1,4.206758559281558,-1,-999,0,0,0,0,0,0,0,0
23,20,0,0,0,1,0,0,0,0,4.275783629896564,-1,-999,0,4,0,12,0,0,0,0
28,43,0,1,0,2,1,0,1,21,4.631462597057423,-1,-999,0,0,0,0,0,0,0,1
19,20,0,0,0,1,0,0,0,0,4.129236619374021,-1,-999,0,0,0,0,0,0,0,0
17,152,0,0,0,1,1,0,0,54,4.932155255311432,-1,-999,0,0,0,0,0,0,0,1
26,13,0,0,0,1,0,0,0,1,4.3523814564716385,-1,-999,0,4,0,10,0,0,0,0
13,37,0,1,0,0,0,0,0,6,4.50230529714325,-1,-999,0,0,0,1,1,0,0,0
23,1,0,1,0,1,0,0,0,0,3.8820488277869583,-1,-999,0,0,1,22,0,0,0,0
25,1,0,1,0,1,0,0,1,0,4.035273502696889,-1,-999,0,0,0,0,0,0,0,1
18,4,0,0,0,0,0,0,1,0,4.004364184708142,-1,-999,0,0,0,1,0,0,0,1
41,22,0,0,0,1,3,0,5,5,4.598447081286802,-1,-999,0,0,0,0,0,0,0,1
42,11,0,0,0,3,1,0,2,3,4.251886846506055,-1,-999,0,0,0,0,0,0,0,1
19,4,0,1,0,1,0,0,0,0,3.784368487596862,-1,-999,0,10,1,29,0,0,0,0
11,0,0,1,0,1,0,0,0,0,3.405822250285691,-1,-999,0,0,0,3,0,0,0,0
27,1,0,1,0,1,0,0,2,0,4.218128820706467,-1,-999,0,0,0,0,0,0,0,1
30,115,0,1,0,1,0,1,0,20,5.139202669545572,-1,-999,0,0,0,0,0,0,0,1
26,1,0,1,0,1,0,0,0,0,3.978864088188098,-1,-999,0,0,0,1,0,0,0,0
29,9,0,0,0,1,0,0,0,1,4.030198929422623,-1,-999,0,0,0,5,0,0,0,0
32,1,0,0,0,1,0,0,1,0,4.215311532225103,-1,-999,0,0,0,0,0,0,0,1
17,51,0,0,0,1,0,0,0,0,4.676533803374894,-1,-999,0,8,0,0,0,0,0,1
14,0,0,0,0,0,0,0,0,0,3.363286923996055,-1,-999,0,0,0,4,0,0,0,0
22,15,0,0,0,1,1,0,0,2,4.098652005434406,-1,-999,0,0,0,9,0,0,0,1
20,72,0,0,0,1,0,1,0,0,4.512369225993604,-1,-999,0,0,0,0,0,0,0,1
20,93,0,1,0,1,0,0,0,5,4.382056385799703,-1,-999,0,0,0,1,1,0,0,0
25,11,0,0,0,1,1,0,0,0,4.109306836490687,-1,-999,0,0,0,1,1,0,0,0
21,4,0,0,0,0,0,0,0,0,3.952819531114783,-1,-999,0,0,0,1,1,0,0,0
15,1,0,0,0,1,0,0,0,0,3.8492239123906247,-1,-999,0,0,0,0,0,0,0,0
12,91,0,0,0,0,1,0,0,5,4.591476615572956,-1,-999,0,0,0,0,0,0,0,1
13,16,0,0,0,0,1,0,0,0,3.9613201402110083,-1,-999,0,0,0,0,0,0,0,1
17,32,0,1,0,1,1,0,0,0,4.347433269198827,-1,-999,0,0,0,14,0,0,0,0
33,1,0,0,0,3,1,0,2,0,4.180365114215879,-1,-999,0,0,0,0,0,0,0,1
24,15,0,0,0,1,0,0,0,0,4.050204618865331,-1,-999,0,0,0,4,0,0,0,0
10,28,0,0,0,1,0,0,0,0,4.161313030086848,-1,-999,0,6,0,27,0,0,0,0
13,76,0,1,0,1,1,0,0,11,4.90723622281594,-1,-999,0,0,0,0,0,0,0,1
10,1,0,1,0,1,0,0,0,0,3.286629486786196,-1,-999,0,0,0,0,0,0,0,0
24,1,0,1,0,1,0,0,0,0,3.9374448765408534,-1,-999,0,0,0,0,0,0,0,0
39,1,0,0,0,1,0,0,5,0,3.9667337350161334,-1,-999,0,12,0,21,0,0,0,0
20,38,0,1,0,1,0,0,0,1,4.334547870034715,-1,-999,0,0,0,0,0,0,0,1
43,1,0,0,0,2,0,0,2,10,4.509989802458863,-1,-999,0,0,0,0,0,0,0,1
16,32,0,0,0,1,0,0,0,0,4.15666432377391,-1,-999,0,0,1,17,0,0,0,0
17,33,0,0,0,0,0,1,0,1,4.345073995785254,-1,-999,0,0,0,1,0,0,0,1
14,1,0,1,0,1,0,0,0,0,3.642489673166126,-1,-999,0,0,0,51,0,0,0,0
21,11,0,0,0,1,0,0,0,0,3.974647975817024,-1,-999,0,0,0,0,0,0,0,0
14,44,0,0,0,1,0,0,0,0,4.2284699832726425,-1,-999,0,0,1,19,0,0,0,0
28,13,0,0,0,1,0,0,0,0,4.008947073809812,-1,-999,0,0,0,0,0,0,0,1
13,0,0,0,0,0,0,0,0,0,3.8219280948873626,-1,-999,0,0,0,0,0,0,0,0
18,31,0,0,0,0,0,0,0,6,4.475274610914669,-1,-999,0,0,0,1,0,0,0,1
11,7,0,0,0,0,0,0,0,0,3.623465189601647,-1,-999,0,0,0,6,0,0,1,1
13,27,0,0,0,1,1,0,0,0,4.110454745700462,-1,-999,0,0,0,0,0,0,0,0
14,17,0,0,0,1,0,0,0,0,4.214132447255579,-1,-999,1,13,2,26,0,0,0,0
17,1,0,0,0,1,0,0,0,0,3.7532696895151085,-1,-999,0,0,1,28,0,0,0,0
17,60,0,0,0,1,1,0,0,2,4.187301164969735,-1,-999,0,1,0,49,0,0,0,0
18,25,0,0,0,0,0,0,0,0,3.963590820407828,-1,-999,0,0,0,0,0,0,0,1
20,14,0,0,0,1,0,0,0,0,4.094760845817661,-1,-999,0,0,0,30,0,0,1,0
16,107,0,1,0,1,0,0,0,4,5.377505627696724,-1,-999,0,0,0,13,0,0,0,1
27,1,0,0,0,1,0,0,0,0,3.889737931651991,-1,-999,0,0,0,0,0,0,0,0
18,14,0,0,0,0,0,0,0,0,3.9265889250240185,-1,-999,0,0,0,4,0,0,0,0
7,1,0,1,0,0,0,0,0,0,3.452819531114783,-1,-999,0,3,0,65,0,0,0,0
22,22,0,0,0,1,0,0,0,0,4.225867743720175,-1,-999,0,0,0,0,0,0,0,1
10,12,0,0,0,0,0,0,0,2,3.9488593407620454,-1,-999,0,0,0,0,0,0,0,1
15,5,1,0,0,0,0,0,0,0,3.778423503030125,-1,-999,0,0,0,1,0,0,0,1
26,8,0,0,0,1,0,0,0,0,3.8757254801750722,-1,-999,0,0,0,0,0,0,0,1
16,53,0,0,0,0,0,0,0,0,4.549576691641413,-1,-999,0,0,0,0,0,0,0,1
17,1,0,0,0,1,0,0,0,0,3.5736606896881864,-1,-999,0,3,1,14,0,0,0,0
10,34,0,0,0,0,0,0,0,21,4.539593233916254,-1,-999,0,2,1,26,0,0,0,1
18,48,0,0,0,0,1,0,0,19,4.679167970183644,-1,-999,0,0,0,1,0,0,0,1
12,0,0,0,0,0,0,0,0,0,3.9321380397593755,-1,-999,0,0,9,11,0,0,0,0
15,89,0,1,0,1,0,0,0,6,5.342216742143556,-1,-999,0,0,0,0,0,0,0,1
12,47,0,0,0,0,0,0,0,21,4.764038157782425,-1,-999,0,2,1,4,0,0,0,1
14,1,0,1,0,1,0,0,0,0,3.642489673166126,-1,-999,0,0,0,0,0,0,0,0
17,40,0,0,0,1,0,0,0,6,4.409524219659049,-1,-999,0,6,0,24,0,0,0,0
26,1,0,0,0,1,0,0,0,0,4.057476076289932,-1,-999,0,1,0,5,0,0,0,0
27,1,0,0,0,1,0,0,0,0,4.036006945330955,-1,-999,0,0,0,10,0,0,0,0
20,1,0,0,0,1,0,0,0,0,4.012188403968661,-1,-999,0,0,0,0,0,0,0,0
17,1,0,1,0,1,0,0,1,0,3.921029621737615,-1,-999,0,0,0,1,0,0,0,1
11,10,0,1,0,0,0,0,0,0,3.8143719431796272,-1,-999,0,1,0,9,0,0,1,0
15,16,0,1,0,1,0,0,0,0,4.0478467699778795,-1,-999,0,0,1,41,0,0,0,0
18,22,0,0,0,1,0,0,0,0,4.086087787663725,-1,-999,0,1,1,26,0,0,0,0
21,1,0,1,0,1,0,0,0,0,3.9898980954642878,-1,-999,0,0,0,1,0,0,0,1
42,1,0,0,0,1,0,0,4,15,4.448367439558377,-1,-999,0,0,0,0,0,0,0,1
17,29,0,1,0,1,1,0,0,0,4.1827791134675225,-1,-999,0,0,0,0,0,0,0,1
17,72,0,1,0,1,0,0,0,5,4.426283720408965,-1,-999,0,0,0,1,1,0,0,0
11,51,0,1,0,1,0,0,0,0,4.497070968537381,-1,-999,0,0,0,0,0,0,0,0
26,17,0,1,0,1,0,0,0,0,4.101073077512327,-1,-999,0,0,0,0,0,0,0,0
21,25,0,0,0,1,0,0,0,3,4.248606718829086,-1,-999,0,0,0,0,0,0,0,1
14,23,0,0,0,1,0,0,0,7,4.3542227440216,-1,-999,0,3,0,10,0,0,1,0
44,21,0,1,0,3,2,0,3,0,4.168168396090405,-1,-999,0,0,0,0,0,0,0,1
30,93,0,1,0,1,1,0,0,23,4.884721792358078,-1,-999,0,0,0,0,0,0,0,1
27,47,0,0,0,1,0,0,0,20,4.722962510159587,-1,-999,0,0,0,0,0,0,0,1
24,36,0,0,0,1,0,0,2,0,4.297765878292773,-1,-999,0,5,0,22,0,0,0,0
10,1,0,0,0,1,0,0,0,2,3.57243125132212,-1,-999,0,0,0,0,0,0,0,1
16,35,0,1,0,1,0,0,0,0,4.287067363134424,-1,-999,0,4,0,5,0,0,0,0
26,1,0,1,0,0,0,0,1,0,3.9113061459995184,-1,-999,0,0,0,0,0,0,0,1
42,19,0,0,0,3,2,0,0,13,4.605578194625218,-1,-999,0,0,0,0,0,0,0,1
16,1,0,1,0,0,0,0,0,0,3.7034651896016473,-1,-999,0,0,0,20,0,0,0,0
18,8,0,0,0,1,0,0,1,0,3.8848588918890474,-1,-999,0,6,0,31,0,0,0,0
22,26,0,0,0,1,0,0,0,0,4.292736022962347,-1,-999,0,0,0,1,0,0,0,1
12,0,0,0,0,0,0,0,0,0,3.4713544870139295,-1,-999,0,0,0,12,0,0,0,0
30,42,0,0,0,1,0,0,2,0,4.27344672590579,-1,-999,0,0,1,45,0,1,1,0
47,22,0,0,0,2,0,0,5,0,4.446178131773996,-1,-999,0,0,0,0,0,0,0,0
19,104,0,1,0,1,0,0,0,15,5.681067921414767,-1,-999,0,0,0,2,0,0,0,1
16,52,0,1,0,1,0,0,0,0,4.412191088215019,-1,-999,0,4,0,4,0,0,0,0
11,104,0,0,0,0,0,0,0,19,4.64649911873561,-1,-999,0,55,0,45,0,0,0,0
20,1,0,0,0,0,0,0,0,0,3.6280852788913944,-1,-999,0,0,0,11,0,0,0,0
9,1,0,0,0,0,0,0,0,0,3.572469458770136,-1,-999,0,4,0,17,0,0,1,0
14,40,0,0,0,1,0,0,0,3,4.740094870626974,-1,-999,0,0,0,0,0,0,0,0
16,59,0,1,0,1,0,0,0,6,5.128260167214664,-1,-999,0,0,0,0,0,0,0,1
13,48,0,1,0,1,0,0,0,2,4.221379537813465,-1,-999,0,0,0,1,1,0,0,0
13,14,0,1,0,1,0,0,0,0,4.171860873964197,-1,-999,1,6,0,7,0,0,0,1
15,32,0,1,0,1,0,0,0,1,4.130979714739806,-1,-999,0,0,0,0,0,0,0,1
33,87,0,1,0,1,0,0,1,5,5.269993098167768,-1,-999,0,5,0,34,0,0,0,1
45,1,0,1,0,2,0,0,2,5,4.431110771508579,-1,-999,0,0,0,0,0,0,0,1
23,47,0,0,0,0,0,0,0,20,4.736286911708352,-1,-999,0,0,0,0,0,0,0,1
17,4,0,0,0,1,0,0,0,0,3.7803946541231945,-1,-999,0,0,0,0,0,0,0,1
19,55,0,0,0,1,0,0,0,21,4.574497492014039,-1,-999,0,0,0,0,0,0,0,1
54,19,0,1,0,4,2,0,1,12,4.617628325275149,-1,-999,0,0,0,0,0,0,0,1
59,32,0,0,0,7,1,0,0,4,4.373232773474922,-1,-999,0,0,0,0,0,0,0,1
50,19,0,0,0,3,2,0,1,7,4.523775376079673,-1,-999,0,0,0,0,0,0,0,1
11,9,0,1,0,0,0,0,0,1,4.056656707462823,-1,-999,0,0,0,16,0,0,0,1
19,81,0,0,0,1,0,0,0,20,4.614848684919356,-1,-999,0,0,0,0,0,0,0,1
13,455,0,0,1,0,1,1,0,40,4.859242735754273,-1,-999,0,0,0,0,0,0,0,1
48,52,0,0,0,6,6,0,0,1,4.6675515729279295,-1,-999,0,0,0,0,0,0,0,1
23,45,0,0,0,1,0,0,0,1,4.259181698323994,-1,-999,0,0,0,0,0,0,0,1
7,10,0,1,0,0,0,0,0,2,4.053660689688186,-1,-999,0,0,0,5,0,0,0,1
10,58,0,0,0,0,0,0,0,26,5.003146474836641,-1,-999,0,0,0,13,0,0,0,1
22,44,0,0,0,1,0,0,2,0,4.364721142205791,-1,-999,0,0,0,0,0,0,0,1
20,8,0,1,0,1,0,0,0,0,4.009523959475164,-1,-999,0,0,1,23,0,0,0,0
26,7,0,0,0,1,0,0,0,0,3.470950594454669,-1,-999,0,1,0,14,0,0,0,0
27,1,0,0,0,1,0,0,0,0,3.971302302288372,-1,-999,0,0,1,32,0,0,0,0
25,20,0,0,0,1,0,0,2,0,3.9764254779152353,-1,-999,0,0,0,1,0,0,0,0
42,67,0,0,0,3,2,0,0,20,4.80825088845619,-1,-999,0,0,0,0,0,0,0,1
27,0,0,0,0,1,0,0,0,0,4.113362385992582,-1,-999,0,0,0,1,0,0,0,1
25,26,0,0,0,1,0,0,0,0,4.022714236957323,-1,-999,0,0,1,18,0,0,1,0
18,41,0,0,0,1,0,0,0,5,4.769166011508801,-1,-999,0,1,0,38,0,0,0,0
11,1,0,0,0,1,0,0,0,3,3.576617644908666,-1,-999,0,0,0,0,0,0,0,1
21,1,0,1,0,1,0,0,0,0,4.031401845392172,-1,-999,0,0,0,1,1,0,0,0
12,38,0,0,0,1,0,0,0,0,4.062541498014134,-1,-999,0,17,0,23,0,0,0,0
20,22,0,0,0,1,0,0,0,0,4.418195752623562,-1,-999,0,0,0,30,0,0,1,0
23,47,0,0,0,1,0,0,0,6,4.348762637979936,-1,-999,0,0,0,1,0,0,0,0
16,22,0,1,0,1,0,0,0,0,4.284006521086277,-1,-999,0,4,0,5,0,0,0,0
25,19,0,0,0,1,0,0,0,0,4.24313410688167,-1,-999,0,7,0,34,0,0,0,1
17,5,0,0,0,1,0,0,0,0,3.8664331502253835,-1,-999,0,0,0,0,0,0,0,1
17,18,0,0,0,1,0,0,0,4,4.080565424450168,-1,-999,0,0,0,0,0,0,0,0
14,51,0,1,0,1,0,0,0,4,4.616029000787937,-1,-999,0,2,0,15,0,0,0,0
12,16,0,1,0,0,0,0,1,1,4.270910335425638,-1,-999,0,0,0,0,0,0,0,1
14,7,0,0,0,0,0,0,0,1,3.851823225551766,-1,-999,0,0,0,1,1,0,0,1
21,1,0,0,0,1,0,0,0,0,3.9093680639438846,-1,-999,0,0,0,0,0,0,0,0
26,11,0,1,0,1,0,0,0,4,4.485537262659802,-1,-999,0,0,0,0,0,0,0,1
16,17,0,1,0,1,0,0,0,0,4.079347810555482,-1,-999,0,4,0,5,0,0,0,0
20,1,0,1,0,1,0,0,0,0,4.040775468486825,-1,-999,0,16,21,14,0,0,0,0
18,49,0,0,0,1,0,0,0,1,4.047111899840506,-1,-999,0,0,0,3,0,0,0,0
14,51,0,0,0,0,0,0,0,2,4.274141413821241,-1,-999,0,0,0,0,0,0,0,1
13,1,0,1,0,1,0,0,0,0,3.572623663895164,-1,-999,0,1,0,2,0,0,0,0
22,13,0,0,0,1,0,0,0,3,4.489877254551158,-1,-999,0,0,0,17,0,0,0,0
16,8,0,1,0,1,0,0,0,0,3.715018266288633,-1,-999,0,17,1,18,0,0,0,0
50,68,0,1,0,3,2,0,1,20,4.7921981189955085,-1,-999,0,0,0,0,0,0,0,1
16,66,0,0,0,0,0,0,0,4,4.383744635680689,-1,-999,0,13,0,30,0,0,0,0
15,42,0,1,0,1,0,0,0,15,4.4946720446261805,-1,-999,0,0,0,13,0,0,0,0
27,1,0,1,0,1,0,0,0,0,3.8746697102453487,-1,-999,0,2,0,16,0,0,0,0
16,45,0,0,0,0,1,0,0,20,4.561748047693657,-1,-999,0,0,0,0,0,0,0,1
16,33,0,1,0,1,1,0,0,5,4.582289794600807,-1,-999,0,4,0,5,0,0,0,0
29,0,0,0,0,1,0,0,0,3,4.048688113203416,-1,-999,0,0,0,1,0,0,0,1
31,7,0,1,0,1,0,0,0,0,4.093682879734897,-1,-999,0,0,0,1,0,0,0,1
22,52,0,0,0,1,0,0,0,0,4.328219689776414,-1,-999,0,0,0,29,0,0,1,1
21,47,0,1,0,1,0,0,0,4,4.551745073699052,-1,-999,0,9,0,23,0,0,0,0
21,69,0,0,0,1,0,0,0,7,4.683547828062401,-1,-999,0,0,0,22,0,0,1,0
18,45,0,1,0,1,0,0,0,0,4.2835007326875285,-1,-999,0,2,1,40,0,0,1,0
17,1,0,1,0,1,0,0,0,0,3.8150724101159432,-1,-999,0,0,1,8,0,0,0,1
18,0,0,0,0,1,0,0,0,0,3.813660689688186,-1,-999,0,0,0,0,0,0,0,1
36,1,0,0,0,1,1,0,0,0,3.9043774280107018,-1,-999,0,0,0,0,0,0,0,1
22,34,0,0,0,1,0,0,0,23,4.679272978883768,-1,-999,0,0,0,0,0,0,0,1
22,126,0,0,0,1,0,0,0,0,4.578776715860975,-1,-999,0,2,1,31,0,0,0,0
17,4,0,1,0,1,0,0,0,0,4.073329701949522,-1,-999,0,0,0,0,0,0,0,0
17,1,0,1,0,1,0,0,0,0,4.026986833359287,-1,-999,0,0,0,1,0,0,0,0
37,57,0,0,0,1,1,0,0,23,4.75996782598231,-1,-999,0,0,0,0,0,0,0,1
15,72,0,1,0,1,0,0,0,4,5.164091375784614,-1,-999,0,0,0,1,0,0,0,1
17,1,0,0,0,1,0,0,0,1,3.319079570624175,-1,-999,0,0,0,8,0,0,0,0
21,1,0,0,0,1,0,0,0,0,4.021268494903765,-1,-999,0,0,0,0,0,0,0,0
24,25,0,0,0,1,1,0,0,0,4.061382823650152,-1,-999,0,2,0,88,0,0,0,0
13,1,0,0,0,1,0,0,0,0,3.463280517810811,-1,-999,0,1,1,35,0,0,0,0
50,67,0,1,0,3,2,0,1,21,4.6924087745926455,-1,-999,0,0,0,0,0,0,0,1
40,105,0,1,0,1,0,0,1,8,5.243448857105207,-1,-999,0,5,0,34,0,0,0,1
11,46,0,0,0,0,0,0,0,0,4.219449265965603,-1,-999,0,0,0,0,0,0,0,1
29,50,0,0,0,1,2,0,2,15,4.690247533963852,-1,-999,0,0,0,0,0,0,0,1
11,13,0,0,0,1,0,0,0,0,3.784368487596862,-1,-999,0,0,0,0,0,0,0,0
12,26,0,0,0,1,0,0,0,0,4.169987686210474,-1,-999,0,4,1,7,0,0,0,0
18,4,0,0,0,1,0,0,0,0,3.8404025467025056,-1,-999,0,0,0,0,0,0,0,1
22,4,0,0,0,0,0,0,0,0,3.98319563424773,-1,-999,0,0,0,0,0,0,0,1
28,0,0,0,0,1,0,0,0,0,3.900153016697713,-1,-999,0,2,0,17,0,0,0,0
21,25,0,0,0,1,0,0,0,4,4.262849879247264,-1,-999,0,0,0,0,0,0,0,1
15,25,0,1,0,1,0,0,0,0,4.236440501696145,-1,-999,0,0,0,22,0,0,0,1
25,1,0,1,0,1,0,0,0,0,4.057476076289932,-1,-999,0,1,1,14,0,0,0,0
16,37,0,1,0,1,0,0,0,0,4.458983013544333,-1,-999,0,0,0,23,1,1,0,1
18,1,0,0,0,1,0,0,0,0,3.7962176025900565,-1,-999,0,0,0,0,0,0,0,0
16,1,0,0,0,1,0,0,0,0,3.7406015629507228,-1,-999,0,0,0,12,0,0,0,0
21,0,0,0,0,1,0,0,0,1,3.8962915290459277,-1,-999,0,2,0,4,1,0,0,1
13,238,0,0,0,0,0,0,0,40,5.822658366159117,-1,-999,0,0,0,0,0,0,0,1
16,28,0,0,0,1,0,0,0,0,4.034212106253169,-1,-999,0,0,0,0,0,0,0,1
16,0,0,0,0,1,0,0,0,0,3.8279097821439696,-1,-999,0,1,0,40,0,0,0,0
22,86,0,0,0,1,1,0,0,0,4.470872478342786,-1,-999,0,2,1,33,0,0,0,1
14,108,0,1,0,0,1,0,1,8,4.820739224276873,-1,-999,0,0,1,14,0,0,0,1
20,1,0,1,0,0,0,0,0,0,4.185230132909402,-1,-999,0,0,0,0,0,0,0,0
20,57,0,0,0,1,0,0,0,6,4.500258458411036,-1,-999,0,0,1,6,0,0,0,0
22,27,0,0,0,1,1,0,0,3,4.35274578087187,-1,-999,0,0,0,16,0,0,0,1
12,1,0,1,0,1,0,0,0,0,3.6178096843744556,-1,-999,0,0,0,0,0,0,0,0
17,11,0,1,0,1,1,0,0,0,4.461320140211008,-1,-999,0,0,0,1,0,0,0,1
16,21,0,0,0,1,0,0,0,0,4.123204629558406,-1,-999,0,0,0,18,0,0,0,0
14,1,0,1,0,1,0,0,0,0,3.642489673166126,-1,-999,0,0,1,20,0,0,0,0
20,20,0,1,0,1,0,0,0,8,4.472794209361695,-1,-999,0,7,5,16,0,0,0,1
50,69,0,1,0,3,2,0,1,21,4.766645546560783,-1,-999,0,0,0,0,0,0,0,1
20,28,0,0,0,1,1,0,0,0,4.128744204623185,-1,-999,0,0,0,0,0,0,0,1
22,10,0,0,0,0,0,0,2,4,4.352978424590447,-1,-999,0,0,0,0,0,0,0,1
24,21,0,0,0,1,0,0,0,0,4.233811593016277,-1,-999,0,0,0,0,0,0,0,0
19,1,0,1,0,1,0,0,2,0,3.9407598325400897,-1,-999,0,0,0,0,0,0,0,0
21,15,0,0,0,1,0,0,0,0,4.144417883102941,-1,-999,0,0,0,0,0,0,0,0
21,1,0,0,0,1,0,0,0,0,3.8573068568981284,-1,-999,0,0,0,11,0,0,0,0
21,39,0,0,0,0,0,0,0,0,4.235802765337016,-1,-999,0,0,0,0,0,0,0,1
11,0,0,1,0,0,0,0,0,0,3.6818808028034034,-1,-999,0,0,0,0,0,0,0,1
12,45,0,0,0,0,0,0,0,0,4.366479102437745,-1,-999,0,20,0,31,0,0,0,0
18,19,0,0,0,1,1,0,1,0,4.1806892889443334,-1,-999,0,0,0,0,0,0,0,1
27,11,0,0,0,1,0,0,0,1,4.202095318167281,-1,-999,0,0,0,0,0,0,0,1
20,1,0,0,0,1,0,0,0,7,4.080050351464736,-1,-999,0,0,0,1,0,0,0,1
11,1,0,1,0,0,0,0,0,0,3.5464393446710156,-1,-999,1,14,0,20,0,0,0,0
16,1,0,1,0,2,0,0,0,0,3.7532696895151085,-1,-999,0,3,0,4,0,0,1,1
11,35,0,1,0,1,0,0,0,8,4.60183819648772,-1,-999,0,0,0,9,0,0,1,1
40,10,0,0,0,1,1,0,2,5,4.342790067330575,-1,-999,0,0,0,0,0,0,0,1
16,26,0,1,0,1,0,0,0,0,4.42146788019945,-1,-999,0,4,0,5,0,0,0,0
17,119,0,1,0,0,0,0,0,14,5.001649454861717,-1,-999,0,0,0,0,0,0,0,1
20,29,0,0,0,1,0,0,1,10,4.461210672320923,-1,-999,0,0,0,0,0,0,0,1
12,30,0,0,0,1,0,0,0,0,4.144524129476275,-1,-999,0,0,0,0,0,0,0,0
17,1,0,0,0,1,0,0,0,0,3.7834651896016473,-1,-999,0,3,1,17,0,0,0,0
50,68,0,1,0,3,2,0,1,16,4.8014788371773305,-1,-999,0,0,0,0,0,0,0,1
15,7,0,0,0,0,0,0,0,0,4.0993603054724,-1,-999,0,2,0,14,0,0,0,1
21,20,0,0,0,1,0,0,0,0,4.099874739988984,-1,-999,0,0,0,0,0,0,0,1
27,14,0,0,0,1,0,0,0,0,4.266541406655651,-1,-999,0,0,0,1,1,0,0,0
9,21,0,0,0,0,0,0,0,4,4.533249311341008,-1,-999,0,0,0,0,0,0,0,1
41,68,0,0,0,2,3,0,0,15,4.859359062613065,-1,-999,0,0,0,0,0,0,0,1
27,6,0,0,0,1,0,0,0,0,3.727567157116929,-1,-999,0,11,1,23,0,0,1,0
26,0,0,1,0,1,0,0,1,0,3.9513101799829666,-1,-999,0,0,0,0,0,0,0,0
18,19,0,1,0,1,0,0,0,0,3.9835352523090704,-1,-999,0,0,0,0,0,0,0,0
20,21,0,0,0,1,1,0,0,0,4.454448698502606,-1,-999,0,0,0,0,0,0,0,1
15,24,0,0,0,1,0,0,0,0,4.249014336859389,-1,-999,0,0,0,0,0,0,0,0
32,105,0,0,0,1,1,0,0,9,5.530110331421988,-1,-999,0,0,1,1,0,0,0,1
55,1,0,0,0,2,0,0,4,0,4.310712963822282,-1,-999,0,0,0,0,0,0,0,1
20,1,0,1,0,1,0,0,0,0,3.995237891380887,-1,-999,0,2,0,9,0,0,0,0
17,11,0,1,0,1,0,0,0,0,3.9193819456463714,-1,-999,0,0,1,22,0,0,0,0
46,68,0,1,0,4,2,0,0,16,4.723897556255126,-1,-999,0,0,0,0,0,0,0,1
18,32,0,0,0,1,0,0,0,6,4.5734084362380605,-1,-999,0,2,0,13,0,0,0,0
21,248,0,1,0,2,0,0,0,59,4.88392568427364,-1,-999,0,0,0,2,0,0,0,1
20,11,0,1,0,1,0,0,0,7,4.160420091146166,-1,-999,0,0,0,0,0,0,0,1
18,1,0,0,0,1,0,0,0,0,3.95006375643621,-1,-999,0,1,0,39,0,0,0,0
15,22,0,1,0,1,1,0,0,0,4.0198790750512865,-1,-999,0,0,0,1,1,0,0,0
8,58,0,0,0,0,0,0,0,0,3.8070667608761495,-1,-999,0,0,0,0,0,0,0,1
14,1,0,1,0,1,0,0,0,0,3.588354347173233,-1,-999,0,0,0,7,0,0,0,0
11,1,0,0,0,1,0,0,0,0,3.2210972500579573,-1,-999,0,0,0,6,0,0,0,0
50,66,0,1,0,3,2,0,1,23,4.811126286196849,-1,-999,0,0,0,0,0,0,0,1
27,27,0,0,0,1,0,0,0,3,4.381076271776316,-1,-999,0,0,0,0,0,0,0,1
14,60,0,1,0,1,0,0,0,4,4.614169142723281,-1,-999,0,2,0,15,0,0,0,0
27,168,0,1,0,1,1,0,0,28,5.719484154770551,-1,-999,0,0,0,2,0,0,0,1
14,33,0,0,0,1,0,0,0,21,4.749986344635869,-1,-999,0,0,0,2,0,0,0,1
33,4,0,1,0,0,0,0,0,0,4.1000933078165485,-1,-999,0,0,0,74,0,0,0,1
22,111,0,1,0,1,0,0,0,9,5.470754890897267,-1,-999,0,0,0,19,0,0,0,1
27,29,0,0,0,1,0,0,0,0,4.312043964443018,-1,-999,0,1,0,9,0,0,0,0
24,18,0,0,0,1,0,0,0,0,4.119113670336754,-1,-999,0,3,1,17,0,0,0,1
6,8,0,0,0,0,0,0,0,0,3.2728043273346206,-1,-999,0,0,0,10,0,0,0,0
24,15,0,0,0,1,0,0,0,4,4.300417118959396,-1,-999,0,0,0,0,0,0,0,0
25,0,0,0,0,1,0,0,0,3,4.202819531114783,-1,-999,0,6,0,32,0,1,0,0
17,7,0,0,0,0,0,0,0,0,3.913400745661378,-1,-999,0,3,1,17,0,0,0,0
18,38,0,0,0,1,0,0,0,0,4.280297932696986,-1,-999,1,104,1,68,0,0,0,0
18,63,0,1,0,0,0,0,0,2,4.270003590103002,-1,-999,0,0,0,0,0,0,0,1
28,1,0,1,0,1,0,0,0,4,4.317033095124791,-1,-999,0,0,0,1,0,0,0,1
16,1,0,0,0,0,0,0,0,0,3.9701755214643453,-1,-999,0,0,0,0,0,0,0,1
7,1,0,1,0,0,0,0,0,0,3.577819531114783,-1,-999,0,0,0,7,0,0,0,0
17,1,0,1,0,1,0,0,0,0,3.997952698660692,-1,-999,0,0,0,0,0,0,0,0
15,42,0,0,0,0,0,1,1,1,4.370305074793775,-1,-999,0,0,0,0,0,0,0,1
17,7,0,1,0,1,0,0,0,1,4.015319531114783,-1,-999,0,0,0,87,0,0,0,0
9,43,0,0,0,0,0,0,0,0,4.136277584282903,-1,-999,0,0,1,17,0,0,0,0
30,0,0,0,0,1,1,0,0,1,4.1416216087552495,-1,-999,0,2,4,19,0,0,0,0
25,14,0,0,0,1,1,0,0,0,4.180639401474028,-1,-999,0,0,0,1,1,0,0,0
14,19,0,0,0,0,0,0,0,0,3.975070520364182,-1,-999,0,2,1,16,0,0,0,0
22,4,0,0,0,1,0,0,0,0,3.821226604916021,-1,-999,0,0,1,3,0,0,0,0
14,27,0,1,0,0,0,0,0,0,3.841365905552329,-1,-999,0,2,0,7,0,0,0,0
15,0,0,0,0,0,0,0,1,0,3.9139770731827523,-1,-999,0,13,0,64,0,0,0,0
18,8,0,0,0,1,0,0,1,0,4.017900089633387,-1,-999,0,0,0,0,0,0,0,1
21,16,0,0,0,1,1,0,0,5,4.345350936622436,-1,-999,0,0,0,4,0,0,0,0
20,49,0,1,0,0,1,0,0,4,4.469972139933332,-1,-999,0,0,0,0,0,0,0,1
20,52,0,0,0,1,0,0,0,0,4.521172996512822,-1,-999,0,0,0,0,0,0,0,1
34,1,0,0,0,2,0,0,0,0,4.159592720140252,-1,-999,0,0,0,0,0,0,0,1
15,76,0,1,0,1,0,0,0,9,5.347177862811454,-1,-999,0,0,0,0,0,0,0,1
17,1,0,1,0,1,0,0,0,0,3.7192945256669794,-1,-999,0,1,0,24,0,0,0,0
17,16,0,0,0,0,0,0,0,0,4.034183719779189,-1,-999,0,1,0,6,0,0,0,0
17,11,0,1,0,1,0,0,0,0,4.037844793048882,-1,-999,0,4,0,4,0,0,0,0
84,28,0,0,0,12,0,0,0,32,4.508416217804657,-1,-999,0,0,0,0,1,0,0,1
13,47,0,0,0,1,0,0,0,0,4.080524735577194,-1,-999,0,2,2,12,0,0,0,0
22,49,0,1,0,1,0,0,0,0,4.3545726859064455,-1,-999,0,29,0,54,0,0,0,0
25,1,0,1,0,1,0,0,0,1,3.9368917977572884,-1,-999,0,0,0,0,0,0,0,1
14,28,0,0,0,1,0,0,0,0,4.244925854752683,-1,-999,0,3,2,5,0,0,0,0
23,0,0,0,0,1,0,0,0,0,3.894739663055176,-1,-999,0,0,0,4,1,0,0,1
19,29,0,0,0,1,0,0,0,1,3.976192213249309,-1,-999,0,0,0,8,0,0,0,1
14,6,0,0,0,1,0,0,0,0,3.7080481500712312,-1,-999,0,11,0,36,0,0,0,1
49,1,0,1,0,1,0,0,0,0,3.52698762420724,-1,-999,0,0,0,1,0,0,0,1
12,20,1,0,0,0,0,0,0,0,4.206198332810096,-1,-999,0,0,0,0,0,0,0,1
18,90,0,0,0,1,3,0,0,8,4.566495326182118,-1,-999,0,0,0,0,0,0,0,1
28,8,0,0,0,1,0,0,1,0,4.01396112788348,-1,-999,0,0,0,0,0,0,0,1
19,13,0,0,0,1,0,0,0,0,4.025930027099076,-1,-999,0,0,0,0,0,0,0,0
58,8,0,0,0,3,0,0,0,4,4.394854442756747,-1,-999,0,0,0,0,1,0,0,1
37,0,0,0,0,1,0,0,0,0,4.135821824148036,-1,-999,0,2,0,4,1,0,0,1
10,52,0,0,0,0,1,0,0,0,4.10917305129699,-1,-999,0,0,0,0,0,0,0,1
18,7,0,1,0,0,0,0,0,0,3.8589572866686432,-1,-999,0,0,0,0,0,0,0,1
18,1,0,1,0,1,0,0,0,0,3.7080481500712312,-1,-999,0,1,0,30,0,0,0,0
12,35,0,0,0,1,0,0,0,4,4.43971065015136,-1,-999,0,0,0,0,0,0,0,0
16,14,0,1,0,1,0,0,0,0,4.282340283509332,-1,-999,0,4,0,5,0,0,0,0
12,198,0,0,0,0,1,0,0,81,4.796652604151854,-1,-999,0,0,0,0,0,0,0,1
43,1,0,1,0,3,0,0,3,9,4.281700535240759,-1,-999,0,0,0,0,0,0,0,1
39,18,0,0,0,3,1,0,2,1,4.134373587245974,-1,-999,0,0,0,0,0,0,0,1
17,1,0,1,0,1,0,0,0,0,3.7192945256669794,-1,-999,0,0,0,1,1,0,0,0
11,79,0,1,0,1,0,0,0,10,4.705357737615907,-1,-999,0,0,0,0,0,0,0,0
18,31,0,0,0,1,0,0,0,0,4.390103506137944,-1,-999,0,0,0,11,0,0,0,0
26,0,0,0,0,1,0,0,0,0,4.066677073707229,-1,-999,0,0,0,6,0,0,0,0
18,3,0,1,0,1,0,0,0,3,4.1162646156680225,-1,-999,0,1,0,61,0,0,0,0
12,28,0,1,0,0,0,0,0,0,3.8711153651692727,-1,-999,0,0,0,0,0,0,0,1
12,43,0,0,0,0,0,0,0,1,4.30424973992724,-1,-999,0,0,0,0,0,0,0,1
38,94,0,1,0,1,0,0,1,10,5.11916685059977,-1,-999,0,0,0,25,0,0,0,1
21,6,0,1,0,1,0,0,1,0,4.107156230921614,-1,-999,0,3,0,11,0,0,1,0
12,15,0,0,0,1,0,0,0,2,3.939829017466402,-1,-999,0,0,0,1,0,0,0,0
21,92,0,0,0,1,0,0,0,0,4.228880693440324,-1,-999,0,0,0,1,1,0,0,0
19,0,0,0,0,1,0,0,0,0,3.825251737288651,-1,-999,0,0,0,11,0,0,0,0
16,21,0,0,0,1,0,0,0,12,4.544325652580697,-1,-999,0,0,0,0,0,0,0,0
25,1,0,0,0,1,0,0,1,0,4.066677073707229,-1,-999,0,11,1,20,0,0,0,0
17,20,0,0,0,0,1,0,1,0,4.009648665414096,-1,-999,0,0,0,0,0,0,0,1
13,57,0,0,0,0,0,0,0,0,4.187397334730211,-1,-999,0,0,0,0,0,0,0,1
26,6,0,0,0,1,0,0,0,2,4.201692923824033,-1,-999,0,0,0,0,0,0,0,1
30,0,0,1,0,1,0,0,0,4,4.238334671954105,-1,-999,0,0,0,1,0,0,0,1
47,1,0,1,0,3,1,1,0,0,4.24836560330438,-1,-999,0,0,0,0,0,0,0,1
33,1,0,0,0,1,0,0,0,14,4.301839504248711,-1,-999,0,0,0,0,0,0,0,1
11,10,0,0,0,0,0,0,0,1,3.7264741182543752,-1,-999,0,0,0,0,0,0,0,1
19,20,0,0,0,1,0,0,1,0,4.031623032511563,-1,-999,0,0,0,0,0,0,0,1
10,1,0,0,0,1,0,0,0,0,3.155221528859512,-1,-999,0,1,0,24,0,0,0,0
16,19,0,0,0,1,0,0,0,0,3.9870900416203345,-1,-999,0,0,0,0,0,0,0,1
13,100,0,0,0,1,0,0,0,0,4.227794271281702,-1,-999,0,0,0,0,0,0,0,0
11,417,0,0,0,0,0,0,0,256,4.477014208067794,-1,-999,0,0,0,0,0,0,0,1
10,79,0,0,0,0,1,0,0,0,4.565344815678043,-1,-999,0,0,0,0,0,0,0,1
16,57,0,1,0,0,0,0,1,8,4.505759263687244,-1,-999,0,0,0,5,0,0,0,0
15,18,0,1,0,1,0,0,0,0,4.149996516707671,-1,-999,1,6,0,10,0,0,0,0
18,31,0,0,0,0,1,0,0,0,4.509657878074441,-1,-999,0,0,0,0,0,0,0,1
13,61,0,1,0,0,1,0,0,1,5.116660250938799,-1,-999,0,0,0,0,0,0,0,1
22,21,0,0,0,1,0,0,0,0,4.294177320667444,-1,-999,0,1,1,21,0,0,0,0
19,14,0,1,0,0,0,0,0,2,4.3087513512471665,-1,-999,0,0,0,0,0,0,0,1
14,1,0,0,0,1,0,0,0,0,3.390805482076982,-1,-999,0,0,0,0,0,0,0,1
16,23,0,0,0,0,0,0,0,0,4.131407607854671,-1,-999,0,0,0,3,0,0,0,1
6,140,0,1,0,0,2,0,0,98,4.272742924217482,-1,-999,0,0,0,0,0,0,0,1
17,0,0,0,0,1,0,0,0,1,3.8239348962840563,-1,-999,0,0,0,0,0,0,0,1
17,19,0,0,0,0,0,0,0,0,3.9057048015566522,-1,-999,0,0,0,0,0,0,0,1
31,54,0,1,0,2,0,0,0,6,4.474576087311858,-1,-999,0,0,0,1,0,0,0,0
42,69,0,1,0,3,2,0,0,15,4.7148170047085,-1,-999,0,0,0,0,0,0,0,1
26,19,0,0,0,1,0,0,0,0,4.157385276650179,-1,-999,0,4,0,10,0,0,0,0
16,1,0,1,0,1,0,0,0,0,3.7532696895151085,-1,-999,0,0,0,6,0,0,0,0
23,32,0,0,0,1,0,0,1,8,4.640155622586781,-1,-999,0,0,0,4,0,0,1,0
42,67,0,0,0,3,2,0,0,23,4.850263866448288,-1,-999,0,0,0,0,0,0,0,1
50,68,0,1,0,3,2,0,1,20,4.795716633115447,-1,-999,0,0,0,0,0,0,0,1
15,14,0,0,0,1,0,0,0,0,3.8847954873731343,-1,-999,0,0,0,0,0,0,0,1
47,1,0,0,0,3,0,0,0,14,4.440006304237071,-1,-999,0,0,0,0,0,0,0,1
10,30,0,0,0,0,0,0,0,2,3.933720565137551,-1,-999,0,0,0,0,0,0,0,1
13,18,0,0,0,0,0,0,0,0,3.8629488165201464,-1,-999,0,0,0,0,0,0,0,1
38,26,0,0,0,3,0,1,2,6,4.63906569744579,-1,-999,0,0,0,0,0,0,0,1
17,16,0,0,0,1,0,0,0,0,3.996439344671016,-1,-999,0,1,1,24,0,0,0,0
12,25,0,1,0,1,0,0,0,0,3.9142149083365423,-1,-999,0,0,0,45,0,0,0,0
18,12,0,0,0,1,0,0,0,0,4.2629790410707376,-1,-999,0,0,0,0,0,0,0,1
29,109,0,1,0,0,0,0,2,18,4.709719037452558,-1,-999,0,0,0,0,0,0,0,1
13,1,0,0,0,1,0,0,0,0,3.558518613048906,-1,-999,0,0,0,72,0,0,1,0
16,24,0,0,0,1,0,0,0,0,4.13694650097358,-1,-999,0,4,0,10,0,0,0,0
50,68,0,0,0,3,2,0,1,23,4.785950709738299,-1,-999,0,0,0,0,0,0,0,1
26,24,0,0,0,3,0,0,0,4,4.216416935438117,-1,-999,0,0,0,0,0,0,0,1
10,0,0,0,0,0,0,0,0,0,3.572469458770136,-1,-999,0,0,0,0,0,0,0,0
19,43,0,0,0,2,0,0,0,2,4.481308065838528,-1,-999,0,0,0,0,0,0,0,0
20,1,0,0,0,1,0,0,0,0,3.7264741182543752,-1,-999,0,1,0,8,0,0,0,0
47,1,0,0,0,2,0,0,2,0,4.193027960137546,-1,-999,0,0,0,0,0,0,0,0
22,0,0,0,0,0,0,0,0,0,4.168325822713779,-1,-999,0,0,0,18,0,0,0,0
14,33,0,0,1,0,1,0,0,11,4.358886057992096,-1,-999,0,0,0,0,0,0,0,1
22,64,0,0,0,0,0,0,1,20,4.724523533525154,-1,-999,0,15,0,12,0,0,0,1
6,12,0,1,0,0,0,0,0,0,3.917188642118005,-1,-999,0,0,0,0,0,0,0,1
15,33,0,1,0,1,0,0,0,1,4.184711682046565,-1,-999,0,0,0,1,0,0,0,0
23,22,0,0,0,1,0,0,1,0,4.322579324069081,-1,-999,0,0,0,2,0,0,0,1
9,29,0,0,0,0,0,0,0,0,4.188982196705438,-1,-999,0,0,0,0,0,0,0,1
20,20,0,1,0,1,0,0,0,0,3.867829492646777,-1,-999,0,1,0,5,0,0,1,0
29,94,0,1,0,1,0,0,1,4,5.198348502759265,-1,-999,0,0,0,0,0,0,0,1
19,22,0,0,0,1,0,0,0,2,4.097794209361695,-1,-999,0,0,0,0,0,0,0,0
26,22,0,1,0,1,0,0,0,0,4.19594722638747,-1,-999,0,0,2,5,0,0,0,0
25,0,0,0,0,1,0,0,0,0,3.9764097655573916,-1,-999,0,0,2,18,0,0,0,0
13,13,0,1,0,1,0,0,0,2,4.13850217929474,-1,-999,0,1,0,37,0,0,0,0
19,101,0,0,0,0,3,0,0,5,4.499657744066962,-1,-999,0,0,0,0,0,0,0,1
17,10,0,0,0,1,0,0,0,0,4.07189445851561,-1,-999,0,65,0,8,0,0,0,0
27,230,0,0,0,1,0,0,0,35,5.792342823249035,-1,-999,0,0,1,1,0,0,0,1
8,1,0,1,0,0,0,0,0,0,3.2927701939369904,-1,-999,0,4,1,35,0,0,0,0
18,13,0,1,0,1,0,0,0,0,4.131054782742918,-1,-999,0,0,0,0,0,0,0,0
9,146,0,0,0,0,2,0,0,41,5.328161115951645,-1,-999,0,0,0,1,1,0,0,1
22,37,0,0,0,1,0,0,0,0,4.303578164970861,-1,-999,0,0,0,0,0,0,0,0
15,11,0,0,0,1,0,0,0,0,3.9374448765408534,-1,-999,0,0,0,42,0,0,0,0
26,45,0,0,0,1,0,0,0,3,4.44693952121792,-1,-999,0,0,0,1,0,0,0,0
9,24,0,0,0,0,0,0,0,0,4.0653115322251026,-1,-999,0,0,0,0,0,0,0,1
33,0,0,0,0,1,0,0,0,1,4.008694969562843,-1,-999,0,2,0,4,1,0,0,1
21,5,0,0,0,0,0,0,1,0,3.98319563424773,-1,-999,0,0,0,0,0,0,0,1
18,83,0,0,0,1,0,0,0,0,4.313448312735547,-1,-999,0,9,0,4,0,0,0,1
23,37,0,0,0,1,0,0,0,10,4.6540987586051195,-1,-999,0,0,0,0,0,0,0,0
14,25,0,0,0,0,0,0,0,6,4.469066511067981,-1,-999,0,1,0,29,0,0,1,1
20,42,0,0,0,0,2,0,1,0,4.296454623778188,-1,-999,0,0,0,0,0,0,0,1
19,1,0,1,0,1,0,0,1,0,3.869331261111518,-1,-999,0,0,0,0,0,0,0,1
28,1,0,1,0,1,1,0,1,0,4.064466123018132,-1,-999,0,0,0,0,0,0,0,1
16,1,0,1,0,1,0,0,0,0,3.7532696895151085,-1,-999,0,0,0,0,0,0,0,0
26,29,0,0,0,1,0,0,0,0,4.233065109090668,-1,-999,0,4,0,10,0,0,0,0
23,1,0,1,0,1,0,0,0,0,3.9292292966721747,-1,-999,0,7,1,60,0,0,1,0
31,1,0,0,0,1,0,0,2,3,4.304257026388136,-1,-999,0,0,0,0,0,0,0,1
31,12,0,0,0,1,0,0,1,0,4.201076880026372,-1,-999,0,0,0,0,0,0,0,0
30,67,0,1,0,1,2,0,1,9,4.716688941751138,-1,-999,0,0,0,1,0,0,0,1
25,22,0,1,0,1,0,0,0,0,4.092380568259549,-1,-999,0,0,0,2,1,0,0,0
15,34,0,0,0,1,0,0,0,18,4.684250404386513,-1,-999,0,0,0,1,0,0,0,1
18,26,0,0,0,0,0,0,0,2,4.541503900708585,-1,-999,0,0,0,1,0,0,0,1
16,20,0,1,0,1,1,0,0,0,4.112063152384018,-1,-999,0,4,0,5,0,0,0,0
13,110,0,0,0,1,1,0,0,14,4.576537915567718,-1,-999,0,0,0,21,0,0,0,0
15,36,0,0,0,0,1,0,0,0,4.088236117298362,-1,-999,0,0,0,0,0,0,0,1
22,41,0,1,0,1,0,0,0,0,4.23661621919782,-1,-999,0,0,0,21,0,0,0,0
21,14,0,0,0,1,0,0,0,0,4.243158791671846,-1,-999,0,0,0,0,0,0,0,1
26,11,0,0,0,1,1,0,0,5,4.075480414328636,-1,-999,0,0,0,0,0,0,0,1
14,1,0,1,0,1,0,0,0,0,3.675310868912364,-1,-999,0,6,1,80,0,0,0,0
24,15,0,0,0,1,1,0,0,0,4.102168956377575,-1,-999,0,0,0,0,0,0,0,1
17,1,0,1,0,1,0,0,0,0,3.95006375643621,-1,-999,0,4,0,89,0,0,0,0
13,1,0,1,0,1,0,0,0,0,3.6635327548042547,-1,-999,0,1,0,29,0,0,0,0
24,243,0,1,0,1,0,0,1,57,5.536506691303112,-1,-999,0,0,0,0,0,0,0,1
14,1,0,0,0,1,0,0,0,0,3.4474015047059154,-1,-999,0,8,1,82,0,0,0,0
21,27,0,0,0,1,0,0,0,4,4.351738068377556,-1,-999,0,0,0,1,0,0,0,1
15,14,0,0,1,0,0,0,0,12,4.107017709595357,-1,-999,0,0,0,0,0,0,0,1
6,9,0,0,0,0,0,0,0,2,3.936260027531527,-1,-999,0,0,0,0,0,0,0,1
13,55,0,0,0,1,0,0,0,0,4.233288651525907,-1,-999,0,30,0,84,0,0,1,0
14,0,0,0,0,0,0,0,0,2,4.011365041826379,-1,-999,0,0,0,0,0,0,0,1
13,75,0,0,0,1,0,0,0,12,4.678919593870051,-1,-999,0,9,0,11,0,0,0,0
33,1,0,1,0,2,0,0,0,0,4.189238255803026,-1,-999,0,0,0,0,0,0,0,1
18,0,0,0,0,1,0,0,0,0,3.813660689688186,-1,-999,0,0,17,12,0,0,0,0
20,29,0,0,0,1,1,0,0,0,4.110291307063722,-1,-999,0,0,0,0,0,0,0,1
50,69,0,1,0,3,2,0,1,18,4.787762101024373,-1,-999,0,0,0,0,0,0,0,1
19,9,0,0,0,1,0,0,0,0,4.07914337402601,-1,-999,0,0,0,0,0,0,0,1
18,56,0,0,0,1,0,0,0,2,4.205997844705838,-1,-999,0,0,0,0,0,0,0,0
15,1,0,1,0,1,0,0,0,0,3.792481250360578,-1,-999,0,0,0,0,0,0,0,0
17,0,0,1,0,1,0,0,0,0,3.7532696895151085,-1,-999,0,11,0,19,0,0,0,0
12,16,0,0,0,1,0,0,0,0,4.207435516759526,-1,-999,0,0,0,1,1,0,0,0
19,20,0,0,0,0,0,0,0,0,4.099997967896925,-1,-999,0,0,0,0,0,0,0,1
15,1,0,1,0,1,0,0,0,0,3.7720552088742005,-1,-999,0,0,0,2,1,0,0,0
7,35,0,0,0,0,0,0,0,4,4.36737483434452,-1,-999,0,0,0,0,0,0,0,0
19,73,0,1,0,1,0,0,0,6,4.508305506427937,-1,-999,0,0,0,1,1,0,0,0
17,1,0,0,0,1,0,0,0,0,3.5132696895151088,-1,-999,0,0,0,0,0,0,0,0
15,12,0,0,0,1,0,0,0,0,3.998652546878167,-1,-999,0,0,0,18,0,0,0,0
20,9,0,0,0,1,0,0,0,0,3.9511943630832227,-1,-999,0,0,0,1,1,0,0,1
7,49,0,1,0,0,0,0,0,3,4.537054929274849,-1,-999,0,0,0,1,0,0,1,1
12,15,0,0,0,1,0,0,0,0,3.947613208833767,-1,-999,0,0,0,16,0,0,0,0
14,42,0,1,0,1,0,0,0,0,4.140069336880353,-1,-999,0,1,1,5,0,0,0,0
14,9,0,0,0,1,0,0,0,1,3.555913095175825,-1,-999,0,0,0,0,0,0,0,1
16,34,0,0,0,1,0,0,0,0,3.9895961127465323,-1,-999,0,0,0,0,0,0,0,0
21,1,0,0,0,1,0,0,0,0,3.83127625337525,-1,-999,0,2,0,49,0,0,0,0
20,19,0,0,0,1,0,0,0,0,4.127065630893371,-1,-999,0,0,5,21,0,0,0,0
15,26,0,0,0,1,0,0,0,0,4.087581188618506,-1,-999,0,26,0,110,0,1,1,0
15,34,0,0,0,0,0,0,0,0,4.053090083530328,-1,-999,0,0,0,0,0,0,0,1
22,49,0,0,0,2,0,0,1,15,4.727414482033123,-1,-999,0,4,1,8,0,0,0,0
28,59,0,0,0,2,1,0,1,22,4.732520836813968,-1,-999,0,0,0,0,0,0,0,1
18,1,0,0,0,1,0,0,0,0,3.6612262562697895,-1,-999,0,0,0,0,0,0,0,0
50,66,0,0,0,3,2,0,1,21,4.727371815809246,-1,-999,0,0,0,0,0,0,0,1
18,49,0,0,0,1,0,0,0,9,4.285647704348301,-1,-999,0,0,0,2,0,0,0,0
10,13,0,0,0,0,0,0,0,0,3.9898980954642878,-1,-999,0,0,1,5,0,0,0,0
10,66,0,0,0,1,0,0,0,8,4.518760818343132,-1,-999,0,0,0,5,0,0,0,0
11,13,0,1,0,0,0,0,0,0,4.1136085007312415,-1,-999,0,0,0,16,0,0,0,1
9,56,0,0,0,0,0,0,0,21,4.401419239118308,-1,-999,0,0,0,1,0,0,0,1
34,89,0,0,0,1,0,0,0,0,4.295311529051742,-1,-999,0,4,0,6,0,0,0,0
13,11,0,1,0,1,0,0,0,1,3.902518266288633,-1,-999,0,0,0,1,1,0,0,0
23,15,0,0,0,1,0,0,2,0,4.119087818311512,-1,-999,0,0,0,0,0,0,0,1
22,1,0,0,0,1,0,0,1,0,3.8565647621309544,-1,-999,0,0,0,0,0,0,0,1
16,22,0,0,0,0,1,0,0,0,4.6318326080427985,-1,-999,0,0,0,0,0,0,0,1
20,18,0,0,0,1,0,0,0,5,4.61542201016968,-1,-999,0,0,0,1,1,0,0,1
26,5,0,0,0,1,0,0,0,0,4.023471592049354,-1,-999,0,0,0,0,0,0,0,1
16,1,0,1,0,1,0,0,0,0,3.7230741894285697,-1,-999,0,13,1,32,0,0,0,0
16,27,0,1,0,0,0,0,0,0,4.050286989947955,-1,-999,0,0,0,3,0,0,0,1
20,7,0,0,0,1,0,0,0,1,4.13850217929474,-1,-999,0,0,0,0,0,0,0,1
14,1,0,0,0,1,0,0,1,1,3.7887549139935035,-1,-999,0,0,0,0,0,0,0,1
16,21,0,1,0,1,0,0,0,0,4.330416151741,-1,-999,0,0,0,1,0,0,0,0
20,23,0,1,0,1,0,0,0,0,4.189116704878465,-1,-999,0,15,0,25,0,0,0,1
21,6,0,0,0,2,1,0,0,6,4.175123135113461,-1,-999,0,0,0,0,0,0,0,1
22,38,0,0,0,1,0,0,0,0,4.127468721065652,-1,-999,0,0,0,0,0,0,0,0
20,24,0,1,0,1,1,1,0,0,4.304221277100173,-1,-999,0,0,0,0,0,0,0,1
13,33,0,0,0,1,0,0,0,26,4.53387870899444,-1,-999,0,0,0,2,0,0,0,1
23,2,1,0,0,1,0,0,0,0,3.952819531114783,-1,-999,0,6,1,23,0,0,0,0
20,21,0,0,0,1,0,0,0,0,4.256328385912462,-1,-999,0,0,0,30,0,0,1,0
24,4,0,1,0,1,0,0,0,0,3.718846363733215,-1,-999,0,0,0,0,0,0,0,1
21,31,0,0,0,0,0,0,0,0,4.32518007627827,-1,-999,0,0,0,0,1,0,0,1
23,10,0,1,0,1,0,0,0,1,4.277926089825635,-1,-999,0,0,2,50,0,0,1,1
11,41,0,1,0,1,0,0,0,0,4.29319118326894,-1,-999,0,0,0,14,0,0,0,0
25,9,0,0,0,0,0,0,0,0,4.122693700152458,-1,-999,0,0,0,0,0,0,0,1
32,40,0,1,0,1,0,0,0,0,4.311079890369304,-1,-999,0,8,0,8,0,0,0,0
40,26,0,0,0,3,1,1,2,0,4.35606450596265,-1,-999,0,0,0,0,0,0,0,1
20,1,0,1,0,1,0,0,0,0,3.8573068568981284,-1,-999,0,0,0,8,0,0,0,1
13,6,0,0,1,0,0,0,0,10,3.8150724101159432,-1,-999,0,0,0,0,0,0,0,1
13,81,0,1,0,0,0,0,0,6,4.474513550006514,-1,-999,0,0,0,1,1,0,0,0
15,1,0,1,0,1,0,0,0,3,3.7406015629507228,-1,-999,0,0,0,0,0,0,0,0
50,69,0,0,0,3,2,0,1,23,4.723249951872375,-1,-999,0,0,0,0,0,0,0,1
17,39,0,1,0,0,0,0,1,0,4.217595799344165,-1,-999,0,0,0,0,0,0,0,1
23,1,0,0,0,1,0,0,0,0,3.8245334068819115,-1,-999,0,0,0,0,0,0,0,0
11,40,0,1,0,0,0,0,0,2,4.3725823047889465,-1,-999,0,0,0,29,0,0,0,1
20,44,0,1,0,1,1,0,0,1,4.3007926766483555,-1,-999,0,0,0,0,0,0,0,0
21,15,0,0,0,1,1,0,0,0,4.08267318468309,-1,-999,0,0,0,16,0,0,0,1
16,28,0,1,0,1,0,0,0,0,4.349196208400892,-1,-999,0,4,0,5,0,0,0,0
36,1,0,0,0,3,1,0,0,0,3.6154446206880415,-1,-999,0,3,0,1,0,0,0,1
29,0,0,0,0,1,0,0,0,1,4.104243668758971,-1,-999,0,0,0,1,0,0,0,1
16,15,0,0,0,1,0,0,0,3,4.188331131693838,-1,-999,0,0,0,0,0,0,0,1
24,504,0,0,0,1,0,0,0,92,5.923982459282061,-1,-999,0,0,0,0,0,0,0,1
18,32,0,0,0,1,0,0,0,0,4.318788917256002,-1,-999,0,0,0,1,1,0,0,0
22,1,0,0,0,1,0,0,0,0,3.9898980954642878,-1,-999,0,0,0,6,0,0,0,0
24,13,0,1,0,1,0,0,0,0,3.991635874011299,-1,-999,0,0,0,0,0,0,0,1
12,384,0,0,0,0,1,0,0,164,3.8139251990301393,-1,-999,0,0,0,0,0,0,0,1
17,1,0,1,0,1,0,0,0,0,3.873140679513133,-1,-999,0,7,0,60,0,0,0,0
11,0,0,0,0,0,0,0,0,0,3.725480556997868,-1,-999,0,17,1,52,0,0,0,0
10,32,0,0,0,0,1,0,0,0,4.070857997344911,-1,-999,0,0,0,0,0,0,0,1
13,39,0,0,0,1,0,0,0,4,4.170885109367079,-1,-999,0,0,0,78,0,0,1,0
23,20,0,0,0,1,0,0,0,0,4.343514802543705,-1,-999,0,54,0,17,0,0,0,0
15,14,0,0,0,1,0,0,0,0,3.9675857649105266,-1,-999,0,6,0,47,0,0,0,0
21,25,0,0,0,1,0,0,0,4,4.291336200083622,-1,-999,0,0,0,0,0,0,0,1
18,33,0,0,0,1,0,0,0,0,4.366541452644505,-1,-999,0,0,0,0,0,0,0,0
18,21,0,0,0,1,0,0,0,0,3.8302942297106926,-1,-999,0,1,0,5,0,0,0,0
12,17,0,0,0,1,0,0,0,7,3.98578082135646,-1,-999,0,0,0,0,0,0,0,0
14,41,0,0,0,0,0,0,1,0,4.2844255453009,-1,-999,0,0,0,0,0,0,0,1
16,1,0,1,0,1,0,0,0,0,3.8634651896016474,-1,-999,0,0,0,0,0,0,0,0
12,100,0,0,0,1,0,0,0,0,4.372260966519965,-1,-999,0,0,0,0,0,0,0,0
30,93,0,1,0,1,0,0,0,24,4.916681715998717,-1,-999,0,0,0,0,0,0,0,1
21,52,0,0,0,2,0,0,0,10,4.512009108461029,-1,-999,0,5,0,12,0,0,1,0
20,17,0,0,0,1,0,0,0,0,4.100921675209631,-1,-999,0,0,0,28,0,0,0,0
21,25,0,0,0,1,0,0,0,3,4.352564737778651,-1,-999,0,0,0,0,0,0,0,1
16,1,0,1,0,1,0,0,0,0,3.7230741894285697,-1,-999,0,0,0,1,1,0,0,0
8,27,0,0,0,0,0,0,0,0,4.250075316801687,-1,-999,0,0,0,1,0,0,0,1
22,13,0,0,0,1,0,0,0,0,4.20483401847097,-1,-999,0,6,0,37,0,0,0,1
16,11,0,1,0,1,0,0,0,0,3.986425874087824,-1,-999,0,0,1,82,0,0,1,0
14,16,0,1,0,1,0,0,0,0,3.7904517769895287,-1,-999,0,2,1,7,0,0,1,0
23,47,0,0,0,0,0,0,0,22,4.664731392171639,-1,-999,0,0,0,0,0,0,0,1
20,32,0,1,0,1,0,0,0,1,4.399588314345547,-1,-999,0,13,0,43,0,0,0,1
50,69,0,1,0,3,2,0,1,14,4.698744604535832,-1,-999,0,0,0,0,0,0,0,1
8,11,0,1,0,0,0,0,0,3,4.134336113194451,-1,-999,1,26,2,89,0,0,0,1
28,25,0,1,0,0,1,0,0,0,4.257815987199213,-1,-999,0,0,0,0,0,0,0,1
28,18,0,0,0,1,0,0,1,0,4.169366512409845,-1,-999,0,4,0,9,0,0,0,0
17,11,0,1,0,1,0,0,0,0,4.0724312513221195,-1,-999,0,0,0,87,0,0,0,0
18,1,0,1,0,1,0,0,0,0,3.8561962982193796,-1,-999,0,0,0,26,0,0,0,0
16,32,0,1,0,1,0,0,0,1,4.376859865749111,-1,-999,0,0,0,23,1,1,0,1
9,39,0,0,0,0,0,0,0,0,4.270097613910774,-1,-999,0,0,0,0,0,0,0,1
16,18,0,0,0,0,0,0,1,0,4.171474187957336,-1,-999,0,0,0,0,0,0,0,1
50,68,0,1,0,3,2,0,1,10,4.66000835805594,-1,-999,0,0,0,0,0,0,0,1
12,29,0,0,0,0,0,0,0,0,3.860568752113511,-1,-999,0,0,0,0,0,0,0,1
23,53,0,0,0,1,0,0,1,8,4.537875913380875,-1,-999,0,0,0,0,0,0,0,1
50,77,0,0,0,3,2,0,1,20,4.812047648746039,-1,-999,0,0,0,0,0,0,0,1
55,1,0,0,0,6,1,0,0,4,4.207439353875035,-1,-999,0,0,0,0,0,0,0,1
15,1,0,0,0,1,0,0,0,0,3.8492239123906247,-1,-999,0,2,0,3,0,0,0,1
14,49,0,1,0,1,0,0,0,4,4.642768793411737,-1,-999,0,2,0,15,0,0,0,0
14,29,0,0,1,0,0,0,0,11,4.5034651896016475,-1,-999,0,0,0,0,0,0,0,1
15,76,0,1,0,1,0,0,0,9,5.208303055115954,-1,-999,0,0,0,0,0,0,0,1
26,25,0,0,0,1,0,0,0,0,4.223601899964275,-1,-999,0,0,0,0,0,0,0,0
11,44,0,1,0,1,0,0,0,8,4.626964015923012,-1,-999,0,0,0,13,0,0,0,1
25,1,0,1,0,1,0,0,0,3,4.5567521843254175,-1,-999,0,0,3,21,0,0,0,0
21,16,0,0,0,1,0,0,0,0,4.072623663895164,-1,-999,0,4,0,52,0,0,0,0
20,9,0,0,0,0,0,0,0,0,3.98578082135646,-1,-999,0,0,0,0,0,0,0,1
28,1,0,1,0,1,0,0,0,2,4.154870932962629,-1,-999,0,2,0,4,1,0,0,1
17,8,0,0,0,1,0,0,0,0,3.9917292966721747,-1,-999,0,2,0,6,0,0,0,1
14,24,0,0,0,1,0,0,0,5,4.159093797417739,-1,-999,0,0,0,0,0,0,0,0
27,48,0,1,0,1,0,0,0,0,4.296298246696022,-1,-999,0,0,0,1,0,0,0,0
18,20,0,0,0,1,0,0,0,0,4.233426641149882,-1,-999,0,1,1,26,0,0,0,0
12,35,0,1,0,1,0,0,0,0,4.279010795650284,-1,-999,1,10,1,20,0,0,0,0
20,1,0,0,0,1,0,0,0,0,3.408738512817241,-1,-999,1,15,0,19,0,0,0,0
16,17,0,1,0,1,0,0,0,0,4.345118467927183,-1,-999,0,4,0,5,0,0,0,0
19,80,0,1,0,1,0,0,0,0,4.3448977444080965,-1,-999,0,0,0,1,0,0,0,0
36,94,0,1,0,1,0,0,1,12,5.253512497603674,-1,-999,0,5,0,34,0,0,0,1
16,1,0,0,0,1,0,0,0,0,3.688721875540867,-1,-999,0,3,0,45,0,0,0,0
13,237,0,0,0,0,0,0,0,37,5.732768730130139,-1,-999,0,0,0,0,0,0,0,1
46,69,0,1,0,4,2,0,0,31,4.775139736101136,-1,-999,0,0,0,0,0,0,0,1
22,1,0,0,0,1,1,0,1,0,4.148394345536404,-1,-999,0,0,0,0,0,0,0,1
17,17,0,1,0,1,0,0,0,0,4.08232813685843,-1,-999,0,4,0,4,0,0,0,0
6,15,0,1,0,0,0,0,0,0,4.185230132909402,-1,-999,0,0,3,82,0,0,0,0
20,40,0,0,0,1,0,0,0,11,4.617797213746469,-1,-999,0,0,2,17,0,0,1,0
21,1,0,1,0,1,0,0,0,0,3.923231428797621,-1,-999,0,12,1,26,0,0,0,0
18,30,0,1,0,1,0,0,0,0,4.126301966925147,-1,-999,0,2,5,19,0,0,0,0
50,69,0,0,0,3,2,0,1,20,4.798608538148982,-1,-999,0,0,0,0,0,0,0,1
16,11,0,0,0,0,0,0,0,1,3.822181958642873,-1,-999,0,15,0,30,0,0,0,1
16,6,0,1,0,0,0,0,0,2,4.2817276788697365,-1,-999,0,0,0,1,0,0,0,1
23,22,0,1,0,1,0,0,1,0,4.18549392698104,-1,-999,0,6,2,22,0,0,0,0
9,15,0,1,0,0,0,0,0,9,4.3125,-1,-999,0,5,0,10,0,0,0,0
23,1,0,1,0,1,0,0,0,0,4.116729296672175,-1,-999,0,3,0,13,0,0,0,0
17,17,0,0,0,1,0,0,0,0,4.257078456355553,-1,-999,0,1,1,19,0,0,0,0
20,27,0,0,0,2,0,0,0,0,4.004822808385359,-1,-999,0,0,0,0,0,0,0,0
22,23,0,1,0,1,0,0,0,0,4.467656539101478,-1,-999,0,11,1,16,0,0,0,0
27,34,0,1,0,1,1,0,0,26,4.677101906480948,-1,-999,0,0,0,0,0,0,0,1
23,47,0,0,0,0,0,0,0,20,4.688865035677142,-1,-999,0,0,0,0,0,0,0,1
18,1,0,1,0,1,0,0,0,0,3.828237501842955,-1,-999,0,0,0,1,1,0,0,0
22,31,0,0,0,1,0,0,2,0,4.131832371208221,-1,-999,0,15,0,28,0,0,0,0
26,36,0,0,0,1,0,0,0,3,4.617309196059603,-1,-999,0,4,0,10,0,0,0,0
30,43,0,1,0,2,0,0,0,6,4.472264899215676,-1,-999,0,0,0,1,0,0,0,0
23,29,0,0,0,2,0,0,0,0,4.189586855939287,-1,-999,0,2,0,8,0,0,0,0
14,21,0,1,0,1,0,0,0,5,4.6806892889443334,-1,-999,0,0,0,0,0,0,0,1
28,66,0,0,0,1,1,0,0,12,4.7366451457754035,-1,-999,0,0,0,0,0,0,0,1
31,18,0,0,0,1,0,0,1,0,4.251365137954617,-1,-999,0,0,0,0,0,0,0,0
14,1,0,0,0,1,0,0,1,0,3.6635327548042547,-1,-999,0,0,0,0,0,0,0,1
50,69,0,1,0,3,2,0,1,26,4.832909942690316,-1,-999,0,0,0,0,0,0,0,1
16,173,0,0,0,0,1,0,0,72,4.716078024632481,-1,-999,0,0,0,0,0,0,0,1
17,23,0,0,0,0,0,0,1,1,4.418757405182868,-1,-999,0,0,0,0,0,0,0,1
17,27,0,0,0,0,1,0,0,0,4.039908068124802,-1,-999,0,0,0,0,0,0,0,1
27,47,0,0,0,1,0,0,0,21,4.782897732039505,-1,-999,0,0,0,0,0,0,0,1
14,9,0,1,0,0,0,0,0,0,3.372920503656105,-1,-999,0,1,0,2,0,0,0,0
17,1,0,0,0,1,0,0,0,0,3.7532696895151085,-1,-999,0,8,0,11,0,0,0,0
16,16,0,0,0,0,0,0,0,0,3.9416490917707945,-1,-999,0,0,0,0,0,0,0,0
18,42,0,1,0,1,0,0,0,0,4.355630217825958,-1,-999,0,6,0,22,0,0,0,1
17,62,0,1,0,1,0,0,0,0,4.020746476764993,-1,-999,0,1,0,18,0,0,0,0
13,27,1,0,0,1,0,0,0,0,3.7983050762737154,-1,-999,0,0,0,0,0,0,0,1
31,11,0,0,0,1,0,0,0,0,4.115037528699616,-1,-999,0,0,0,0,0,0,0,1
16,44,0,1,0,0,0,1,0,3,4.6548467390419646,-1,-999,0,0,0,0,0,0,0,1
16,25,0,0,0,1,0,0,0,0,4.085500657991217,-1,-999,0,0,0,1,1,0,0,0
20,20,0,0,0,1,0,0,0,0,4.307159266931027,-1,-999,0,0,0,1,1,0,0,0
16,48,0,0,0,1,1,0,0,0,4.4525148171945705,-1,-999,0,31,0,34,0,0,0,0
18,1,0,1,0,1,0,0,0,0,3.912113890972229,-1,-999,0,1,1,19,0,0,0,0
11,137,0,0,0,0,1,0,0,22,5.5491946342167395,-1,-999,0,0,0,1,0,0,0,1
15,1,0,0,0,1,0,0,0,0,3.5555331514269954,-1,-999,0,3,0,36,0,0,0,0
15,14,0,0,0,1,0,0,0,0,3.795371016571089,-1,-999,0,0,0,1,0,0,0,0
22,23,0,0,0,0,0,0,0,3,4.043921151075369,-1,-999,0,0,0,0,0,0,0,1
14,1,0,1,0,1,0,0,0,0,3.642489673166126,-1,-999,0,0,0,1,1,0,0,0
13,96,0,0,0,1,1,0,0,2,4.465765568524609,-1,-999,0,0,0,0,0,0,0,1
10,8,0,1,0,0,0,0,0,1,4.1808329872054415,-1,-999,0,0,0,0,0,0,0,1
16,10,0,0,0,0,0,0,0,0,3.7754758472091443,-1,-999,0,0,0,0,0,0,0,1
17,88,0,1,0,1,2,0,0,5,4.762433655726084,-1,-999,0,0,0,14,0,0,0,1
17,7,0,1,0,1,0,0,0,3,4.440183265539153,-1,-999,0,0,0,17,0,0,0,0
17,22,0,0,0,1,0,0,0,1,4.379449119468085,-1,-999,0,1,0,7,0,0,0,1
28,29,0,0,0,1,0,0,0,7,4.5367384298164914,-1,-999,0,0,0,0,0,0,0,1
19,70,0,0,0,1,0,0,0,6,4.614423084425153,-1,-999,0,12,2,6,0,0,0,0
17,28,0,1,0,0,1,0,0,2,4.340641446349418,-1,-999,0,0,0,0,0,0,0,1
18,47,0,1,0,1,0,0,0,8,4.548418533085478,-1,-999,0,0,0,0,0,0,0,0
68,171,0,0,0,5,1,0,0,50,5.2573657933869455,-1,-999,0,0,0,0,0,0,0,1
7,5,0,1,0,0,0,0,0,1,3.8841837197791893,-1,-999,0,0,0,0,0,0,0,1
13,30,0,0,0,1,0,0,0,1,3.974693951646702,-1,-999,0,0,0,0,0,0,0,1
25,4,0,1,0,1,0,0,0,8,4.303783770917411,-1,-999,0,0,0,0,0,0,0,1
18,1,0,1,0,1,0,0,1,0,3.8561962982193796,-1,-999,0,0,0,1,1,0,0,0
15,0,0,0,0,0,0,0,0,0,3.6635327548042547,-1,-999,1,4,0,13,0,0,0,0
24,0,0,1,0,1,0,0,0,0,3.6914280318460246,-1,-999,0,0,0,0,0,0,0,1
16,18,0,0,0,1,0,0,0,7,4.375487065435391,-1,-999,0,0,0,10,0,0,0,0
12,26,0,0,0,0,0,0,0,1,4.266977196801592,-1,-999,0,0,0,0,0,0,0,1
14,23,0,0,1,0,0,0,0,11,4.2089873002588005,-1,-999,0,0,0,0,0,0,0,1
27,27,0,0,0,1,2,0,0,1,4.657363600807714,-1,-999,1,6,0,14,0,0,0,0
27,50,0,1,0,1,0,0,0,0,4.432166821737537,-1,-999,0,10,0,33,0,0,0,0
17,55,0,0,0,1,0,0,0,0,4.416025255175729,-1,-999,0,0,0,0,0,0,0,1
27,1,0,0,0,1,1,0,0,0,4.036006945330955,-1,-999,0,0,1,19,0,0,0,0
18,0,0,0,0,1,0,0,0,0,3.923856189774725,-1,-999,0,20,1,31,0,0,0,0
15,100,0,1,0,1,0,0,0,24,5.425318085518797,-1,-999,0,0,0,0,0,0,0,1
18,17,0,1,0,0,0,0,0,2,4.219885615610767,-1,-999,0,2,0,32,0,0,0,1
14,24,0,0,0,1,0,0,0,0,4.311421641246036,-1,-999,0,3,4,5,0,0,0,0
15,29,0,0,0,1,0,0,0,0,4.076659106966512,-1,-999,0,1,2,28,0,0,0,0
23,199,0,0,0,0,1,0,0,92,4.83400540078127,-1,-999,0,0,0,0,0,0,0,1
18,1,0,0,0,1,0,0,0,0,3.95006375643621,-1,-999,0,0,0,38,0,0,0,0
13,11,0,0,0,0,0,0,0,0,3.8054982305663327,-1,-999,0,0,0,0,0,0,0,1
14,50,0,0,0,1,0,0,0,0,4.1530623534080915,-1,-999,0,0,0,30,0,0,0,0
20,16,0,0,0,1,0,0,0,0,4.109306836490687,-1,-999,0,0,0,3,0,0,0,0
22,1,0,1,0,1,0,0,0,1,4.066784213473103,-1,-999,0,0,0,21,0,0,0,0
12,1,0,1,0,1,0,0,0,0,3.558518613048906,-1,-999,0,19,2,31,0,0,0,0
6,13,0,1,0,0,0,0,0,0,3.912113890972229,-1,-999,0,0,0,1,0,0,0,0
14,61,0,0,0,0,1,0,0,9,4.40801859119968,-1,-999,0,4,1,36,0,0,0,0
50,68,0,0,0,3,2,0,1,19,4.763110705305143,-1,-999,0,0,0,0,0,0,0,1
18,11,0,0,0,1,0,0,0,0,4.0724312513221195,-1,-999,0,1,1,26,0,0,0,0
19,81,0,0,0,1,0,0,0,21,4.650666058760112,-1,-999,0,0,0,0,0,0,0,1
21,84,0,0,0,1,0,1,0,0,4.521283892516568,-1,-999,0,0,0,0,0,0,0,1
16,21,0,1,0,2,0,0,0,0,4.258302540677966,-1,-999,0,0,0,0,0,0,0,0
13,1,0,1,0,1,0,0,0,0,3.6635327548042547,-1,-999,0,0,0,0,0,0,0,0
20,16,0,0,0,1,0,0,0,0,4.068950150595115,-1,-999,0,0,1,3,0,0,0,1
17,6,0,0,0,0,0,0,1,0,4.056564762130955,-1,-999,0,0,0,0,0,0,0,1
17,204,0,0,0,1,1,1,0,49,5.052636773878682,-1,-999,0,0,0,17,0,0,0,1
14,1,0,1,0,1,0,0,0,0,3.4144413036949723,-1,-999,0,0,0,4,0,0,0,0
18,47,0,1,0,1,0,0,0,0,4.256243184348911,-1,-999,0,3,1,7,0,0,0,0
16,41,0,0,0,1,1,0,0,0,4.26662973485082,-1,-999,0,0,0,0,0,0,0,1
22,47,0,0,0,1,0,0,0,7,4.403819171920396,-1,-999,0,0,0,0,0,0,0,1
20,12,0,1,0,1,0,0,0,1,4.3086949695628425,-1,-999,0,0,0,0,0,0,0,1
22,19,0,1,0,1,0,0,0,0,4.099631661308525,-1,-999,0,0,0,34,0,0,0,0
17,18,0,1,0,0,0,0,0,0,3.7837254411418493,-1,-999,0,0,0,0,0,0,0,1
36,0,0,0,0,3,0,0,0,0,4.175696440497044,-1,-999,0,0,0,0,0,0,0,1
22,1,0,1,0,1,0,0,1,0,3.8890495359141695,-1,-999,0,0,0,9,0,0,0,0
15,1,0,1,0,1,0,0,0,0,3.855388542207534,-1,-999,0,0,1,47,0,0,0,0
11,20,0,0,0,0,0,0,0,1,4.1787382902043575,-1,-999,0,0,0,0,0,0,0,1
17,1,0,1,0,1,0,0,0,0,3.690260390968384,-1,-999,0,1,0,23,0,0,0,0
16,3,0,0,0,0,0,0,0,0,3.997952698660692,-1,-999,0,0,0,0,0,0,0,1
16,1,0,1,0,1,0,0,0,0,3.7034651896016473,-1,-999,0,1,1,61,0,0,0,0
20,16,0,1,0,1,0,0,0,0,4.2089873002588005,-1,-999,0,0,0,23,0,0,0,1
16,1,0,0,0,1,0,0,0,0,3.7406015629507228,-1,-999,0,2,3,76,0,0,0,0
16,21,0,0,0,1,0,0,0,3,4.445131834930691,-1,-999,0,0,0,0,0,0,0,0
23,0,0,0,0,2,1,0,0,0,3.964735178725505,-1,-999,0,0,0,0,0,0,0,1
18,14,0,0,0,0,0,0,0,0,4.282340283509332,-1,-999,0,0,0,1,0,0,0,1
27,0,0,0,0,3,0,0,0,8,4.1829073264808265,-1,-999,0,0,0,0,0,0,0,1
15,22,0,0,0,1,0,0,0,0,4.016614721924479,-1,-999,1,14,0,21,0,0,0,0
28,0,0,1,0,1,0,0,1,0,4.083274571476653,-1,-999,0,0,0,0,0,0,0,1
14,14,0,1,0,1,0,0,0,0,4.0067499186387785,-1,-999,0,0,0,0,0,0,0,1
28,69,0,0,0,2,1,0,1,21,4.8689253254883855,-1,-999,0,0,0,0,0,0,0,1
21,0,0,1,0,1,0,0,0,0,3.9523029776623857,-1,-999,0,0,0,37,0,0,0,0
13,16,0,0,0,0,0,0,0,0,4.134468568039292,-1,-999,0,0,0,1,0,0,0,1
15,28,0,0,0,1,0,0,0,0,4.119079570624175,-1,-999,1,9,1,20,0,0,0,0
21,1,0,1,0,1,0,0,0,0,3.964735178725505,-1,-999,0,0,0,0,0,0,0,0
17,17,0,1,0,1,0,0,0,0,3.9837160070947086,-1,-999,0,4,0,4,0,0,0,0
31,41,0,0,0,1,0,0,0,2,4.716640520515658,-1,-999,0,0,0,0,0,0,0,0
14,139,0,0,1,0,1,0,0,47,5.155182032445522,-1,-999,0,0,0,0,0,0,0,1
46,68,0,1,0,4,2,0,0,13,4.607606804029125,-1,-999,0,0,0,0,0,0,0,1
21,28,0,0,0,1,0,0,0,0,4.02434650362967,-1,-999,0,1,3,26,0,0,0,0
28,27,0,0,0,1,0,0,0,0,4.333172222257554,-1,-999,0,0,0,0,0,0,0,1
19,8,0,0,0,1,0,0,0,0,4.101881223476018,-1,-999,0,0,0,0,0,0,0,0
19,75,0,0,0,1,0,1,0,0,4.600697524548444,-1,-999,0,0,0,0,0,0,0,1
41,21,0,1,0,3,1,0,2,3,4.402596996364707,-1,-999,0,0,0,0,0,0,0,1
31,82,0,0,0,1,3,0,0,5,4.901088872638137,-1,-999,0,0,0,0,0,0,0,1
17,13,0,1,0,1,0,0,0,1,4.260828171224456,-1,-999,0,0,1,13,0,0,0,0
16,107,0,1,0,1,0,0,0,5,5.281073385627023,-1,-999,0,0,0,13,0,0,0,1
21,1,0,1,0,1,0,0,1,0,3.869576746316394,-1,-999,0,3,1,12,0,0,0,0
50,67,0,1,0,3,2,0,1,14,4.720080896957905,-1,-999,0,0,0,0,0,0,0,1
13,18,0,1,0,1,0,0,0,0,4.182336834024969,-1,-999,0,0,0,12,0,0,1,0
13,40,0,0,0,0,0,0,0,0,4.323231428797621,-1,-999,0,0,0,3,0,0,0,1
21,1,0,1,0,1,0,0,0,0,3.7647351787255054,-1,-999,0,2,1,27,0,1,0,0
17,0,0,0,0,0,1,0,1,0,4.16829583405449,-1,-999,0,0,0,2,0,0,0,0
24,21,0,0,0,0,0,0,0,0,4.188339901158579,-1,-999,0,12,0,37,0,0,0,0
13,1,0,1,0,1,0,0,0,0,3.6635327548042547,-1,-999,0,2,2,132,0,0,0,0
22,13,0,1,0,1,0,0,0,0,4.154845348584491,-1,-999,0,9,0,17,0,0,0,0
12,1,0,1,0,0,0,0,1,0,3.748994803525097,-1,-999,0,0,0,0,0,0,0,1
12,24,0,0,0,1,0,0,0,11,4.065117661376963,-1,-999,0,8,1,22,0,0,1,0
21,1,0,1,0,1,0,0,0,0,3.9898980954642878,-1,-999,0,4,0,14,0,0,0,0
30,48,0,0,0,1,0,0,0,0,4.319028990799448,-1,-999,0,1,1,44,0,0,0,0
17,14,0,0,0,1,0,0,0,0,3.777551119208659,-1,-999,0,1,0,5,0,0,0,0
14,29,0,0,0,1,0,0,0,10,4.496174630069642,-1,-999,0,0,0,0,0,0,0,1
22,1,0,1,0,1,0,0,0,0,4.002268084440845,-1,-999,0,2,1,32,0,0,0,0
22,24,0,0,0,1,1,0,1,1,4.368692152349845,-1,-999,0,0,0,0,0,0,0,1
26,21,0,0,0,3,0,0,0,4,4.217488427929138,-1,-999,0,0,0,0,0,0,0,1
6,114,0,1,0,0,0,0,0,16,5.004195306137007,-1,-999,0,0,0,7,0,0,0,1
17,38,0,0,0,1,0,0,0,0,4.391392229909761,-1,-999,0,0,0,1,0,0,0,1
15,50,0,0,0,1,0,0,0,0,4.426549397655204,-1,-999,0,4,0,25,0,0,0,0
15,45,0,1,0,1,0,0,0,19,4.454586923020084,-1,-999,0,0,0,1,0,0,0,0
14,53,0,0,0,0,0,0,0,13,4.686835483939287,-1,-999,0,0,0,1,0,0,0,1
22,29,0,0,0,1,0,0,0,0,4.50402711559342,-1,-999,0,1,0,5,0,0,0,0
33,0,0,0,0,1,0,0,4,1,4.146439344671016,-1,-999,0,0,0,0,0,0,0,0
26,11,0,0,0,1,0,0,0,0,4.297626721392667,-1,-999,0,4,0,10,0,0,0,0
33,1,0,0,0,1,2,0,3,0,4.106717553029199,-1,-999,0,0,0,0,0,0,0,1
16,27,0,1,0,1,0,0,0,11,4.510549276200185,-1,-999,0,1,0,9,0,0,0,0
22,17,0,0,0,1,0,0,0,0,4.050204618865331,-1,-999,0,0,0,0,0,0,0,1
23,1,0,0,0,1,0,0,1,2,3.977916874693636,-1,-999,0,0,0,1,0,0,0,1
17,39,0,0,0,1,0,0,0,5,4.514756661794875,-1,-999,0,2,0,13,0,0,0,0
42,68,0,0,0,3,2,0,0,24,4.653771677761314,-1,-999,0,0,0,0,0,0,0,1
16,34,0,0,0,1,0,0,0,10,4.391855531929345,-1,-999,0,4,4,24,0,0,0,0
13,12,0,0,1,0,0,0,0,10,3.9917292966721747,-1,-999,0,0,0,0,0,0,0,1
26,41,0,0,0,1,0,0,0,0,4.225099448174149,-1,-999,0,0,0,1,1,0,0,0
14,19,0,0,0,2,0,0,0,0,4.215311532225103,-1,-999,0,3,0,27,0,0,0,0
14,1,0,0,0,1,0,0,0,0,3.6635327548042547,-1,-999,1,3,0,23,0,0,0,0
16,23,0,1,0,1,1,0,0,0,3.98334477865712,-1,-999,0,0,0,23,1,1,0,1
22,1,0,0,0,1,0,0,1,0,3.9362434129830604,-1,-999,0,2,0,18,0,0,0,0
10,120,0,0,0,0,0,1,0,47,4.803986960366452,-1,-999,0,7,0,18,0,0,0,1
50,68,0,0,0,3,2,0,1,28,4.794020598992229,-1,-999,0,0,0,0,0,0,0,1
17,20,0,1,0,1,0,0,0,0,4.057868096041212,-1,-999,0,2,0,29,0,0,0,0
17,17,0,1,0,1,0,0,0,0,4.0853209230268295,-1,-999,0,0,1,37,0,0,0,0
58,27,0,0,0,1,0,0,6,7,4.564475848277716,-1,-999,0,0,0,0,0,0,0,1
16,1,0,1,0,1,0,0,0,0,3.623465189601647,-1,-999,0,0,0,9,0,0,0,0
40,24,0,1,0,3,1,0,2,6,4.499039410834005,-1,-999,0,0,0,0,0,0,0,1
19,19,0,0,0,1,0,0,0,0,3.763176430955878,-1,-999,0,0,0,0,0,0,0,0
15,98,0,0,0,0,1,0,0,18,4.701170698621132,-1,-999,0,0,0,0,0,0,0,1
21,18,0,0,0,1,0,0,0,4,4.230432750505621,-1,-999,0,0,0,0,0,0,0,1
24,1,0,1,0,1,0,0,0,0,4.210764573772789,-1,-999,0,0,0,23,0,0,0,0
18,1,0,1,0,1,0,0,1,0,4.0043444463675275,-1,-999,0,5,0,62,0,0,0,0
16,55,0,0,0,1,0,0,0,1,4.234040766130914,-1,-999,0,0,0,0,0,0,0,0
17,38,0,0,0,1,0,0,0,1,4.284842183187399,-1,-999,0,1,0,50,0,0,0,0
24,21,0,0,0,1,0,0,0,4,4.340265565194928,-1,-999,0,0,0,0,0,0,0,1
12,163,0,0,0,0,1,1,0,0,4.6814899649812585,-1,-999,0,0,0,0,0,0,0,1
29,1,0,1,0,1,0,0,1,3,4.491219947597179,-1,-999,0,0,0,0,0,0,0,1
20,20,0,1,0,1,0,0,0,6,4.084147917027245,-1,-999,0,0,0,1,1,0,0,0
22,66,0,0,0,0,2,0,0,0,4.424553309276573,-1,-999,0,0,0,0,0,0,0,1
